TEXT_REMARKS,ACTION_CATEGORY,,,,,,,,,
Consumer want Some time for meter testing as he is not available for meter testing At the time of visit premises found locked,Back-Office / Administrative Operations,,,,,,,,,
Consumer going to Village Consumer want some time in week,Back-Office / Administrative Operations,,,,,,,,,
as per telephonic talk with consumer consumer not available at site consumer want some time for meter testing,Back-Office / Administrative Operations,,,,,,,,,
No person at side and no response on said phone at the time of testing so meter could not be test,Back-Office / Administrative Operations,,,,,,,,,
No person at side and no response on said phone at the time of testing so meter could not be test,Back-Office / Administrative Operations,,,,,,,,,
Premises found locked no person at side and no response on said phone at the time of testing so meter could not be test,Back-Office / Administrative Operations,,,,,,,,,
No person at side and no response on said phone at the time of testing so meter could not be test,Back-Office / Administrative Operations,,,,,,,,,
No person at side and no response on said phone at the time of testing,Back-Office / Administrative Operations,,,,,,,,,
Premises found locked no person at side at the time of testing no response on said phone,Back-Office / Administrative Operations,,,,,,,,,
No person at site and no response on given phone number,Back-Office / Administrative Operations,,,,,,,,,
No person at side and no response on said phone at the time of testing so meter could not be test,Back-Office / Administrative Operations,,,,,,,,,AA8174932
No person at site and no response on given phone number,Back-Office / Administrative Operations,,,,,,,,,AA8174933
No person at side and no response on said phone at the time of testing so meter could not be test,Back-Office / Administrative Operations,,,,,,,,,AA8174934
No person at side and no response on said phone at the time of testing so meter could not be test,Back-Office / Administrative Operations,,,,,,,,,AA8174935
no person ar site no response on call,Back-Office / Administrative Operations,,,,,,,,,
No person at side and no response on said phone at the time of testing so meter could not be test,Back-Office / Administrative Operations,,,,,,,,,
No person at side and no response on said phone at the time of testing so meter could not be test,Back-Office / Administrative Operations,,,,,,,,,
Premises found locked no person at side and no response on said phone at the time of testing so meter could not be test,Back-Office / Administrative Operations,,,,,,,,,
No person at side and no response on said phone at the time of testing so meter could not be test,Back-Office / Administrative Operations,,,,,,,,,
no person at site no response on phone,Back-Office / Administrative Operations,,,,,,,,,
No person at side and no response on said phone at the time of testing so meter could not be test,Back-Office / Administrative Operations,,,,,,,,,
no person at site and no response on given phone number,Back-Office / Administrative Operations,,,,,,,,,
No person at side and no response on said phone at the time of testing so meter could not be test,Back-Office / Administrative Operations,,,,,,,,,
no responsible person At site and mobile number Available but Consumer not proper Response So Meter Could not be Tested,Back-Office / Administrative Operations,,,,,,,,,
No person at side and no response on said phone at the time of testing so meter could not be test,Back-Office / Administrative Operations,,,,,,,,,
no person at site no response on call,Back-Office / Administrative Operations,,,,,,,,,
No person at site and no response on given phone number,Back-Office / Administrative Operations,,,,,,,,,
No person at site and no response on given phone number,Back-Office / Administrative Operations,,,,,,,,,
Premises found locked no person at side and no response on said phone at the time of testing so meter could not be test,Back-Office / Administrative Operations,,,,,,,,,
No person at side and no response on said phone at the time of testing so meter could not be test,Back-Office / Administrative Operations,,,,,,,,,
No person at side and no response on said phone at the time of testing so meter could not be test,Back-Office / Administrative Operations,,,,,,,,,
No person at site and no response on given phone number,Back-Office / Administrative Operations,,,,,,,,,
no person at site and no response on given phone number,Back-Office / Administrative Operations,,,,,,,,,
no person at site no response on call,Back-Office / Administrative Operations,,,,,,,,,
time visit but no person at site no response on call,Back-Office / Administrative Operations,,,,,,,,,
No person at side and no response on said phone at the time of testing so meter could not be test,Back-Office / Administrative Operations,,,,,,,,,
No response on said phone at the time of testing so meter could not be test,Back-Office / Administrative Operations,,,,,,,,,
Premises found locked no person at side and no response on said phone at the time of testing so meter could not be test,Back-Office / Administrative Operations,,,,,,,,,
premises found locked and N person at side and no response on said phone at the time of testing so meter could not be test,Back-Office / Administrative Operations,,,,,,,,,
time visit but no person at site no response on call,Back-Office / Administrative Operations,,,,,,,,,
No person at site and no response on given phone number,Back-Office / Administrative Operations,,,,,,,,,
time visit but no person at site no response on call,Back-Office / Administrative Operations,,,,,,,,,
Premises found locked No person at side and no response on said phone at the time of testing so meter could not be test,Back-Office / Administrative Operations,,,,,,,,,
No person at site and no response on given phone number,Back-Office / Administrative Operations,,,,,,,,,
time visit but no person at site no response on call,Back-Office / Administrative Operations,,,,,,,,,
Premises found locked no person at side and no response on said phone at the time of testing so meter could not be test,Back-Office / Administrative Operations,,,,,,,,,
Appointment already taken times but consumer demand more time in each appointment Today team also contacted to consumer on phone but no response on phone Due to the said reason case has been cance,Back-Office / Administrative Operations,,,,,,,,,
Permises found locked no person at side and no response on said phone at the time of testing so meter could not be test,Back-Office / Administrative Operations,,,,,,,,,
no responseble person At site And mobile number Available but not Proper Response so Meter could not be Tested,Back-Office / Administrative Operations,,,,,,,,,
no person at site no response on call,Back-Office / Administrative Operations,,,,,,,,,
time visit but no person at site no response on call,Back-Office / Administrative Operations,,,,,,,,,
no person at site and ni response on phone,Back-Office / Administrative Operations,,,,,,,,,
Premises found locked no person at side and no response on said phone at the time of testing so meter could not be test,Back-Office / Administrative Operations,,,,,,,,,
Premises found locked no person at side and no response on said phone at the time of testing so meter could not be test,Back-Office / Administrative Operations,,,,,,,,,
no person at site and no response on given phone number,Back-Office / Administrative Operations,,,,,,,,,
Premises found locked no person at site and no response on said phone at the time of testing so meter could not be test,Back-Office / Administrative Operations,,,,,,,,,
No person at side and no response on said phone at the time of testing so meter could not be test,Back-Office / Administrative Operations,,,,,,,,,
no person at side and no response on said phone at the time of testing so meter could not be test,Back-Office / Administrative Operations,,,,,,,,,
Permises found locked no person at side at the time of testing discuss with consumer sh Vinay phone no,Back-Office / Administrative Operations,,,,,,,,,
Permises found locked no person at side and no response on said phone at the time of testing so meter could not be test,Back-Office / Administrative Operations,,,,,,,,,
no responseble person At site And mobile number not Corrective Response So Meter could not be Tested,Back-Office / Administrative Operations,,,,,,,,,
Permises found locked and no person at side at the time of testing so meter could not test,Back-Office / Administrative Operations,,,,,,,,,
no responseble person At site And mobile number Available but Mobile number no Proper Corrective Response So Meter could not be Tested,Back-Office / Administrative Operations,,,,,,,,,
No person at site and no response on given phone number,Back-Office / Administrative Operations,,,,,,,,,
time visit but no person at site,Back-Office / Administrative Operations,,,,,,,,,
no person at site many times call to consumer but consumer not respond on phone mobile number is,Back-Office / Administrative Operations,,,,,,,,,
No person at site and no response on said phone at the time of testing so meter could not be test,Back-Office / Administrative Operations,,,,,,,,,
No person at side and no response on said phone at the time of testing so meter could not be test,Back-Office / Administrative Operations,,,,,,,,,
time visit but no person at site no response on call,Back-Office / Administrative Operations,,,,,,,,,
No person at side and no response on said phone at the time of testing so meter could not be test,Back-Office / Administrative Operations,,,,,,,,,
Permises found locked No person at side and no response on said phone at the time of testing so meter could not be test,Back-Office / Administrative Operations,,,,,,,,,
No person at site and no response on said phone at the time of testing so meter could be test,Back-Office / Administrative Operations,,,,,,,,,
No person at site and no response on said phone no premises found locked,Back-Office / Administrative Operations,,,,,,,,,
No person at site and no response on phone,Back-Office / Administrative Operations,,,,,,,,,
Permises found locked no person at side at the time of testing so meter could not be test,Back-Office / Administrative Operations,,,,,,,,,
no person at site and no response on phone number,Back-Office / Administrative Operations,,,,,,,,,
time visit but no person at site,Back-Office / Administrative Operations,,,,,,,,,
No person at site and no response on said phone at the time of testing so meter could not be test,Back-Office / Administrative Operations,,,,,,,,,
no person at site no response on phone,Back-Office / Administrative Operations,,,,,,,,,
no person at site and no response on phone,Back-Office / Administrative Operations,,,,,,,,,
no person at site many times call to consumer but consumer not respond on phone consumer number is,Back-Office / Administrative Operations,,,,,,,,,
meter room found locked and key not provided by gard Discuss sh Sanjay HDFC Bank,Back-Office / Administrative Operations,,,,,,,,,
NO PERSON AT SITE NO RESPONSE ON GIVEN PHONE NUMBER SO METER COULDNT BE TESTED AT THE TIME OF TESTING,Back-Office / Administrative Operations,,,,,,,,,
Premises found locked no person at site and no response on said phone at the time of testing so meter could not be test,Back-Office / Administrative Operations,,,,,,,,,
Premises found locked no person at side and no response on said phone at the time of testing so meter could not be test,Back-Office / Administrative Operations,,,,,,,,,
No person at site and no response on said phone at the time of testing so meter could not be test,Back-Office / Administrative Operations,,,,,,,,,
time visit but no person at site no response on call,Back-Office / Administrative Operations,,,,,,,,,
No person at site and no response on given phone number,Back-Office / Administrative Operations,,,,,,,,,
NO PERSON AT SITE NO RESPONSE ON GIVEN PHONE NUMBER SO METER COULD NOT BE TESTED AT THE TIME OF TESTING,Back-Office / Administrative Operations,,,,,,,,,
time visit but no person at site no response on call,Back-Office / Administrative Operations,,,,,,,,,
Permises found locked no person at side and no response on said phone at the time of testing so meter could not be test,Back-Office / Administrative Operations,,,,,,,,,
No responseble person At site And mobile number Available but Consumer no proper Corrective Response So Meter could not be Tested,Back-Office / Administrative Operations,,,,,,,,,
Premises found locked no person at site discuss with consumer on said phone,Back-Office / Administrative Operations,,,,,,,,,
no person at site and no response on said phone number at the time of testing so meter could not be test,Back-Office / Administrative Operations,,,,,,,,,
Premises found locked no person at site and no response on said phone at the time of testing so meter could not be test,Back-Office / Administrative Operations,,,,,,,,,
Premises found locked no person at site and no response on said phone at the time of testing so meter could not be test,Back-Office / Administrative Operations,,,,,,,,,
time visit but no person at site,Back-Office / Administrative Operations,,,,,,,,,
NO person at site no response given phone number so meter could not be tested at the time of testing,Back-Office / Administrative Operations,,,,,,,,,
Premises found locked no person at side and no response on said phone at the time of testing so meter could not be test,Back-Office / Administrative Operations,,,,,,,,,
Premises found locked no person at site and no response on said phone at the time testing so meter could not be test,Back-Office / Administrative Operations,,,,,,,,,
time visit but no person at site no response on call,Back-Office / Administrative Operations,,,,,,,,,
No person at siteno response on phone,Back-Office / Administrative Operations,,,,,,,,,
No person at site and no response on said phone at the time of testing so meter could not be test,Back-Office / Administrative Operations,,,,,,,,,
Premises found locked no person at site and no response on said phone no at the time of testing so meter could not be test,Back-Office / Administrative Operations,,,,,,,,,
No person at site no response on phone,Back-Office / Administrative Operations,,,,,,,,,
no person at site no response on call,Back-Office / Administrative Operations,,,,,,,,,
time visit but no person at site no response on call,Back-Office / Administrative Operations,,,,,,,,,
time visit but no person at site no response on call,Back-Office / Administrative Operations,,,,,,,,,
time visit but No person at site,Back-Office / Administrative Operations,,,,,,,,,
No person at site no response given phone number so meter could not be tested at the time of testing,Back-Office / Administrative Operations,,,,,,,,,
Premises found locked no person at site and no response on said phone at the time of testing so meter could not be test,Back-Office / Administrative Operations,,,,,,,,,
time visit but no person at site no response on call,Back-Office / Administrative Operations,,,,,,,,,
Premises found locked no person at site and no response on said phone at the time of testing so meter could not be test,Back-Office / Administrative Operations,,,,,,,,,
No person at site and no response on said phone at the time of testing so meter could not be test,Back-Office / Administrative Operations,,,,,,,,,
Premises found locked no person at site and no response on said phone at the time of testing so meter could not be test,Back-Office / Administrative Operations,,,,,,,,,
time visit but no person at site no response on call,Back-Office / Administrative Operations,,,,,,,,,
Premises found locked no person at site and no response on said phone at the time of testing so meter could not be test,Back-Office / Administrative Operations,,,,,,,,,
time visit no person at site no response on call,Back-Office / Administrative Operations,,,,,,,,,
Premises found locked no person at site and no response on said phone at the time of testing so meter could not be test,Back-Office / Administrative Operations,,,,,,,,,
Premises found locked no person at site and no response on said phone at the time of testing so meter could not be test,Back-Office / Administrative Operations,,,,,,,,,
Premises found locked no person at site and no response on said phone at the time of testing,Back-Office / Administrative Operations,,,,,,,,,
time visit but no person at site no response on call,Back-Office / Administrative Operations,,,,,,,,,
no person at site no response on phone,Back-Office / Administrative Operations,,,,,,,,,
No response on telecommunication and no responsible person found at site for meter testing even multiple calling and site visit already done hence same needs to be close,Back-Office / Administrative Operations,,,,,,,,,
time visit but no person at site,Back-Office / Administrative Operations,,,,,,,,,
time visit but no person at site,Back-Office / Administrative Operations,,,,,,,,,
time visit but no person at site,Back-Office / Administrative Operations,,,,,,,,,
No person at site so meter couldnt be tested,Back-Office / Administrative Operations,,,,,,,,,
No person at site and no response on said phone at the time of so meter could not be test,Back-Office / Administrative Operations,,,,,,,,,
Premises found locked no person at site and no person at site and no response on said phone at the time of testing so meter could not be test,Back-Office / Administrative Operations,,,,,,,,,
NO PERSON AT SITE NO RESPONSE ON GIVEN PHONE NUMBER SO METER COULD NOT BE TESTED AT THE TIME OF TESTING,Back-Office / Administrative Operations,,,,,,,,,
No person at site no response given phone number so meter could not be tested at the time of testing,Back-Office / Administrative Operations,,,,,,,,,
No person at side and no response on said phone at the time of testing so meter could not be test,Back-Office / Administrative Operations,,,,,,,,,
No person at side at and no response on said phone at the time of testing so meter could not be test,Back-Office / Administrative Operations,,,,,,,,,
Consumer refused to test the meter so meter could not be tested at site,Back-Office / Administrative Operations,,,,,,,,,
Consumer refused to test the meter,Back-Office / Administrative Operations,,,,,,,,,
Consumer refused to test the meter so meter could not be tested at site,Back-Office / Administrative Operations,,,,,,,,,
Consumer refused to test the meter so meter could not be tested at site counsmer name Ajay Phone no,Back-Office / Administrative Operations,,,,,,,,,
consumer refuse for meter testing CONSUMER HARSHKRIT,Back-Office / Administrative Operations,,,,,,,,,
Consumer refused to test the meter so meter could not be tested at site,Back-Office / Administrative Operations,,,,,,,,,
Consumer refused to test the meter So meter could not be tested at site,Back-Office / Administrative Operations,,,,,,,,,
consumer refused to meter testing so meter could not be tasted,Back-Office / Administrative Operations,,,,,,,,,
Consumer refused to test the meter,Back-Office / Administrative Operations,,,,,,,,,
consumer refuse for meter testing,Back-Office / Administrative Operations,,,,,,,,,
consumer refused to meter testing so could not be meter tested,Back-Office / Administrative Operations,,,,,,,,,
Consumer refused to test the meter,Back-Office / Administrative Operations,,,,,,,,,
As per discussion with consumer Mr priya swami consumer refused to test the meter,Back-Office / Administrative Operations,,,,,,,,,
As per discussion with consumer mrs harinder kaur consumer refused to test the meter,Back-Office / Administrative Operations,,,,,,,,,
Consumer refused to test the meter so meter could not be tested at site,Back-Office / Administrative Operations,,,,,,,,,
As per discussion with consumer consumer refused to test the meter,Back-Office / Administrative Operations,,,,,,,,,
As per discussion with consumer mrs vandana goyal consumer refused to test the meter,Back-Office / Administrative Operations,,,,,,,,,
consumer refused due to wrong complaint done by mistake,Back-Office / Administrative Operations,,,,,,,,,
As per discussion with consumer Mr Subhash consumer refused to test the meter,Back-Office / Administrative Operations,,,,,,,,,
as per site visit consumer hardly refuse for meter testing,Back-Office / Administrative Operations,,,,,,,,,
Consumer refused to test the meter,Back-Office / Administrative Operations,,,,,,,,,
Consumer refused to test the meter,Back-Office / Administrative Operations,,,,,,,,,
Consumer refused to test the meter sunil Kumar,Back-Office / Administrative Operations,,,,,,,,,
consumer refuse for meter testing mobile no,Back-Office / Administrative Operations,,,,,,,,,
Consumer refused to test the meter so meter could not be tested at site,Back-Office / Administrative Operations,,,,,,,,,
Consumer refused to test the meter so meter could not be tested at site,Back-Office / Administrative Operations,,,,,,,,,
consumer refused to test the meter,Back-Office / Administrative Operations,,,,,,,,,
consumer refused to meter testing so meter could not be tested,Back-Office / Administrative Operations,,,,,,,,,
consumer refused to meter testing so could not be meter tasted,Back-Office / Administrative Operations,,,,,,,,,
Consumer refused to test the meter so meter could not be tested at site,Back-Office / Administrative Operations,,,,,,,,,
Consumer refused to test the meter,Back-Office / Administrative Operations,,,,,,,,,
consumer refused to meter testing so meter could not be tested,Back-Office / Administrative Operations,,,,,,,,,
As per discussion with consumer Mr Anoop Kumar contact no consumer refused to test the meter,Back-Office / Administrative Operations,,,,,,,,,
second time site visited consumer hardly refuse for meter testing,Back-Office / Administrative Operations,,,,,,,,,
Consumer refused to test the meter,Back-Office / Administrative Operations,,,,,,,,,
Consumer refused to meter testing so could not be meter tasted,Back-Office / Administrative Operations,,,,,,,,,
Consumer refused to meter testing so meter could not be test,Back-Office / Administrative Operations,,,,,,,,,
Consumer refused to meter testing so could not be meter tasted,Back-Office / Administrative Operations,,,,,,,,,
consumer refused to test the meter,Back-Office / Administrative Operations,,,,,,,,,
Consumer refused to test the meter so meter could not be tested at site,Back-Office / Administrative Operations,,,,,,,,,
Consumer refused to test the meter,Back-Office / Administrative Operations,,,,,,,,,
Consumer refused to test the meter so meter could not be tested at site,Back-Office / Administrative Operations,,,,,,,,,
Consumer refused to test the meter so meter could not be tested at site,Back-Office / Administrative Operations,,,,,,,,,
Consumer refused for meter testing hence meter couldnt be tested Contacted Person Pinki Bansal,Back-Office / Administrative Operations,,,,,,,,,
Consumer refused to test the meter so meter could not be tested at site,Back-Office / Administrative Operations,,,,,,,,,
Consumer refused to test the meter so meter could not be tested at site,Back-Office / Administrative Operations,,,,,,,,,
Consumer refused to test the meter so meter could not be tested at site,Back-Office / Administrative Operations,,,,,,,,,
Consumer refused to test the meter,Back-Office / Administrative Operations,,,,,,,,,
consumer refused to meter testing time visit this site all time misbehave abusing me,Back-Office / Administrative Operations,,,,,,,,,
Consumer sh Rahul Refused meter testing at the time of testing so meter could not be test,Back-Office / Administrative Operations,,,,,,,,,
Consumer refused to test the meter so meter could not be tested at site,Back-Office / Administrative Operations,,,,,,,,,
Consumer refused to test the meter so meter could not be tested at site,Back-Office / Administrative Operations,,,,,,,,,
Consumer refused to test the meter so meter could not be tested at site,Back-Office / Administrative Operations,,,,,,,,,
Consumer Refused To Meter Testing So Meter Could Not Be Tested,Back-Office / Administrative Operations,,,,,,,,,
As per discussion with consumer mrs Reena singhla consumer refused to test the meter,Back-Office / Administrative Operations,,,,,,,,,
Consumer refused to test the meter so meter could not be tested at site,Back-Office / Administrative Operations,,,,,,,,,
Enforcement ir found on meter,CEG / Enforcement / Vigilance Team,,,,,,,,,
Meter Terminal And Meter Box Seals Are Found broken So Meter Suspected Refer To Enforcement,CEG / Enforcement / Vigilance Team,,,,,,,,,
Meter calibration pluse not belinking at load alongwith No display and meter terminal found melt at the time of testing so meter Suspected refered to enforcement inspection,CEG / Enforcement / Vigilance Team,,,,,,,,,
Cover open event appear on meter displayrefer to CEG,CEG / Enforcement / Vigilance Team,,,,,,,,,
meter stop at so case send to CEG team for further inspaction,CEG / Enforcement / Vigilance Team,,,,,,,,,
Meter Display Show Cover OpenSo meter is suspected and referred to CEG for further analysis,CEG / Enforcement / Vigilance Team,,,,,,,,,
Meter is suspected refer to CEG,CEG / Enforcement / Vigilance Team,,,,,,,,,
Meter calibration LED is not blinking on loadmeter box seal was missing however terminal seal was interacted,CEG / Enforcement / Vigilance Team,,,,,,,,,
Meter reading reverse jump hence referred to CEG for further investigation,CEG / Enforcement / Vigilance Team,,,,,,,,,
meter incoming phase terminal burnt so meter suspected refer to CEG for further analysis,CEG / Enforcement / Vigilance Team,,,,,,,,,
meter parameters not matched with standard meter accucheak at the time of testing so this case is referred to CEG for further examination or analysis,CEG / Enforcement / Vigilance Team,,,,,,,,,
Meter Terminal Meter box both seals are not found so Meter could not be tested Refer to CEG,CEG / Enforcement / Vigilance Team,,,,,,,,,
Meter Incoming Terminal Burnt So Meter Is Suspected Refer to CEG For further Analysis At the time of testing,CEG / Enforcement / Vigilance Team,,,,,,,,,
Meter is tampered at site Meter display is Found suspected as Display is not found on External loadKw also on External Load display is only showing on No load Conditions EL Led is found glowing even on no Earth leakage hence meter is suspected Therefore same has been refered to CEG for Further analysis,CEG / Enforcement / Vigilance Team,,,,,,,,,
Cover Open Event found on Meter display therefore same is been reffered to CEG for Further analysis,CEG / Enforcement / Vigilance Team,,,,,,,,,
Meter InComing Terminal Burnt So Meter is Suspected Refer to CEG For further Analysis,CEG / Enforcement / Vigilance Team,,,,,,,,,
meter calibration pulse not blinking at load also no display at the time of testing so this case is referred to CEG for further examination or analysis,CEG / Enforcement / Vigilance Team,,,,,,,,,
Meter pulse found abnormally blinking even on External load KW Magnet Tamper Event is found on Meter Display also in display Amp current is showing on Phase and Amp in Neutral parameter hence meter is suspected and same is been reffered to CEG for further analysis,CEG / Enforcement / Vigilance Team,,,,,,,,,
As per meter condition and consumer wordings at the time of site visit meter is suspected tampered hence referred for further analysis to CEG,CEG / Enforcement / Vigilance Team,,,,,,,,,
meter calibration pulse abnormal blinking on load so meter suspected refer to ceg,CEG / Enforcement / Vigilance Team,,,,,,,,,
meter tampered at site meter found are broken so meter suspected refer to ceg,CEG / Enforcement / Vigilance Team,,,,,,,,,
Meter Voltage parameters not matching with Reference also High Voltage and Neutral Cut Tamper event found on display hence meter is suspected therefore same is been referred to CEG for further analysis photographs have been attached for the same,CEG / Enforcement / Vigilance Team,,,,,,,,,
meter tampered at site hole found in meter box so refer to CEG,CEG / Enforcement / Vigilance Team,,,,,,,,,
meter reading forword jump privious khw mdi zero so meter suspected refer to CEG for further analysis,CEG / Enforcement / Vigilance Team,,,,,,,,,
Meter Display showing oPn So meter suspected refer to enforcement,CEG / Enforcement / Vigilance Team,,,,,,,,,
Meter Calibration Pulse not blinking even on external Load KW hence meter is suspected therefore the same has been referred to CEG for Further Analysis,CEG / Enforcement / Vigilance Team,,,,,,,,,
Meter is suspected tampered as load is running but not reflecting on meter display,CEG / Enforcement / Vigilance Team,,,,,,,,,
Meter display showing Cover Open simbal so meter suspected refer to CEG for further analysis,CEG / Enforcement / Vigilance Team,,,,,,,,,
meter calibration pulse not blinking at load so this case is referred to CEG for further examination or analysis,CEG / Enforcement / Vigilance Team,,,,,,,,,
Meter display showing opn at the time of testing so meter suspected refered to enforcement inspection,CEG / Enforcement / Vigilance Team,,,,,,,,,
meter no in meter display and outer body are different m no so meter suspected reffered to CEG,CEG / Enforcement / Vigilance Team,,,,,,,,,
Reading Verified from RMO team kwh on date TODAY Reading kwh Consumer load continue on meter reading stuck so case refer to CEG FOR FURTHER INSPECTION,CEG / Enforcement / Vigilance Team,,,,,,,,,
Meter Reading KWH and KVAH alongwith MDI Suspected so meter suspected refered to enforcement inspection,CEG / Enforcement / Vigilance Team,,,,,,,,,
Meter Display showing oPn So meter suspected refer to enforcement,CEG / Enforcement / Vigilance Team,,,,,,,,,
Meter Reading Back Jump found also Calibration Pulse is blinking abnormally even on External Load KW hence meter is suspected therefore same has been reffered to CEG for further analysis Contacted Person Devender,CEG / Enforcement / Vigilance Team,,,,,,,,,
Meter incoming Terminal Brunt So Meter is Suspected Refer to CEG For Futher Analysis At the time of testing,CEG / Enforcement / Vigilance Team,,,,,,,,,
Meter calibration plus Abnormal blinking on External load so meter suspected refer to CEG For Analysis,CEG / Enforcement / Vigilance Team,,,,,,,,,
Meter Display Blank And load is Running Continue So Meter is Suspected Refer to CEG For Futher Analysis At the time of testing,CEG / Enforcement / Vigilance Team,,,,,,,,,
Meter calibration pulse are blinking on imax MDI are suspected High Display showing magnet simbal EL signSo Meter Suspected Refer To CEG FOR Further Analysis,CEG / Enforcement / Vigilance Team,,,,,,,,,
meter parameters not matched with standard meter Accuchek at the time of testing so this case is referred to CEG for further examination or analysis,CEG / Enforcement / Vigilance Team,,,,,,,,,
Meter Current and Voltage parameter mismatched hence meter is suspected therefore same has been referred to CEG for further analysis Photographs has been attached,CEG / Enforcement / Vigilance Team,,,,,,,,,
Meter Incoming Terminal Are Found Burnt Meter Terminal And Meter Box Seals Are Not Found So Meter Suspected Refer To Enforcement,CEG / Enforcement / Vigilance Team,,,,,,,,,
Meter Incoming Terminal Brunt So Meter is Suspected Refer to CEG For Futher Analysis At the time of testing,CEG / Enforcement / Vigilance Team,,,,,,,,,
meter tested as per safety norms meter display showing NCut voltage current not match with Accucheck so meter suspected Referred to CEG for further analysis,CEG / Enforcement / Vigilance Team,,,,,,,,,
The instantaneous parameter of the Meter display is found Suspected Voltage parameter of Meter display V B V is found mismatched as compared with our reference meters Voltage R V B V hence same is been referred to CEG for further analysis,CEG / Enforcement / Vigilance Team,,,,,,,,,
Meter pulse not Blinking But load is Running Continue So Meter is Suspected Refer to CEG For Futher Analysis At the time of testing,CEG / Enforcement / Vigilance Team,,,,,,,,,
Meter pulses are not blinking while load is present at site MDI are suspected High Display Showing No Voltage So Meter Refer To CEG FOR Further Analysis,CEG / Enforcement / Vigilance Team,,,,,,,,,
Meter Current and parameter mismatched hence meter is suspected therefore same has been referred to CEG for further analysis,CEG / Enforcement / Vigilance Team,,,,,,,,,
Meter Is Behaving abnormally during testing Calibration pulse blinking is suspected also Potential of R and B phase found distorting herefore same is been reffered to CEG for further analysis,CEG / Enforcement / Vigilance Team,,,,,,,,,
Meter display showing temper and MDI kw suspected referred to enforcement and discuss with consumer sh Hament on phone no,CEG / Enforcement / Vigilance Team,,,,,,,,,
Meter suspected slow at the time of testing so meter referred to enforcement inspection,CEG / Enforcement / Vigilance Team,,,,,,,,,
Meter terminal is burnt in put side and meter box seals are not found so meter suspected refer to enforcement,CEG / Enforcement / Vigilance Team,,,,,,,,,
Meter display showing Cover Open simbal so meter suspected so meter refer to CEG for further analysis,CEG / Enforcement / Vigilance Team,,,,,,,,,
METER CALIBRATION PULSE FOUND ABNORMAL AT THE TIME OF TESTING SO METER SUSPECTED REFER TO CEG,CEG / Enforcement / Vigilance Team,,,,,,,,,
meter display parameters are not matching with the standard meter voltage showing so case referred to ceg,CEG / Enforcement / Vigilance Team,,,,,,,,,
meter display showing cover open OPN at the time of testing so meter suspected referred to enforcement,CEG / Enforcement / Vigilance Team,,,,,,,,,
Meter inspected as per safety norms but consumer is not allowing to test the meterI doubt Our meter has been tampered with So meter is suspected and referred to CEG for further analysis,CEG / Enforcement / Vigilance Team,,,,,,,,,
During Meter Testing Activity Leakage and Sparking Sound observed at Juice wire of HT Meter Cubicle Unit also Current in B phase seems Less as compared with reference hence same is beem reffered to CEG for further analysis Also for leakage zone has been intimated via Mail for prevention of any mishap in future Photographs has been attached for reference,CEG / Enforcement / Vigilance Team,,,,,,,,,
Meter is suspected refer to CEG,CEG / Enforcement / Vigilance Team,,,,,,,,,
Meter inspected as per safety norms but consumer is not allowing to test the meter and saying that in our meter there is tempering do what can you do So meter is suspected and referred to CEG for further analysis,CEG / Enforcement / Vigilance Team,,,,,,,,,
Meter is Blinking pulse abnornally as per connected load found suspected hence same is been referred to CEG for further analysis BPhase Current found suspected and curremt is almost equal in all phases photographs has beem shared,CEG / Enforcement / Vigilance Team,,,,,,,,,
Meter found smoky so meter suspected refer to enforcement,CEG / Enforcement / Vigilance Team,,,,,,,,,
Meter Terminal Meter box both seals are missing so meter could not be tested Refer to CEG,CEG / Enforcement / Vigilance Team,,,,,,,,,
Meter kWh reading suspected forward jumped so meter suspected refer to enforcement,CEG / Enforcement / Vigilance Team,,,,,,,,,
Meter terminal is burnt so meter suspected refer to enforcement,CEG / Enforcement / Vigilance Team,,,,,,,,,
Meter Instantaneous Current Parameter of Phase and Neutral Current is Found Suspected therefore same is referred to CEG for further analysis photographs of Phase and Neutral Current is been attached for Reference meter tested on External Load KW,CEG / Enforcement / Vigilance Team,,,,,,,,,
Meter calibration pulse is not blinking on consumer load as well as on External Load KW also Incoming found Burnt hence same is been reffered to CEG for further analysis,CEG / Enforcement / Vigilance Team,,,,,,,,,
meter perameter not match with Accuchaek at the time of testing so meter suspected referred to enforcement inspection,CEG / Enforcement / Vigilance Team,,,,,,,,,
Meter Instantaneous Parameters are suspected as per connected load hence same needs to be reffered to CEG for further analysis,CEG / Enforcement / Vigilance Team,,,,,,,,,
Meter Terminal Meter box both seals are missing so meter is suspected Refer to CEG,CEG / Enforcement / Vigilance Team,,,,,,,,,
Meter Terminal seal is not found so Meter could not be tested Refer to CEG,CEG / Enforcement / Vigilance Team,,,,,,,,,
Meter Terminal Meter box both seals are not found so Meter could not be tested Refer to CEG,CEG / Enforcement / Vigilance Team,,,,,,,,,
Meter terminal Seal And box Seal missing So Meter is Suspected Refer to CEG For further Analysis,CEG / Enforcement / Vigilance Team,,,,,,,,,
No Seals found on meter terminals and Meter box as well as no terminal cover found on meter therefore same is been Reffered to CEG for further analysis also no contact could be done on provided num,CEG / Enforcement / Vigilance Team,,,,,,,,,
Meter box seals are not found and meter calibration pulse are not blinking on load so meter suspected refer to enforcement,CEG / Enforcement / Vigilance Team,,,,,,,,,
No seals found on meter box and meter terminal so this case is referred to CEG for further examination or analysis,CEG / Enforcement / Vigilance Team,,,,,,,,,
Meter Terminal Meter box both seals are not found so Meter could not be tested Refer to CEG,CEG / Enforcement / Vigilance Team,,,,,,,,,
Side unsafe for meter testing due to meter hanging alongwith incoming service line and seals missing on meter box Discuss with consumer Vipen Singh phone no,CEG / Enforcement / Vigilance Team,,,,,,,,,
No meter Box front cover found also no terminal seal found on meter therefore same has been reffered to CEG for further analysis,CEG / Enforcement / Vigilance Team,,,,,,,,,
No seals found on meter box alongwith Meter box found damage at the time of testing so meter could not be test discuss with consumer on said phone and Anand Kumar Gard,CEG / Enforcement / Vigilance Team,,,,,,,,,
Seals missing found on meter box at the time of testing so meter could not be test discuss with consumer sh Ali,CEG / Enforcement / Vigilance Team,,,,,,,,,
Meter terminal Seal And box Seal missing So Meter is Suspected Refer to CEG For further Analysis,CEG / Enforcement / Vigilance Team,,,,,,,,,
Meter terminal Seal And box Seal missing So Meter is Suspected Refer to CEG For further Analysis,CEG / Enforcement / Vigilance Team,,,,,,,,,
Meter Terminal And Meter Box Seals Are Not Found So Meter Suspected Refer To Enforcement,CEG / Enforcement / Vigilance Team,,,,,,,,,
No seals found on meter box and meter terminal so this case is referred to CEG for further examination or analysis,CEG / Enforcement / Vigilance Team,,,,,,,,,
seal missing on meter box and terminal,CEG / Enforcement / Vigilance Team,,,,,,,,,
Meter terminal Seal And box Seal missing So Meter is Suspected Refer to CEG For further Analysis,CEG / Enforcement / Vigilance Team,,,,,,,,,
Seals missing found on meter box at the time of testing so meter could not be test discuss with consumer sh Satyavan phone no,CEG / Enforcement / Vigilance Team,,,,,,,,,
Meter terminal Seal And box Seal missing So Meter is Suspected Refer to CEG For further Analysis,CEG / Enforcement / Vigilance Team,,,,,,,,,
seal missing on meter box terminal so refer to ceg,CEG / Enforcement / Vigilance Team,,,,,,,,,
Meter terminal Seal And box Seal missing So Meter is Suspected Refer to CEG For further Analysis,CEG / Enforcement / Vigilance Team,,,,,,,,,
Zero instantaneous current found on meter display for RPhase and BPhase as well as from the juice wire of the HTCT unit Verified from Reference Meter other instantaneous current and voltage parameters found OK on further inspection at HT and LT side of Consumer normal Load is runningAt the time of inspection Instantaneous current at HT Side Consumer HT Panel is as follows RA YA BA Instantaneous Current at LT side Consumer Main Incomer Cabel is as follows RA Y,CEG / Enforcement / Vigilance Team,,,,,,,,,
Meter Terminal And Meter Box Seals Are Not Found So Meter Suspected Refer To Enforcement,CEG / Enforcement / Vigilance Team,,,,,,,,,
Meter Terminal And Meter Box Seals Are Not Found So Meter Suspected Refer To Enforcement,CEG / Enforcement / Vigilance Team,,,,,,,,,
Meter terminal Seal And box Seal missing So Meter is Suspected Refer to CEG For further Analysis,CEG / Enforcement / Vigilance Team,,,,,,,,,
seal missing on meter box terminal suspected meter input terminals so refer to ceg,CEG / Enforcement / Vigilance Team,,,,,,,,,
Meter Terminal And Meter Box Seals Are Not Found So Meter Suspected Refer To Enforcement,CEG / Enforcement / Vigilance Team,,,,,,,,,
Seals missing on meter box at the time of testing so meter could not be test discuss with consumer sh Sarwan Kumar phone no,CEG / Enforcement / Vigilance Team,,,,,,,,,
seal missing on meter box and terminal,CEG / Enforcement / Vigilance Team,,,,,,,,,
Seals missing on meter box and traminal,CEG / Enforcement / Vigilance Team,,,,,,,,,
seal missing on meter box terminal so refer to ceg,CEG / Enforcement / Vigilance Team,,,,,,,,,
seal missing on meter box and terminal,CEG / Enforcement / Vigilance Team,,,,,,,,,
Meter box and meter terminal seal not found so meter suspected refer to CEG,CEG / Enforcement / Vigilance Team,,,,,,,,,
seal meaning on meter box terminal so meter suspected refer to ceg,CEG / Enforcement / Vigilance Team,,,,,,,,,
Meter terminal Seal And box Seal missing So Meter is Suspected Refer to CEG For further Analysis,CEG / Enforcement / Vigilance Team,,,,,,,,,
meter box broken meter terminal seal not found so meter suspected refer to CEG for further analysis,CEG / Enforcement / Vigilance Team,,,,,,,,,
Meter Terminal And Meter Box Seals Are Not Found So Meter Suspected Refer To Enforcement,CEG / Enforcement / Vigilance Team,,,,,,,,,
Meter Terminal Meter box both seals are not found so Meter could not be tested Refer to CEG,CEG / Enforcement / Vigilance Team,,,,,,,,,
seal missing on meter box and terminal zonal paper seal damage,CEG / Enforcement / Vigilance Team,,,,,,,,,
Meter terminal Seal And box Seal missing So Meter is Suspected Refer to CEG For further Analysis,CEG / Enforcement / Vigilance Team,,,,,,,,,
seal missing on meter box terminal so meter sucpected refer to ceg,CEG / Enforcement / Vigilance Team,,,,,,,,,
Meter Terminal Seal and box Seal Missing So Meter is Suspected Refer to CEG For Futher Analysis At the time of testing,CEG / Enforcement / Vigilance Team,,,,,,,,,
meter box meter terminal seal not found so meter suspected refer to CEG for further analysis,CEG / Enforcement / Vigilance Team,,,,,,,,,
Meter terminal Seal And box Seal missing So Meter is Suspected Refer to CEG For further Analysis,CEG / Enforcement / Vigilance Team,,,,,,,,,
Meter terminal Seal And box Seal missing So Meter is Suspected Refer to CEG For further Analysis,CEG / Enforcement / Vigilance Team,,,,,,,,,
Meter terminal Seal And box Seal missing So Meter is Suspected Refer to CEG For further AnalysisMeter seal tempered,CEG / Enforcement / Vigilance Team,,,,,,,,,
Meter Terminal Seal and box Seal Missing So Meter is Suspected Refer to CEG For Futher Analysis At the time of testing,CEG / Enforcement / Vigilance Team,,,,,,,,,
Meter Terminal And Meter Box Seals Are Not Found So Meter Suspected Refer To Enforcement,CEG / Enforcement / Vigilance Team,,,,,,,,,
Seal missing Meter box and Meter Terminal seal found missing also Suspect found on Incoming Service Cable hence meter Is suspected therefore same has been reffered to CEG for Further analysis,CEG / Enforcement / Vigilance Team,,,,,,,,,
as per site visit seal missing on meter box and terminal consumer mobile no not reachable,CEG / Enforcement / Vigilance Team,,,,,,,,,
seals missing on meter box terminal so refer to ceg,CEG / Enforcement / Vigilance Team,,,,,,,,,
seal missing on meter box terminal meter terminal cover not install so refer to ceg,CEG / Enforcement / Vigilance Team,,,,,,,,,
Seals found missing meter terminal and meter Box at the time of testing so meter suspected refered to enforcement inspection discuss smt Mamta phone no,CEG / Enforcement / Vigilance Team,,,,,,,,,
SEAL MISSING ON METER BOX AND TERMINAL,CEG / Enforcement / Vigilance Team,,,,,,,,,
Meter Terminal And Meter Box Seals Are Not Found So Meter Suspected Refer To Enforcement,CEG / Enforcement / Vigilance Team,,,,,,,,,
Meter Terminal And Meter Box Seals Are Not Found So Meter Suspected Refer To Enforcement,CEG / Enforcement / Vigilance Team,,,,,,,,,
Meter box and terminal seal not found so meter suspected refer to CEG,CEG / Enforcement / Vigilance Team,,,,,,,,,
Meter terminal Seal And box Seal missing So Meter is Suspected Refer to CEG For further Analysis,CEG / Enforcement / Vigilance Team,,,,,,,,,
Meter terminal Seal And box Seal missing So Meter is Suspected Refer to CEG For further Analysis,CEG / Enforcement / Vigilance Team,,,,,,,,,
Meter terminal Seal And box Seal missing So Meter is Suspected Refer to CEG For further Analysis,CEG / Enforcement / Vigilance Team,,,,,,,,,
Meter terminal Seal And box Seal missing So Meter is Suspected Refer to CEG For further Analysis,CEG / Enforcement / Vigilance Team,,,,,,,,,
seal missing on meter box and terminal,CEG / Enforcement / Vigilance Team,,,,,,,,,
seals missing on meter so this case is referred to CEG for further examination or analysis,CEG / Enforcement / Vigilance Team,,,,,,,,,
Meter Terminal Seal and outer Box seal found missing also no terminal cover found on meter hence theft os suspected therefore same has been referred to CEG for further analysis,CEG / Enforcement / Vigilance Team,,,,,,,,,
Meter terminal Seal And box Seal missing So Meter is Suspected Refer to CEG For further Analysis,CEG / Enforcement / Vigilance Team,,,,,,,,,
Meter found burant and terminal seal not found at the time of testing so meter suspected refer to CEG,CEG / Enforcement / Vigilance Team,,,,,,,,,
Meter terminal Seal And box Seal missing So Meter is Suspected Refer to CEG For further Analysis,CEG / Enforcement / Vigilance Team,,,,,,,,,
seal missing on meter box terminal so meter suspected refer to ceg,CEG / Enforcement / Vigilance Team,,,,,,,,,
Meter terminal Seal And Box Seal Missing So Meter is Suspected Refer to CEG Department For Futher Analysis,CEG / Enforcement / Vigilance Team,,,,,,,,,
Seal Missing on meter Terminal and Meter Box hence meter is suspected therefore same is been reffered to CEG for further analysis,CEG / Enforcement / Vigilance Team,,,,,,,,,
Meter Terminal and Meter Box Seal found Missing also Terminal Cover not found hence meter is suspected and Therefore same is been reffered to CEG for further analysis,CEG / Enforcement / Vigilance Team,,,,,,,,,
seal missing on meter box and terminal so meter is suspected refer to CEG,CEG / Enforcement / Vigilance Team,,,,,,,,,
Meter terminal Seal And box Seal missing So Meter is Suspected Refer to CEG For further Analysis,CEG / Enforcement / Vigilance Team,,,,,,,,,
Meter terminal Seal And box Seal missing So Meter is Suspected Refer to CEG For further Analysis,CEG / Enforcement / Vigilance Team,,,,,,,,,
seal missing on meter box and terminal,CEG / Enforcement / Vigilance Team,,,,,,,,,
seal missing on meter box terminal so meter suspected refer to ceg,CEG / Enforcement / Vigilance Team,,,,,,,,,
Site Visited For Meter Testing meter Cubicle found at site Meter is found suspected slow as at consumer side Balance Load is running on LT Side but in HT side current is showing abnomal hence same has beem reffered to CEG for further analysis,CEG / Enforcement / Vigilance Team,,,,,,,,,
Meter Terminal And Meter Box Seals Are Not Found So Meter Suspected Refer To Enforcement,CEG / Enforcement / Vigilance Team,,,,,,,,,
Meter box seals are not found so meter suspected refer to enforcement,CEG / Enforcement / Vigilance Team,,,,,,,,,
Meter terminal seal Box seal not found hence meter is suspected therefore same has been reffered to CEG for further analysis,CEG / Enforcement / Vigilance Team,,,,,,,,,
Meter terminal Seal And box Seal missing So Meter is Suspected Refer to CEG For further Analysis,CEG / Enforcement / Vigilance Team,,,,,,,,,
seal missing on meter box and terminal,CEG / Enforcement / Vigilance Team,,,,,,,,,
Seals missing from meter box at the time of testing so meter could not be test discuss with consumer sh Satish Bhardwaj,CEG / Enforcement / Vigilance Team,,,,,,,,,
seal missing on meter box terminal so meter suspected refer to ceg,CEG / Enforcement / Vigilance Team,,,,,,,,,
Seals missing from meter box at the time of testing so meter could not be test discuss with consumer sh Rajat,CEG / Enforcement / Vigilance Team,,,,,,,,,
seal missing on meter box and terminal,CEG / Enforcement / Vigilance Team,,,,,,,,,
Seals missing from meter box and meter box damage incoming side at the time of testing so meter suspected referred to enforcement,CEG / Enforcement / Vigilance Team,,,,,,,,,
No seals found on meter box and meter terminal so this case is referred to CEG for further examination or analysis,CEG / Enforcement / Vigilance Team,,,,,,,,,
seal missing on meter box terminal so meter suspected refer to ceg,CEG / Enforcement / Vigilance Team,,,,,,,,,
Meter Terminal And Meter Box Seals Are Not Found So Meter Suspected Refer To Enforcement,CEG / Enforcement / Vigilance Team,,,,,,,,,
Seals missing from meter box and terminal at the time of testing so meter could not be test discuss with consumer Smt Sunita,CEG / Enforcement / Vigilance Team,,,,,,,,,
Visit not done and case cancelled as per mail and notepad entry,Customer Service / Call Center,,,,,,,,,
Pending from Notification initiator side,Customer Service / Call Center,,,,,,,,,
Pending from Notification initiator side,Customer Service / Call Center,,,,,,,,,
Pending from Notification initiator side,Customer Service / Call Center,,,,,,,,,
Pending from Notification initiator side,Customer Service / Call Center,,,,,,,,,
Pending from Notification initiator side,Customer Service / Call Center,,,,,,,,,
NOTIFICATIONS CANCEL AS MAIL BY MMG HT METERING GROUP,Customer Service / Call Center,,,,,,,,,
Pending from Notification initiator side,Customer Service / Call Center,,,,,,,,,
Visit Not Done,Customer Service / Call Center,,,,,,,,,
Visit not done,Customer Service / Call Center,,,,,,,,,
Visit not done,Customer Service / Call Center,,,,,,,,,
Visit not done,Customer Service / Call Center,,,,,,,,,
Visit not done,Customer Service / Call Center,,,,,,,,,
Visit not done,Customer Service / Call Center,,,,,,,,,
NOTIFICATIONS CANCEL AS MAIL BY MMG HT GROUP,Customer Service / Call Center,,,,,,,,,
Visit not done,Customer Service / Call Center,,,,,,,,,
Visit not done,Customer Service / Call Center,,,,,,,,,
Notification cancelled due to vendor change,Customer Service / Call Center,,,,,,,,,
Notification cancelled due to vendor change,Customer Service / Call Center,,,,,,,,,
Notification cancelled due to vendor change,Customer Service / Call Center,,,,,,,,,
Visit not done,Customer Service / Call Center,,,,,,,,,
Notification cancelled due to vendor change,Customer Service / Call Center,,,,,,,,,
Visit Not Done,Customer Service / Call Center,,,,,,,,,
Notification cancelled due to vendor change,Customer Service / Call Center,,,,,,,,,
Notification cancelled due to vendor change,Customer Service / Call Center,,,,,,,,,
Notification cancelled due to vendor change,Customer Service / Call Center,,,,,,,,,
Notification cancelled due to vendor change,Customer Service / Call Center,,,,,,,,,
Visit not Done as per mail attached in Notepad Entry,Customer Service / Call Center,,,,,,,,,
Visit not done,Customer Service / Call Center,,,,,,,,,
Notification cancelled due to vendor change,Customer Service / Call Center,,,,,,,,,
Notification cancelled due to vendor change,Customer Service / Call Center,,,,,,,,,
Notification cancelled due to vendor change,Customer Service / Call Center,,,,,,,,,
Visit not done,Customer Service / Call Center,,,,,,,,,
Notification cancelled due to vendor change,Customer Service / Call Center,,,,,,,,,
Notification cancelled due to vendor change,Customer Service / Call Center,,,,,,,,,
Notification cancelled due to vendor change,Customer Service / Call Center,,,,,,,,,
Notification cancelled due to vendor change,Customer Service / Call Center,,,,,,,,,
Notification cancelled due to vendor change,Customer Service / Call Center,,,,,,,,,
Visit not done,Customer Service / Call Center,,,,,,,,,
Visit not done,Customer Service / Call Center,,,,,,,,,
Mail by MMG Three Phase,Customer Service / Call Center,,,,,,,,,
Notification cancelled due to vendor change,Customer Service / Call Center,,,,,,,,,
visit not done,Customer Service / Call Center,,,,,,,,,
Notification cancelled due to vendor change,Customer Service / Call Center,,,,,,,,,
Notification cancelled due to vendor change,Customer Service / Call Center,,,,,,,,,
Notification cancelled due to vendor change,Customer Service / Call Center,,,,,,,,,
Visit not done,Customer Service / Call Center,,,,,,,,,
Visit not done,Customer Service / Call Center,,,,,,,,,
Visit not done,Customer Service / Call Center,,,,,,,,,
Visit not done,Customer Service / Call Center,,,,,,,,,
Notification cancelled due to vendor change,Customer Service / Call Center,,,,,,,,,
Notification cancelled due to vendor change,Customer Service / Call Center,,,,,,,,,
Notification cancelled due to vendor change,Customer Service / Call Center,,,,,,,,,
Notification cancelled due to vendor change,Customer Service / Call Center,,,,,,,,,
Site Not Visited case needs to be returned as per mail received from AMI group,Customer Service / Call Center,,,,,,,,,
Notification cancelled due to vendor change,Customer Service / Call Center,,,,,,,,,
Notification cancelled due to vendor change,Customer Service / Call Center,,,,,,,,,
Notification cancelled due to vendor change,Customer Service / Call Center,,,,,,,,,
Notification cancelled due to vendor change,Customer Service / Call Center,,,,,,,,,
Notification cancelled due to vendor change,Customer Service / Call Center,,,,,,,,,
Notification cancelled due to vendor change,Customer Service / Call Center,,,,,,,,,
Notification cancelled due to vendor change,Customer Service / Call Center,,,,,,,,,
Notification cancelled due to vendor change,Customer Service / Call Center,,,,,,,,,
Notification cancelled due to vendor change,Customer Service / Call Center,,,,,,,,,
Notification cancelled due to vendor change,Customer Service / Call Center,,,,,,,,,
Notification cancelled due to vendor change,Customer Service / Call Center,,,,,,,,,
Case already executed,Customer Service / Call Center,,,,,,,,,
Visit not done,Customer Service / Call Center,,,,,,,,,
Notification cancelled due to vendor change,Customer Service / Call Center,,,,,,,,,
Notification cancelled due to vendor change,Customer Service / Call Center,,,,,,,,,
Notification cancelled due to vendor change,Customer Service / Call Center,,,,,,,,,
Notification cancelled due to vendor change,Customer Service / Call Center,,,,,,,,,
Notification cancelled due to vendor change,Customer Service / Call Center,,,,,,,,,
Visit not done,Customer Service / Call Center,,,,,,,,,
Notification cancelled as per mail by MMG HT group,Customer Service / Call Center,,,,,,,,,
Visit not done,Customer Service / Call Center,,,,,,,,,
Notification cancelled due to vendor change,Customer Service / Call Center,,,,,,,,,
Notification cancelled due to vendor change,Customer Service / Call Center,,,,,,,,,
Notification cancelled due to vendor change,Customer Service / Call Center,,,,,,,,,
Notification cancelled due to vendor change,Customer Service / Call Center,,,,,,,,,
Notification cancelled due to vendor change,Customer Service / Call Center,,,,,,,,,
Notification cancelled due to vendor change,Customer Service / Call Center,,,,,,,,,
Notification cancelled due to vendor change,Customer Service / Call Center,,,,,,,,,
Notification cancelled due to vendor change,Customer Service / Call Center,,,,,,,,,
Notification cancelled due to vendor change,Customer Service / Call Center,,,,,,,,,
Notification cancelled due to vendor change,Customer Service / Call Center,,,,,,,,,
Notification cancelled due to vendor change,Customer Service / Call Center,,,,,,,,,
Notification cancelled due to vendor change,Customer Service / Call Center,,,,,,,,,
Notification cancelled due to vendor change,Customer Service / Call Center,,,,,,,,,
Visit not done,Customer Service / Call Center,,,,,,,,,
Notification cancelled due to vendor change,Customer Service / Call Center,,,,,,,,,
Notification cancelled due to vendor change,Customer Service / Call Center,,,,,,,,,
Visit not done,Customer Service / Call Center,,,,,,,,,
Visit not done,Customer Service / Call Center,,,,,,,,,
Notification cancelled due to vendor change,Customer Service / Call Center,,,,,,,,,
Notification cancelled due to vendor change,Customer Service / Call Center,,,,,,,,,
Notification cancelled due to vendor change,Customer Service / Call Center,,,,,,,,,
Notification cancelled due to vendor change,Customer Service / Call Center,,,,,,,,,
Notification cancelled due to vendor change,Customer Service / Call Center,,,,,,,,,
Notification cancelled due to vendor change,Customer Service / Call Center,,,,,,,,,
Notification cancelled due to vendor change,Customer Service / Call Center,,,,,,,,,
Notification cancelled due to vendor change,Customer Service / Call Center,,,,,,,,,
Notification cancelled due to vendor change,Customer Service / Call Center,,,,,,,,,
Notification cancelled due to vendor change,Customer Service / Call Center,,,,,,,,,
Notification cancelled due to vendor change,Customer Service / Call Center,,,,,,,,,
Notification cancelled due to vendor change,Customer Service / Call Center,,,,,,,,,
Notification cancelled due to vendor change,Customer Service / Call Center,,,,,,,,,
Notification cancelled due to vendor change,Customer Service / Call Center,,,,,,,,,
Notification cancelled due to vendor change,Customer Service / Call Center,,,,,,,,,
Notification cancelled due to vendor change,Customer Service / Call Center,,,,,,,,,
Notification cancelled due to vendor change,Customer Service / Call Center,,,,,,,,,
Notification cancelled due to vendor change,Customer Service / Call Center,,,,,,,,,
Notification cancelled due to vendor change,Customer Service / Call Center,,,,,,,,,
Notification cancelled due to vendor change,Customer Service / Call Center,,,,,,,,,
Visit not done,Customer Service / Call Center,,,,,,,,,
Notification cancelled due to vendor change,Customer Service / Call Center,,,,,,,,,
Notification cancelled due to vendor change,Customer Service / Call Center,,,,,,,,,
Notification cancelled due to vendor change,Customer Service / Call Center,,,,,,,,,
Notification cancelled due to vendor change,Customer Service / Call Center,,,,,,,,,
Notification cancelled due to vendor change,Customer Service / Call Center,,,,,,,,,
Notification cancelled due to vendor change,Customer Service / Call Center,,,,,,,,,
Notification cancelled due to vendor change,Customer Service / Call Center,,,,,,,,,
Notification cancelled due to vendor change,Customer Service / Call Center,,,,,,,,,
Notification cancelled due to vendor change,Customer Service / Call Center,,,,,,,,,
Visit not done,Customer Service / Call Center,,,,,,,,,
Mentioned meter is not found at mentioned address meter is not traceable therefore same couldnt be tested,Field Operations / Meter Testing,,,,,,,,,
Meter not found on Specified location also wrong numbers are been provided so no communication could be build for tracing meter,Field Operations / Meter Testing,,,,,,,,,
Address Not found At the Mentioned pole So Meter could not be Tested,Field Operations / Meter Testing,,,,,,,,,
Address Not found At the Mention Pole Mobile number Available but not Proper response So Meter not be Tested,Field Operations / Meter Testing,,,,,,,,,
No responsible person found at site also no response on telecommunication hence meter is not traceable therefore same couldnt be tested,Field Operations / Meter Testing,,,,,,,,,
Adress not found At the Mention pole And mobile number Available but Mobile number Not Correct So Meter could not be Tested,Field Operations / Meter Testing,,,,,,,,,
Address Not found At the Mention Pole Mobile number Available but Cansumer Not Corrective Response So Meter could not be Tested,Field Operations / Meter Testing,,,,,,,,,
Address Not found At the Mention pole And mobile number Available but Mobile not proper response So Meter could not be Tested,Field Operations / Meter Testing,,,,,,,,,
Address Not found At the Mention Pole Mobile number Available but not Proper Corrective Response So Meter could not be Tested,Field Operations / Meter Testing,,,,,,,,,
meter not found on pole and Contact number not found in ffa,Field Operations / Meter Testing,,,,,,,,,
Adress not found At the Mention pole Mobile number Available but Mobile number Not Corrective Response So Meter could not be Tested,Field Operations / Meter Testing,,,,,,,,,
Mentioned meter is not found at mentioned address meter is not traceable therefore same couldnt be tested,Field Operations / Meter Testing,,,,,,,,,
Site unsafe for meter testing discuss with consumer sh Ravinder Dabas phone no,Field Operations / Meter Testing,,,,,,,,,
no space for ct so unsafe conditions aqua check connection,Field Operations / Meter Testing,,,,,,,,,
Side unsafe for meter testing due to open joints alongwith jumbling of wire so meter could not be test discuss with consumer sh Vijender Singh phone no,Field Operations / Meter Testing,,,,,,,,,
Site found unsafe meter found in unsafe condition and meter has fallen on ground so meter needs to be rectification required,Field Operations / Meter Testing,,,,,,,,,
Meter Hanging on Wall Meter Unsafe Condition So Meter Could not be Tested,Field Operations / Meter Testing,,,,,,,,,
Meter Hanging alongwith incoming service line at the time of testing unsafe for testing so meter could not be test discuss with consumer smt Priti phone no,Field Operations / Meter Testing,,,,,,,,,
Meter at unsafe conditionsso meter could not be tested,Field Operations / Meter Testing,,,,,,,,,
Side unsafe for meter testing due output wire insulation damage alongwith meter box found damage so meter could not be test,Field Operations / Meter Testing,,,,,,,,,
meter install at long height so meter could not be tested,Field Operations / Meter Testing,,,,,,,,,
Meter Hagging On Wall So Meter Unsafe Condition So Meter could not be Tested,Field Operations / Meter Testing,,,,,,,,,
Meter Could not be tested Meter Is hanging on the wall in unsafe for meter testing,Field Operations / Meter Testing,,,,,,,,,
No Space For Meter Testing So Meter Unsafe Condition So Meter Could not be Tested,Field Operations / Meter Testing,,,,,,,,,
Meter is at unsafe location therefore same couldnt be tested water logging and Fencing found locked rectification required for the same for meter testing Pole Number HT,Field Operations / Meter Testing,,,,,,,,,
Site found unsafe meter hanging on wire and meter box found totally broken so meter could not be tested at site,Field Operations / Meter Testing,,,,,,,,,
water logging unsafe conditions,Field Operations / Meter Testing,,,,,,,,,
Meter at unsafe conditions so meter could not be tested at the time of testing,Field Operations / Meter Testing,,,,,,,,,
Site found unsafe meter hanging on pole and meter box found broken so meter could not be tested at site,Field Operations / Meter Testing,,,,,,,,,
Materials found front of meter at the time of testing so meter could not be test discuss with consumer sh Vimelssh phone no,Field Operations / Meter Testing,,,,,,,,,
no sufficient space for ct so unsafe conditions,Field Operations / Meter Testing,,,,,,,,,
Site found unsafe meter found in unsafe condition water logging found near meter and no suitable space for meter testing,Field Operations / Meter Testing,,,,,,,,,
mccb in unsafe conditions information given to consumer,Field Operations / Meter Testing,,,,,,,,,
meter at unsafe condition meter put on near vegetation so could not be meter tasted,Field Operations / Meter Testing,,,,,,,,,
open wire at mccb outputso unsafe conditions advised consumer to repair the same,Field Operations / Meter Testing,,,,,,,,,
site under construction so meter at unsafe condition so meter could not be tested,Field Operations / Meter Testing,,,,,,,,,
Side unsafe for meter testing due to materials found front of meter at the time of testing so meter could not be test discuss with consumer sh Nirmal Singh phone no,Field Operations / Meter Testing,,,,,,,,,
Sitefound unsafe meter found in unsafecondition and meter has fallen on ground so meter needs to berectification required,Field Operations / Meter Testing,,,,,,,,,
meter at unsafe condition meter hanging on wall with armor wire,Field Operations / Meter Testing,,,,,,,,,
meter at unsafe condition Debris has fallen near the meter,Field Operations / Meter Testing,,,,,,,,,
site under construction so meter could not be tested,Field Operations / Meter Testing,,,,,,,,,
Meter is installed at unsafe position installed at long height with jumbling there nearby of meter meter is installed at pole which couldnt be tested due to height and Cable jumbling hazard therefore same couldnt be tested rectification required for the same,Field Operations / Meter Testing,,,,,,,,,
No Space For Meter Testing Side Unsafe So Meter could not be Tested,Field Operations / Meter Testing,,,,,,,,,
Site found unsafe Meter found in unsafe condition Meter hanging on wall So meter could not be tested at site,Field Operations / Meter Testing,,,,,,,,,
Side unsafe for meter testing due to materials found front of meter at the time of testing discuss with consumer sh Harsh phone no,Field Operations / Meter Testing,,,,,,,,,
Side unsafe for meter testing due to raw materials found front of meter discuss with consumer sh Inderjeet,Field Operations / Meter Testing,,,,,,,,,
meter site is unsafe condition meter box broken meter hang on wall so Meter couldnt be tested,Field Operations / Meter Testing,,,,,,,,,
Side unsafe for meter testing due to meter hanging alongwith incoming service line at the time of testing discuss with consumer sh Md Aqdas phone no,Field Operations / Meter Testing,,,,,,,,,
no sufficient space for testing vegetation near meter,Field Operations / Meter Testing,,,,,,,,,
Site found unsafe meter hanging on wall no suitable space for meter testing,Field Operations / Meter Testing,,,,,,,,,
Meter at unsafe conditions so meter could not be tested at the time of the testing,Field Operations / Meter Testing,,,,,,,,,
No Space For Meter Testing So Meter Unsafe Condition So Meter could not be Tested,Field Operations / Meter Testing,,,,,,,,,
Not suitable space for meter testing site is unsafe conditions so meter could not be test,Field Operations / Meter Testing,,,,,,,,,
Meter at unsafe conditions side unsafe for the meter testing due to materials found front of meter at the time of testing so meter could not be test discuss with consumer sh Bhanu,Field Operations / Meter Testing,,,,,,,,,
meter at unsafe condition meter install at ground level near mudd,Field Operations / Meter Testing,,,,,,,,,
Meter hanging alongwith incoming service line at the time of testing unsafe for testing so meter could not be test discuss with consumer Smt Manju,Field Operations / Meter Testing,,,,,,,,,
Site found unsafe meter found in unsafe condition meter hanging on stair so meter could not be tested at site,Field Operations / Meter Testing,,,,,,,,,
meter at unsafe condition meter hanging on wall site under construction,Field Operations / Meter Testing,,,,,,,,,
joints in output cables so unsafe conditions,Field Operations / Meter Testing,,,,,,,,,
meter box cover found broken need replacement,Field Operations / Meter Testing,,,,,,,,,
water logging so unsafe conditions,Field Operations / Meter Testing,,,,,,,,,
Site found unsafe Meter found in unsafe condition Meter hanging on wall So meter could not be tested at site,Field Operations / Meter Testing,,,,,,,,,
Side unsafe for meter testing due to materials found front of meter at the time of testing so meter could not be test discuss with consumer sh Pardeep,Field Operations / Meter Testing,,,,,,,,,
Side unsafe for meter testing due to no suitable space for meter test,Field Operations / Meter Testing,,,,,,,,,
mccb not available at site so unsafe conditions,Field Operations / Meter Testing,,,,,,,,,
Meter Hanging on Wall So Meter Unsafe Condition So Meter could not be Tested,Field Operations / Meter Testing,,,,,,,,,
meter box found broken and meter hanging,Field Operations / Meter Testing,,,,,,,,,
unsafe conditions,Field Operations / Meter Testing,,,,,,,,,
Side unsafe for meter testing due to raw materials found of meter at the time of testing so meter could not be test,Field Operations / Meter Testing,,,,,,,,,
Side unsafe for meter testing due to renovation no space for meter testing at the time of testing so meter could not be test discuss with consumer sh Dinesh phone no,Field Operations / Meter Testing,,,,,,,,,
Side unsafe for meter testing due to raw material found front of meter at the time of testing so meter could not be test discuss with Kapil,Field Operations / Meter Testing,,,,,,,,,
Side unsafe for meter testing due to materials found front of meter at the time of testing discuss sh Ravi,Field Operations / Meter Testing,,,,,,,,,
no space for ct so unsafe conditions,Field Operations / Meter Testing,,,,,,,,,
cable jumbling at site so unsafe conditions,Field Operations / Meter Testing,,,,,,,,,
no space for ct so unsafe conditions,Field Operations / Meter Testing,,,,,,,,,
accuacheck connection not possible in unsafe conditions,Field Operations / Meter Testing,,,,,,,,,
no load on meter mcb not available so unsafe conditions,Field Operations / Meter Testing,,,,,,,,,
Due to unaccessablity to HT Meter Room meter couldnt be tested as no proper accessible way is been provided by Consumer Photographs has been attached,Field Operations / Meter Testing,,,,,,,,,
meter output cables fount burnt so unsefe condition,Field Operations / Meter Testing,,,,,,,,,
Meter unsafe Condition So Meter could not be Tested,Field Operations / Meter Testing,,,,,,,,,
no space for meter testing,Field Operations / Meter Testing,,,,,,,,,
meter box hanging so meter box rectification required,Field Operations / Meter Testing,,,,,,,,,
Not suitable space for meter testing,Field Operations / Meter Testing,,,,,,,,,
Side unsafe for meter testing due to materials found front of meter at the time of testing discuss with consumer sh Dharmveer phone no,Field Operations / Meter Testing,,,,,,,,,
Meter Hanging on Wall So Meter Unsafe Condition So Meter could not be Tested,Field Operations / Meter Testing,,,,,,,,,
Meter in unsafe condition so meter could be tested at the time of testing,Field Operations / Meter Testing,,,,,,,,,
meter one phase output cables found heated so unsafe conditionsinform to consumer,Field Operations / Meter Testing,,,,,,,,,
Output wire insulation found damage alongwith loose connection at the time of testing unsafe for testing so meter could not be test discuss with consumer,Field Operations / Meter Testing,,,,,,,,,
Side unsafe for meter testing due to output wire found brunt and meter hanging at pole at the time of testing,Field Operations / Meter Testing,,,,,,,,,
Site found unsafe meter hanging on wall so meter could not be tested at site,Field Operations / Meter Testing,,,,,,,,,
meter unsafe condition meter hanging on air,Field Operations / Meter Testing,,,,,,,,,
Meter at Unsafe Conditions No space of CT conection so meter could not be tested,Field Operations / Meter Testing,,,,,,,,,
Side unsafe for meter testing due to raw materials found front of meter at the time of testing discuss with sh Ramprasad phone no,Field Operations / Meter Testing,,,,,,,,,
Site found unsafe meter hanging on wall so meter could not be tested at site,Field Operations / Meter Testing,,,,,,,,,
meter found in unsafe condition no suitable space for meter testing due to vegetation found near meter,Field Operations / Meter Testing,,,,,,,,,
no space for ct so unsafe conditions,Field Operations / Meter Testing,,,,,,,,,
meter hanging on wall unsafely not proper mount on wall so meter unsafe condition,Field Operations / Meter Testing,,,,,,,,,
Meter is installed at long height hence same couldnt be tested due to long height photographs has been attached,Field Operations / Meter Testing,,,,,,,,,
no space for ct so unsafe conditions,Field Operations / Meter Testing,,,,,,,,,
meter at unsafe condition meter hanging on wall not proper mount so meter could not be tasted,Field Operations / Meter Testing,,,,,,,,,
Side unsafe for meter testing at the time of testing due to site under renovation so meter could not be test,Field Operations / Meter Testing,,,,,,,,,
meter site is unsafe conditions meter insttald Long height so meter couldnt be tested,Field Operations / Meter Testing,,,,,,,,,
no space for ct so unsafe conditions,Field Operations / Meter Testing,,,,,,,,,
meter site is unsafe conditionmeter installed logh height more than feet so meter couldnt be tested,Field Operations / Meter Testing,,,,,,,,,
meter site is unsafe conditions meter hang on wall so meter couldnt be tested,Field Operations / Meter Testing,,,,,,,,,
Side unsafe for meter testing due to materials found front of meter at the time of testing so meter could not be test discuss with consumer sh Krishna Pandey phone no,Field Operations / Meter Testing,,,,,,,,,
meter Installed in stairs so unsafe conditions,Field Operations / Meter Testing,,,,,,,,,
meter fully unsafe condition meter hanging on pole so meter unsafe could not be tasted,Field Operations / Meter Testing,,,,,,,,,
Side unsafe for meter testing due to no suitable space for meter test discuss with consumer sh Lakhan phone no,Field Operations / Meter Testing,,,,,,,,,
Side unsafe for meter testing due to materials found front of meter at the time of testing discuss with consumer sh Hawa singh phone no,Field Operations / Meter Testing,,,,,,,,,
Side unsafe for meter testing due to no suitable space for meter test at the time of testing,Field Operations / Meter Testing,,,,,,,,,
no space for ct so unsafe conditions,Field Operations / Meter Testing,,,,,,,,,
meter at unsafe condition meter fell down the stairs,Field Operations / Meter Testing,,,,,,,,,
Side unsafe for meter testing due to materials found front of meter at the time of testing so meter could not be test,Field Operations / Meter Testing,,,,,,,,,
side unsafe for meter testing due to meter found long height so meter could not be test,Field Operations / Meter Testing,,,,,,,,,
meter hanging on The pole so unsafe conditions,Field Operations / Meter Testing,,,,,,,,,
Meter installed on height more than fit so meter is unsafe conditions so meter could not be test,Field Operations / Meter Testing,,,,,,,,,
Meter On Height Fit So Meter Unsafe Condition So Meter could not be Tested,Field Operations / Meter Testing,,,,,,,,,
Meter is installed at unsafe location Used scrap seals found inside the Meter Chamber box with treansformer oil filled inside the Chamber Also oil leakage from Upper valve of Transformer hence meter could not be tested and Mail sent to zone,Field Operations / Meter Testing,,,,,,,,,
No Space For Meter Testing no Suitable Space For Meter Testing So Meter Unsafe Condition So Meter could not be Tested,Field Operations / Meter Testing,,,,,,,,,
Side unsafe for meter testing due to wire insulation damage The Squirrel has cut the output wire insulation so meter could not be test discuss with consumer sh Ramavtar phone no,Field Operations / Meter Testing,,,,,,,,,
Meter site is unsafe condition meter incoming wire pvc insulation broken so Meter site unsafe condition thatsway Meter couldnt be tested,Field Operations / Meter Testing,,,,,,,,,
Meter box cover found damage at the time of testing so meter could not be test,Field Operations / Meter Testing,,,,,,,,,
Meter tested as per all safety normsAll display parameters found OK at the time of meter testingmeter box found damage,Field Operations / Meter Testing,,,,,,,,,
Meter Box damage so meter could not be tested,Field Operations / Meter Testing,,,,,,,,,
Meter Box damage and unsafe conditions so meter could not be tested,Field Operations / Meter Testing,,,,,,,,,
Meter box damageso meter could not be tested at the time of the testing,Field Operations / Meter Testing,,,,,,,,,
meter box damage on back side,Field Operations / Meter Testing,,,,,,,,,
Meter not traceable at site given pole number or address is wrong,Field Operations / Meter Testing,,,,,,,,,
meter not traceable pole no wrong,Field Operations / Meter Testing,,,,,,,,,
meter not traceable pole no wrong,Field Operations / Meter Testing,,,,,,,,,
meter not traceable at site,Field Operations / Meter Testing,,,,,,,,,
meter not tracebale at site so meter could not be test,Field Operations / Meter Testing,,,,,,,,,
SITE METER NOT TRACEABLE SO METER COULDNT BE TESTED AT THE TIME OF TESTING,Field Operations / Meter Testing,,,,,,,,,
meter not traceable at site no call response,Field Operations / Meter Testing,,,,,,,,,
SITE METER NOT TRACEABLE AT SITE NO RESPONSE ON GIVEN PHONE NUMBER SO METER COULDNT BE TESTED AT THE TIME OF TESTING,Field Operations / Meter Testing,,,,,,,,,
meter not traceable at site,Field Operations / Meter Testing,,,,,,,,,
Meter not Traceable at site said Pole at the time of testing,Field Operations / Meter Testing,,,,,,,,,
SITE METER NOT TRACEABLE AT SITE NO RESPONSE ON GIVEN PHONE NUMBER SO METER COULDNT BE TESTED AT THE TIME OF TESTING,Field Operations / Meter Testing,,,,,,,,,
meter not traceable at site no and phone not working,Field Operations / Meter Testing,,,,,,,,,
Meter not Traceable At Site So Meter could not be Tested,Field Operations / Meter Testing,,,,,,,,,
Meter not traceable said pole at the time of testing so meter could not be test,Field Operations / Meter Testing,,,,,,,,,
premises found locked thatsway Meter couldnt be tested,Field Operations / Meter Testing,,,,,,,,,
Premises found locked no response on telecommunication also mo responsible person is at site,Field Operations / Meter Testing,,,,,,,,,
Premises found locked three times visit done so meter could not be test,Field Operations / Meter Testing,,,,,,,,,
permises found locked so meter could not be tested,Field Operations / Meter Testing,,,,,,,,,
Premises found locked so meter could not be tested,Field Operations / Meter Testing,,,,,,,,,
two times site visited both time premises found locked,Field Operations / Meter Testing,,,,,,,,,
premises found locked thatsway Meter couldnt be tested,Field Operations / Meter Testing,,,,,,,,,
Premises found locked so meter could not be tested at site,Field Operations / Meter Testing,,,,,,,,,
PREMISES FOUND LOCKED SO METER COULDNT BE TESTED AT THE TIME OF TESTING,Field Operations / Meter Testing,,,,,,,,,
permises found locked so meter could not be tested,Field Operations / Meter Testing,,,,,,,,,
Panel of Meter found locked also no responsible person is at site therfore same couldnt be tested photographs has been attached,Field Operations / Meter Testing,,,,,,,,,
permises found locked so meter could not be tested,Field Operations / Meter Testing,,,,,,,,,
Premises found Locked consumer is not picking the phone please provide alternate contact number,Field Operations / Meter Testing,,,,,,,,,
Premises found locked and no response on given phone number so meter could not be tested at site,Field Operations / Meter Testing,,,,,,,,,
PREMISES FOUND LOCKED SO METER COULDNT BE TESTED AT THE TIME OF TESTING,Field Operations / Meter Testing,,,,,,,,,
permises found locked so meter could not be tested,Field Operations / Meter Testing,,,,,,,,,
Premises found Locked,Field Operations / Meter Testing,,,,,,,,,
permises found locked,Field Operations / Meter Testing,,,,,,,,,
permises found locked,Field Operations / Meter Testing,,,,,,,,,
PREMISES FOUND LOCKED SO METER COULDNT BE TESTED AT THE TIME OF TESTING,Field Operations / Meter Testing,,,,,,,,,
CONSUMER NOT PROVIDE KEY SO METER COULDNT BE TESTED AT THE TIME OF TESTING,Field Operations / Meter Testing,,,,,,,,,
Premises found locked at the time of testing discuss with consumer sh Vikas phone no,Field Operations / Meter Testing,,,,,,,,,
time visit but premises found locked no response on call,Field Operations / Meter Testing,,,,,,,,,
PREMISES FOUND LOCKED CONSUMER NOT RESPONDING GIVEN PHONE NUMBER SO METER COULDNT BE TESTED AT THE TIME OF TESTING,Field Operations / Meter Testing,,,,,,,,,
permises found locked so meter could not be tested,Field Operations / Meter Testing,,,,,,,,,
premises found locked so could not be meter tasted,Field Operations / Meter Testing,,,,,,,,,
Long time premises found locked so meter could not be tested,Field Operations / Meter Testing,,,,,,,,,
permises found locked so meter could not be tested,Field Operations / Meter Testing,,,,,,,,,
Premises found locked Phone number is not reachable,Field Operations / Meter Testing,,,,,,,,,
permises found locked so meter could not be tested,Field Operations / Meter Testing,,,,,,,,,
meter Room door found locked at the time of testing Key not provided by sh Akash phone no so meter could not be test,Field Operations / Meter Testing,,,,,,,,,
PREMISES FOUND LOCKED SO METER COULDNT BE TESTED AT THE TIME OF TESTING,Field Operations / Meter Testing,,,,,,,,,
time visit but premises found locked no response on call,Field Operations / Meter Testing,,,,,,,,,
premises found locked so meter could not be tested,Field Operations / Meter Testing,,,,,,,,,
premises found locked so meter could not be tested,Field Operations / Meter Testing,,,,,,,,,
three times site visited all times premises found locked so meter could not be tested consumer not giving proper response on phone,Field Operations / Meter Testing,,,,,,,,,
Premises found locked no responsible person is found at site therefore meter couldnt be reached hence same couldnt be tested Also meter is not in use,Field Operations / Meter Testing,,,,,,,,,
PREMISES FOUND LOCKED SO METER COULDNT BE TESTED AT THE TIME OF TESTING,Field Operations / Meter Testing,,,,,,,,,
permises found locked so meter could not be tested,Field Operations / Meter Testing,,,,,,,,,
PREMISES FOUND LOCKED SO METER COULDNT BE TESTED AT THE TIME OF TESTING,Field Operations / Meter Testing,,,,,,,,,
premises found locked no person at side at the time of testing discuss with consumer shRajpal Sharma on phone no,Field Operations / Meter Testing,,,,,,,,,
premises found locked no response on given phone number so meter could not be tested at site,Field Operations / Meter Testing,,,,,,,,,
Premises found locked and no response on given phone number,Field Operations / Meter Testing,,,,,,,,,
PREMISES FOUND LOCKED SO METER COULDNT BE TESTED AT THE TIME OF TESTING,Field Operations / Meter Testing,,,,,,,,,
premises found locked so meter could not be tested,Field Operations / Meter Testing,,,,,,,,,
PREMISES FOUND LOCKED METER COULDNT BE TESTED AT THE TIME OF TESTING,Field Operations / Meter Testing,,,,,,,,,
permises found locked so meter could not be tested,Field Operations / Meter Testing,,,,,,,,,
PREMISES FOUND LOCKED SO METER COULDNT BE TESTED AT THE TIME OF TESTING,Field Operations / Meter Testing,,,,,,,,,
PREMISES FOUND LOCKED SO METER COULDNT BE TESTED AT THE TIME OF TESTING,Field Operations / Meter Testing,,,,,,,,,
premises found locked so meter could not be tested,Field Operations / Meter Testing,,,,,,,,,
PREMISES FOUND LOCKED SO METER COULDNT BE TESTED AT THE TIME OF TESTING,Field Operations / Meter Testing,,,,,,,,,
Premises found locked no response on given phone number,Field Operations / Meter Testing,,,,,,,,,
long time premises found locked so meter could not be tested,Field Operations / Meter Testing,,,,,,,,,
Premises found locked so meter could not be tested,Field Operations / Meter Testing,,,,,,,,,
PREMISES FOUND LOCKED SO METER COULDNT BE TESTED AT THE TIME OF TESTING,Field Operations / Meter Testing,,,,,,,,,
Premises found locked from one year,Field Operations / Meter Testing,,,,,,,,,
permises found locked so meter could not be tested,Field Operations / Meter Testing,,,,,,,,,
premises found locked meter couldnt be tested,Field Operations / Meter Testing,,,,,,,,,
premises found locked so meter could not be tested,Field Operations / Meter Testing,,,,,,,,,
premises found locked so meter could not be tested,Field Operations / Meter Testing,,,,,,,,,
Premises found locked no response on given phone number so meter could not be tested at site,Field Operations / Meter Testing,,,,,,,,,
premises found licked,Field Operations / Meter Testing,,,,,,,,,
time visit but premises found locked no response on call,Field Operations / Meter Testing,,,,,,,,,
Premises found locked,Field Operations / Meter Testing,,,,,,,,,
permises found locked no response on call so meter could not be tested,Field Operations / Meter Testing,,,,,,,,,
PREMISES FOUND LOCKED SO METER COULDNT BE TESTED AT THE TIME OF TESTING,Field Operations / Meter Testing,,,,,,,,,
Premises found locked no responsible person us found at site therefore meter is not reachable for Meter testing,Field Operations / Meter Testing,,,,,,,,,
time visit but premises found locked,Field Operations / Meter Testing,,,,,,,,,
premises found locked so meter could not be tested,Field Operations / Meter Testing,,,,,,,,,
premises found locked so meter could not be tested,Field Operations / Meter Testing,,,,,,,,,
premises found locked so meter could not be tested,Field Operations / Meter Testing,,,,,,,,,
time visit but premises found locked no response on call,Field Operations / Meter Testing,,,,,,,,,
premises found locked so meter could not be tested,Field Operations / Meter Testing,,,,,,,,,
Premises found locked no person at site and phone number not reachable,Field Operations / Meter Testing,,,,,,,,,
Three time visit but permises found locked so meter could not be tested,Field Operations / Meter Testing,,,,,,,,,
Three time visit but permises found locked so meter could not be tested,Field Operations / Meter Testing,,,,,,,,,
premises found locked so meter could not be tested,Field Operations / Meter Testing,,,,,,,,,
premises found locked,Field Operations / Meter Testing,,,,,,,,,
premises found locked no response on given phone number so meter could not be tested at site,Field Operations / Meter Testing,,,,,,,,,
Mentioned meter is not found at mentioned address meter is not traceable therefore same couldnt be tested,Field Operations / Meter Testing,,,,,,,,,
premises found locked no response on given phone number so meter could not be tested at site,Field Operations / Meter Testing,,,,,,,,,
Premises found locked no person at site,Field Operations / Meter Testing,,,,,,,,,
permanent premises found locked,Field Operations / Meter Testing,,,,,,,,,
premises found locked no person at site,Field Operations / Meter Testing,,,,,,,,,
PREMISES FOUND LOCKED SO METER COULDNT BE TESTED AT THE TIME OF TESTING,Field Operations / Meter Testing,,,,,,,,,
Premises found locked no responsible person found at site hence meter couldnt be tested photographs has been attached,Field Operations / Meter Testing,,,,,,,,,
premises found locked,Field Operations / Meter Testing,,,,,,,,,
premises found locked no person at site,Field Operations / Meter Testing,,,,,,,,,
premises found locked no person at site,Field Operations / Meter Testing,,,,,,,,,
Premises found locked no person at site,Field Operations / Meter Testing,,,,,,,,,
PREMISES FOUND LOCKED SO METER COULDNT BE TESTED AT THE TIME OF TESTING,Field Operations / Meter Testing,,,,,,,,,
time visit but premises found locked,Field Operations / Meter Testing,,,,,,,,,
permises found locked so meter could not be tested,Field Operations / Meter Testing,,,,,,,,,
meter couldnt be tested because premises found locked,Field Operations / Meter Testing,,,,,,,,,
No person at site Found,Field Operations / Meter Testing,,,,,,,,,
Premises found locked so meter could not be tested at site,Field Operations / Meter Testing,,,,,,,,,
time visit but premises found locked so could not be meter tasted,Field Operations / Meter Testing,,,,,,,,,
premises found locked no response on given phone number so meter could not be tested at site,Field Operations / Meter Testing,,,,,,,,,
No person at site no response on given phone number so meter could not be tested at the time of testing,Field Operations / Meter Testing,,,,,,,,,
permises found locked so meter could not be tested,Field Operations / Meter Testing,,,,,,,,,
premises found locked so meter could not be tested,Field Operations / Meter Testing,,,,,,,,,
premises found locked so meter could not be tested at the time of the testing,Field Operations / Meter Testing,,,,,,,,,
Premises found locked so meter could not be tested at site,Field Operations / Meter Testing,,,,,,,,,
Premises found lockedSo meter could not be test,Field Operations / Meter Testing,,,,,,,,,
Premises found locked no responsible person available at site for meter testing,Field Operations / Meter Testing,,,,,,,,,
permises found locked so meter could not be tested,Field Operations / Meter Testing,,,,,,,,,
times visit but premises found locked,Field Operations / Meter Testing,,,,,,,,,
Meter fanshing lock and consumer sh RamGanesh key not provided at the time of testing so meter could not be test Ram Ganesh mobile number,Field Operations / Meter Testing,,,,,,,,,
Premises found locked no person at side at the time of testing so meter could not be test,Field Operations / Meter Testing,,,,,,,,,
permanent premises found locked no response on call,Field Operations / Meter Testing,,,,,,,,,
PREMISES FOUND LOCKED SO METER COULDNT BE TESTED AT THE TIME OF TESTING,Field Operations / Meter Testing,,,,,,,,,
PREMISES FOUND LOCKED SO METER COULDNT BE TESTED AT THE TIME OF TESTING,Field Operations / Meter Testing,,,,,,,,,
premises found locked no response on given phone number so meter could not be tested at site,Field Operations / Meter Testing,,,,,,,,,
premises found locked no key,Field Operations / Meter Testing,,,,,,,,,
time visit but premises found locked no response on call,Field Operations / Meter Testing,,,,,,,,,
Premises found locked no person at site,Field Operations / Meter Testing,,,,,,,,,
premises found locked so could not be meter tasted,Field Operations / Meter Testing,,,,,,,,,
PREMISES FOUND LOCKED NO RESPONSE ON GIVEN PHONE NUMBER SO METER COULDNT BE TESTED AT THE TIME OF TESTING,Field Operations / Meter Testing,,,,,,,,,
permises found locked so meter could not be tested,Field Operations / Meter Testing,,,,,,,,,
premises found lockedso meter could not be tested at the time of the testing,Field Operations / Meter Testing,,,,,,,,,
premises found locked no person at site at the time of testing discuss with consumer sh Deepak on said phone no,Field Operations / Meter Testing,,,,,,,,,
long time premises found locked so could not be meter tested,Field Operations / Meter Testing,,,,,,,,,
time premises found locked no response on call,Field Operations / Meter Testing,,,,,,,,,
Three time visit but permises found locked so meter could not be tested,Field Operations / Meter Testing,,,,,,,,,
premises found locked,Field Operations / Meter Testing,,,,,,,,,
PREMISES FOUND LOCKED SO METER COULDNT BE TESTED AT THE TIME OF TESTING,Field Operations / Meter Testing,,,,,,,,,
PREMISES FOUND LOCKED SO METER COULDNT BE TESTED AT THE TIME OF TESTING,Field Operations / Meter Testing,,,,,,,,,
Premises found locked No response on call so meter could not be tested,Field Operations / Meter Testing,,,,,,,,,
Premises found locked no person at site Consumer Out of Delhi Discussion on phone,Field Operations / Meter Testing,,,,,,,,,
premises found locked,Field Operations / Meter Testing,,,,,,,,,
PREMISES FOUND LOCKED SO METER COULDNT BE TESTED AT THE TIME OF TESTING,Field Operations / Meter Testing,,,,,,,,,
Premises found locked and consum Premises found locked no response on said phone at the time of testing so meter could not be test,Field Operations / Meter Testing,,,,,,,,,
Premises found locked at the time of testing discuss with consumer on said phone,Field Operations / Meter Testing,,,,,,,,,
premises found locked,Field Operations / Meter Testing,,,,,,,,,
premises found lockedso meter couldnt be tested,Field Operations / Meter Testing,,,,,,,,,
premises found lockedso meter couldnt be tested,Field Operations / Meter Testing,,,,,,,,,
time visit but premises found locked no response on call,Field Operations / Meter Testing,,,,,,,,,
time visit but premises found locked no response on call,Field Operations / Meter Testing,,,,,,,,,
Premises found locked so meter could not be tested,Field Operations / Meter Testing,,,,,,,,,
time visit but premises found locked no response on call,Field Operations / Meter Testing,,,,,,,,,
time visit but premises found locked no response on call,Field Operations / Meter Testing,,,,,,,,,
premises found lockedso meter couldnt be tested at the time,Field Operations / Meter Testing,,,,,,,,,
Meter site premises found lockedso meter couldnt be tested,Field Operations / Meter Testing,,,,,,,,,
Premises found locked no person at site no response given phone number,Field Operations / Meter Testing,,,,,,,,,
No person at site no response given phone number so meter could not be tested at the time of testing,Field Operations / Meter Testing,,,,,,,,,
Premises found locked so meter could not be tested,Field Operations / Meter Testing,,,,,,,,,
premises found lockedso meter couldnt be tested,Field Operations / Meter Testing,,,,,,,,,
primses found locked so meter could not be tested at the time,Field Operations / Meter Testing,,,,,,,,,
Premises found locked at the time of testing so meter could not be test discuss with consumer on said phone no,Field Operations / Meter Testing,,,,,,,,,
Meter room found locked key not provided by security guard at the time of testing so meter could not be test,Field Operations / Meter Testing,,,,,,,,,
Premises found locked times visit,Field Operations / Meter Testing,,,,,,,,,
PREMISES FOUND LOCKED SO METER COULDNT BE TESTED AT THE TIME OF TESTING,Field Operations / Meter Testing,,,,,,,,,
Premises found locked so meter could not be tested,Field Operations / Meter Testing,,,,,,,,,
time visit but premises found locked no response on call,Field Operations / Meter Testing,,,,,,,,,
premises found lockedso meter couldnt be tested,Field Operations / Meter Testing,,,,,,,,,
Premises found locked so meter could not be tested at site,Field Operations / Meter Testing,,,,,,,,,
Meter site premises found lockedso meter couldnt be tested at the time,Field Operations / Meter Testing,,,,,,,,,
premises found locked no response on given phone number so meter could not be tested at site,Field Operations / Meter Testing,,,,,,,,,
no response on call,Field Operations / Meter Testing,,,,,,,,,
time visit but premises found locked no response on call,Field Operations / Meter Testing,,,,,,,,,
time visit but premises found locked no response on call,Field Operations / Meter Testing,,,,,,,,,
Meter site premises found lockedso meter couldnt be tested,Field Operations / Meter Testing,,,,,,,,,
premises found locked,Field Operations / Meter Testing,,,,,,,,,
premises found locked no response on given phone number,Field Operations / Meter Testing,,,,,,,,,
premises found lockedso meter couldnt be tested,Field Operations / Meter Testing,,,,,,,,,
PREMISES FOUND LOCKED SO METER COULDNT BE TESTED AT THE TIME OF TESTING,Field Operations / Meter Testing,,,,,,,,,
time premises found locked no response on call,Field Operations / Meter Testing,,,,,,,,,
Insufficient Load found at site also no response on telecommunication also OP of meter is inside the premises which is found locked neighbour consumer told that meter is not in use,Field Operations / Meter Testing,,,,,,,,,
PREMISES FOUND LOCKED SO METER COULDNT BE TESTED AT THE TIME OF TESTING,Field Operations / Meter Testing,,,,,,,,,
Premises found locked times visit,Field Operations / Meter Testing,,,,,,,,,
premises found locked so meter couldnt be tested,Field Operations / Meter Testing,,,,,,,,,
promises found locked so Meter couldnt be tested,Field Operations / Meter Testing,,,,,,,,,
premises found locked so meter could not be tested,Field Operations / Meter Testing,,,,,,,,,
time visit but premises found locked,Field Operations / Meter Testing,,,,,,,,,
premises found locked so meter could not be tested at site,Field Operations / Meter Testing,,,,,,,,,
time visit but premises found locked no response on call,Field Operations / Meter Testing,,,,,,,,,
time visit but premises found locked no response on call,Field Operations / Meter Testing,,,,,,,,,
PREMISES FOUND LOCKED,Field Operations / Meter Testing,,,,,,,,,
premises found locked,Field Operations / Meter Testing,,,,,,,,,
Premises found locked so meter could not be test,Field Operations / Meter Testing,,,,,,,,,
PREMISES FOUND LOCKED SO METER COULDNT BE TESTED AT THE TIME OF TESTING,Field Operations / Meter Testing,,,,,,,,,
premises found locked Meter couldnt be tested,Field Operations / Meter Testing,,,,,,,,,
premises found locked meter couldnt be tested,Field Operations / Meter Testing,,,,,,,,,
premises found lockedso meter couldnt be tested,Field Operations / Meter Testing,,,,,,,,,
time visit but premises found locked,Field Operations / Meter Testing,,,,,,,,,
Meter site premises found lockedso meter couldnt be tested,Field Operations / Meter Testing,,,,,,,,,
Premises found locked times visit,Field Operations / Meter Testing,,,,,,,,,
premises found locked so meter could not be tested at site,Field Operations / Meter Testing,,,,,,,,,
Meter room found locked key not provided by security guard at the time of testing so meter could not be test,Field Operations / Meter Testing,,,,,,,,,
time visit but premises found locked no response on call,Field Operations / Meter Testing,,,,,,,,,
premises found lockedso meter couldnt be tested,Field Operations / Meter Testing,,,,,,,,,
primises Found permanent Locked in long time So Meter Could not be Tested,Field Operations / Meter Testing,,,,,,,,,
time visit but premises found locked no response on call,Field Operations / Meter Testing,,,,,,,,,
premises found lockedso meter couldnt be tested,Field Operations / Meter Testing,,,,,,,,,
Meter site premises found lockedso meter couldnt be tested,Field Operations / Meter Testing,,,,,,,,,
NO PERSON AT SITE NO RESPONSE ON GIVEN PHONE NUMBER SO METER COULD NOT BE TESTED AT THE TIME OF TESTING,Field Operations / Meter Testing,,,,,,,,,
Premises found locked so meter could not be tested,Field Operations / Meter Testing,,,,,,,,,
premises found locked so meter could not be tested,Field Operations / Meter Testing,,,,,,,,,
premises found locked,Field Operations / Meter Testing,,,,,,,,,
premises found locked no response on call,Field Operations / Meter Testing,,,,,,,,,
time visit but premises found locked,Field Operations / Meter Testing,,,,,,,,,
premises found locked no response on given phone number so meter could not be tested at site,Field Operations / Meter Testing,,,,,,,,,
PREMISES FOUND LOCKED SO METER COULDNT BE TESTED AT THE TIME OF TESTING,Field Operations / Meter Testing,,,,,,,,,
PREMISES FOUND LOCKED SO METER COULDNT BE TESTED AT THE TIME OF TESTING,Field Operations / Meter Testing,,,,,,,,,
time visit but premises found locked,Field Operations / Meter Testing,,,,,,,,,
meter couldnt be tested because premises found locked,Field Operations / Meter Testing,,,,,,,,,
PREMISES FOUND LOCKED SO METER COULDNT BE TESTED AT THE TIME OF TESTING,Field Operations / Meter Testing,,,,,,,,,
premises found locked two times visit,Field Operations / Meter Testing,,,,,,,,,
time visit but premises found locked no response on call,Field Operations / Meter Testing,,,,,,,,,
time visit but premises found locked no response on call,Field Operations / Meter Testing,,,,,,,,,
time visit but premises found locked,Field Operations / Meter Testing,,,,,,,,,
premises found locked,Field Operations / Meter Testing,,,,,,,,,
PREMISES FOUND LOCKED SO METER COULDNT BE TESTED AT THE TIME OF TESTING,Field Operations / Meter Testing,,,,,,,,,
time visit but premises found locked,Field Operations / Meter Testing,,,,,,,,,
premises found locked no response on given phone number so meter could not be tested at site,Field Operations / Meter Testing,,,,,,,,,
premises found locked,Field Operations / Meter Testing,,,,,,,,,
premises found locked thatsway Meter couldnt be tested,Field Operations / Meter Testing,,,,,,,,,
Premises is found Sealed by MCD and meter is installed inside the premises therefore same meter couldnt be tested photographs has been attached,Field Operations / Meter Testing,,,,,,,,,
Site under construction so meter could not be tested at site,Field Operations / Meter Testing,,,,,,,,,
SITE UNDER CONSTRUCTION SO METER COULDNT BE TESTED AT THE TIME OF TESTING,Field Operations / Meter Testing,,,,,,,,,
SITE UNDER CONSTRUCTION SO METER COULDNT BE TESTED AT THE TIME OF TESTING,Field Operations / Meter Testing,,,,,,,,,
Side unsafe for meter testing due to site under renovation discuss with sh Manoj,Field Operations / Meter Testing,,,,,,,,,
Side under construction and no person at side at the time of testing so meter could not be test,Field Operations / Meter Testing,,,,,,,,,
INSUFFICIENT LOAD FOUND AT SITE SO METER COULD NOT BE TESTED,Field Operations / Meter Testing,,,,,,,,,
Insufficient load at site for meter testing,Field Operations / Meter Testing,,,,,,,,,
Insufficient load found at site for meter testing,Field Operations / Meter Testing,,,,,,,,,
Insufficient load at site for meter testing,Field Operations / Meter Testing,,,,,,,,,
insufficient load for meter testing,Field Operations / Meter Testing,,,,,,,,,
Insufficient load found at site for meter testing also no responsible person found at site photographs has been attached,Field Operations / Meter Testing,,,,,,,,,
INSUFFICIENT LOAD FOR METER TESTING,Field Operations / Meter Testing,,,,,,,,,
Insufficient ConsumptionGeneration on meter therefore same couldnt be tested photographs has been attached of running load capacitive load is running Only Kva load is running,Field Operations / Meter Testing,,,,,,,,,
Pole mounted sstn supply is disconnected from GO Switch service cable is not connected on transformer LT side,Field Operations / Meter Testing,,,,,,,,,
INSUFFICIENT LOAD FOR METER TESTING,Field Operations / Meter Testing,,,,,,,,,
Insufficient loaf found at site for meter testing construction site at Meter location also Output jumper are not available at meter end meter couldnt be tested due to lack of active load on,Field Operations / Meter Testing,,,,,,,,,
INSUFFICIENT LOAD FOR METER TESTING,Field Operations / Meter Testing,,,,,,,,,
Due to Insufficient GenerationLoad at site meter couldnt be tested At the Meter and CT Unit Bus Bar end All voltage found satisfactory which is found as RV YV and V same is been captured in Reference Meter also At consumer end Solar Incoming wire seems faulty at Solar Inverter end Voltage at Solar Inverter is as follows RN V YNV BNV RYV YBV BRV,Field Operations / Meter Testing,,,,,,,,,
At the site insufficient load was found for meter testing and it was observed that the consumer Railway is using only two phases Y and B for consumption this was conveyed telephonically to Shri Nikhil Pathal Initiator of the Internal Referred Request by Grid Incharge Shri Deepak Arora and on the meter display the instantaneous parameters were Voltage R Y B and Current R Y B,Field Operations / Meter Testing,,,,,,,,,
insufficient load for meter testing,Field Operations / Meter Testing,,,,,,,,,
No Load Found At Site For Testing So Meter could not be tested,Field Operations / Meter Testing,,,,,,,,,
Insufficient load found at site for meter testing hence testing couldnt be done Low Voltage observed in B phase kv and same is been observed in Reference,Field Operations / Meter Testing,,,,,,,,,
INSUFFICIENT LOAD FOR METER TESTING,Field Operations / Meter Testing,,,,,,,,,
NO LOAD FOUND AT SITE FOR TESTING,Field Operations / Meter Testing,,,,,,,,,
Insufficient Load found at site for meter testing hence same couldnt be tested Also Composite testing couldnt be done as asked by AMI department as remark for meter testing,Field Operations / Meter Testing,,,,,,,,,
Insufficient load found at site for meter testing hence testing couldnt be done,Field Operations / Meter Testing,,,,,,,,,
SOLAR NOT GENERATING SO METER could NOT BE TESTING,Field Operations / Meter Testing,,,,,,,,,
solar pannel not connected to mcb so zero consumption so meter could not Be tested,Field Operations / Meter Testing,,,,,,,,,
SOLAR NOT GENERATING FROM BACK END SO METER COULD NOT BE TESTED,Field Operations / Meter Testing,,,,,,,,,
insufficient load for meter testing,Field Operations / Meter Testing,,,,,,,,,
There was no load on the meter to make it suitable for testing,Field Operations / Meter Testing,,,,,,,,,
Insufficient load found at site for meter testing,Field Operations / Meter Testing,,,,,,,,,
InsufficientNo load found at site for mtr testing as complete wiring is dismantled by consumer and meter is not in use No Provision to put load for meter testing hence same couldnt be tested,Field Operations / Meter Testing,,,,,,,,,
InsufficientNo load found at site for mtr testing as complete wiring is dismantled by consumer and meter is not in use No Provision to put load for meter testing hence same couldnt be tested,Field Operations / Meter Testing,,,,,,,,,
insufficient load for meter testing,Field Operations / Meter Testing,,,,,,,,,
No load found at site for testing so Meter couldnt be tested,Field Operations / Meter Testing,,,,,,,,,
Insufficient Load Found at site for meter testing hence meter couldnt be tested,Field Operations / Meter Testing,,,,,,,,,
Insufficient load found at site hence meter couldnt be tested,Field Operations / Meter Testing,,,,,,,,,
Insufficient loadGeneration at site hence meter couldnt be tested,Field Operations / Meter Testing,,,,,,,,,
Insufficient Load Found At site for meter testing hence meter couldnt be tested,Field Operations / Meter Testing,,,,,,,,,
Insufficient load found at site for meter testing hence testing couldnt be executed,Field Operations / Meter Testing,,,,,,,,,
Insufficient Load Found for testing hence same couldnt be tested,Field Operations / Meter Testing,,,,,,,,,
Insufficient load is found at site no such equipment is present at site for loading of meter also Meter not in extensively use hence meter couldnt be tested,Field Operations / Meter Testing,,,,,,,,,
Insufficient load found at site for meter testing hence meter couldnt be tested,Field Operations / Meter Testing,,,,,,,,,
Meter not in use also Wire is found detached from MCB end hence due to Insufficient Load Meter couldnt be tested,Field Operations / Meter Testing,,,,,,,,,
Insufficient GenerationLoad found at site hence meter couldnt be tested solar is not generating,Field Operations / Meter Testing,,,,,,,,,
Insufficient load found at site hence meter couldnt be tested photographs has been tested,Field Operations / Meter Testing,,,,,,,,,
insufficient load for meter testing,Field Operations / Meter Testing,,,,,,,,,
No load found at site for meter testing hence meter couldnt be tested due to insufficient load at site,Field Operations / Meter Testing,,,,,,,,,
Insufficient LoadGeneration found at site for meter testing hence meter could be tested As per consumer right now his solar is not working,Field Operations / Meter Testing,,,,,,,,,
Insufficient load Generationfrom solar hence meter couldnt be tested also as per consumer solar is not generating from weeks due to their Personal reasons,Field Operations / Meter Testing,,,,,,,,,
Meter Outgoing cable is disconnected from MCB so meter could not be tested,Field Operations / Meter Testing,,,,,,,,,
INSUFFICIENT LOAD FOR METER TESTING,Field Operations / Meter Testing,,,,,,,,,
Insufficient Load found at site for meter Testing also Only Load found of R phase at the time of Site Visit,Field Operations / Meter Testing,,,,,,,,,
No person at site and no response on said phone at the time of testing so meter could not be test,Field Operations / Meter Testing,,,,,,,,,
insufficient load for meter testing,Field Operations / Meter Testing,,,,,,,,,
Insufficient load found at site for meter testing load is on parallel feeder with meter,Field Operations / Meter Testing,,,,,,,,,
Insufficient load found at site hence same couldnt be tested,Field Operations / Meter Testing,,,,,,,,,
Insufficient Load Found at site for meter testing hence meter couldnt be tested Meter is not in use as of now,Field Operations / Meter Testing,,,,,,,,,
Insufficient load found at site hence meter couldnt be tested,Field Operations / Meter Testing,,,,,,,,,
Insufficient Load Found At site hence same couldnt be tested,Field Operations / Meter Testing,,,,,,,,,
insufficient load for meter testing,Field Operations / Meter Testing,,,,,,,,,
insufficient load for meter testing,Field Operations / Meter Testing,,,,,,,,,
Insufficient load Found at site hence same couldnt be tested,Field Operations / Meter Testing,,,,,,,,,
insufficient load for meter testing,Field Operations / Meter Testing,,,,,,,,,
Insufficient load found at site for meter testing hence same couldnt be tested,Field Operations / Meter Testing,,,,,,,,,
Insufficient Load found at site hence meter couldnt be tested,Field Operations / Meter Testing,,,,,,,,,
Meter at over hight so meter could not be tested,Field Operations / Meter Testing,,,,,,,,,
space constraints for meter testing,Field Operations / Meter Testing,,,,,,,,,
space constraints for meter testing,Field Operations / Meter Testing,,,,,,,,,
Meter at over height so meter could not be tested photographs is attached,Field Operations / Meter Testing,,,,,,,,,
Consumer MCB And outgoing cable found burnt from MCB so Meter could not be tested site is unsafe,Field Operations / Meter Testing,,,,,,,,,
space constraints for meter testing,Field Operations / Meter Testing,,,,,,,,,
cable jumbling space constraints for meter testing,Field Operations / Meter Testing,,,,,,,,,
MCCB at over hight so meter could not be tested site is unsafe photographs is attached,Field Operations / Meter Testing,,,,,,,,,
oil leakage from CT PT UNIT SO METER COULD NOT BE TESTED,Field Operations / Meter Testing,,,,,,,,,
water logging found At site So Meter could not be Tested,Field Operations / Meter Testing,,,,,,,,,
Water logging found near site,Field Operations / Meter Testing,,,,,,,,,
Rain water logging on the way so meter could not be test discuss with consumer sh Dalip,Field Operations / Meter Testing,,,,,,,,,
Water Logging The making it impossible for us to access and check the meter,Field Operations / Meter Testing,,,,,,,,,
Water Logging The making it impossible for us to access and check the meter,Field Operations / Meter Testing,,,,,,,,,
water logging at site,Field Operations / Meter Testing,,,,,,,,,
Water Logging The making it impossible for us to access and check the meter,Field Operations / Meter Testing,,,,,,,,,
Water Logging The making it impossible for us to access and check the meter,Field Operations / Meter Testing,,,,,,,,,
Water logging found near site so meter could not be tested at site,Field Operations / Meter Testing,,,,,,,,,
water logging at site,Field Operations / Meter Testing,,,,,,,,,
Rain water logging at the time of testing so meter could not be test discuss with consumer sh Dhruv on phone no,Field Operations / Meter Testing,,,,,,,,,
Water logging on the way at the time of testing so meter could not be test,Field Operations / Meter Testing,,,,,,,,,
Mechanical meter found at site accuracy of meter is within the limit but the meter needs to be replaced under mass meter category as meter is of Class,Meter Replacement / Installation Team,,,,,,,,,
Mechanical meter found at site accuracy of meter is within the limit but the meter needs to be replaced under mass meter category as meter is of Class,Meter Replacement / Installation Team,,,,,,,,,
Mechanical meter found at site accuracy of meter is within the limit but the meter needs to be replaced under mass meter category as meter is of Class,Meter Replacement / Installation Team,,,,,,,,,
Meter tested as per all safety normsAll display parameters found OK at the time of meter testing Meter need to replace under mass meter category,Meter Replacement / Installation Team,,,,,,,,,
Mechanical meter found at site accuracy of meter is within the limit but the meter needs to be replaced under mass meter category as meter is of Class,Meter Replacement / Installation Team,,,,,,,,,
Meter tested as per all safety normsAll display parameters found OK at the time of meter testing Meter need to replace under mass meter category,Meter Replacement / Installation Team,,,,,,,,,
Meter tested as per safety norms meter accuracy found within limit at the time of testingmeter found NonReprogramm at site so meter needs to replacement required,Meter Replacement / Installation Team,,,,,,,,,
Meter accuracy found OK at the time of meter testing but mechanical meter found at site meter is of Class hence replacement required for same under mass meter category,Meter Replacement / Installation Team,,,,,,,,,
Meter accuracy found OK at the time of meter testing but mechanical meter found at site meter is of Class hence replacement required for same under mass meter category,Meter Replacement / Installation Team,,,,,,,,,
Meter accuracy found OK at the time of meter testing but mechanical meter found at site meter is of Class hence replacement required for same under mass meter category,Meter Replacement / Installation Team,,,,,,,,,
Meter accuracy found OK at the time of meter testing but mechanical meter found at site meter is of Class hence replacement required for same under mass meter category,Meter Replacement / Installation Team,,,,,,,,,
Meter accuracy found OK at the time of meter testing but mechanical meter found at site meter is of Class hence replacement required for same under mass meter category,Meter Replacement / Installation Team,,,,,,,,,
Meter accuracy found OK at the time of meter testing but mechanical meter found at site meter is of Class hence replacement required for same under mass meter category,Meter Replacement / Installation Team,,,,,,,,,
Meter accuracy found OK at the time of meter testing but mechanical meter found at site meter is of Class hence replacement required for same under mass meter category,Meter Replacement / Installation Team,,,,,,,,,
Meter accuracy found OK at the time of meter testing but mechanical meter found at site meter is of Class hence replacement required for same under mass meter category,Meter Replacement / Installation Team,,,,,,,,,
Meter accuracy found OK at the time of meter testing but mechanical meter found at site meter is of Class hence replacement required for same under mass meter category,Meter Replacement / Installation Team,,,,,,,,,
Meter accuracy found OK at the time of meter testing but mechanical meter found at site meter is of Class hence replacement required for same under mass meter category,Meter Replacement / Installation Team,,,,,,,,,
Meter accuracy found OK at the time of meter testing but mechanical meter found at site meter is of Class hence replacement required for same under mass meter category,Meter Replacement / Installation Team,,,,,,,,,
Meter accuracy found OK at the time of meter testing but mechanical meter found at site meter is of Class hence replacement required for same under mass meter category,Meter Replacement / Installation Team,,,,,,,,,
Nonreprogrammed meter found at site hence same needs to be replace under mass meter category accuracy is within limit,Meter Replacement / Installation Team,,,,,,,,,
Meter accuracy found OK at the time of meter testing but mechanical meter found at site meter is of Class hence replacement required for same under mass meter category,Meter Replacement / Installation Team,,,,,,,,,
Meter accuracy found OK at the time of meter testing but mechanical meter found at site meter is of Class hence replacement required for same under mass meter category,Meter Replacement / Installation Team,,,,,,,,,
Meter accuracy found OK at the time of meter testing but mechanical meter found at site meter is of Class hence replacement required for same under mass meter category,Meter Replacement / Installation Team,,,,,,,,,
Meter accuracy found OK at the time of meter testing but mechanical meter found at site meter is of Class hence replacement required for same under mass meter category,Meter Replacement / Installation Team,,,,,,,,,
Meter RTC fail at the time of the testingso meter is defective meter needs to replace,Meter Replacement / Installation Team,,,,,,,,,
Meter accuracy found OK at the time of meter testing but mechanical meter found at site meter is of Class hence replacement required for same under mass meter category,Meter Replacement / Installation Team,,,,,,,,,
Meter accuracy found OK at the time of meter testing but mechanical meter found at site meter is of Class hence replacement required for same under mass meter category,Meter Replacement / Installation Team,,,,,,,,,
Meter RTC fail at the time of the testingso meter is defective meter needs to replace,Meter Replacement / Installation Team,,,,,,,,,
Meter accuracy found OK at the time of meter testing but mechanical meter found at site meter is of Class hence replacement required for same under mass meter category,Meter Replacement / Installation Team,,,,,,,,,
Meter accuracy found OK at the time of meter testing but mechanical meter found at site meter is of Class hence replacement required for same under mass meter category,Meter Replacement / Installation Team,,,,,,,,,
Meter accuracy found OK at the time of meter testing but mechanical meter found at site meter is of Class hence replacement required for same under mass meter category,Meter Replacement / Installation Team,,,,,,,,,
Meter accuracy found OK at the time of meter testing but mechanical meter found at site meter is of Class hence replacement required for same under mass meter category,Meter Replacement / Installation Team,,,,,,,,,
Meter accuracy found OK at the time of meter testing but mechanical meter found at site meter is of Class hence replacement required for same under mass meter category,Meter Replacement / Installation Team,,,,,,,,,
Meter accuracy found OK at the time of meter testing but mechanical meter found at site meter is of Class hence replacement required for same under mass meter category,Meter Replacement / Installation Team,,,,,,,,,
Meter accuracy found OK at the time of meter testing but mechanical meter found at site meter is of Class hence replacement required for same under mass meter category,Meter Replacement / Installation Team,,,,,,,,,
Meter accuracy found OK at the time of meter testing but mechanical meter found at site meter is of Class hence replacement required for same under mass meter category,Meter Replacement / Installation Team,,,,,,,,,
Meter RTC fail at the time of the testingso meter is defective meter needs to replace,Meter Replacement / Installation Team,,,,,,,,,
Meter RTC fail at the time of the testingso meter is defective meter needs to replace,Meter Replacement / Installation Team,,,,,,,,,
Meter accuracy found OK at the time of meter testing but mechanical meter found at site meter is of Class hence replacement required for same under mass meter category,Meter Replacement / Installation Team,,,,,,,,,
Meter accuracy found OK at the time of meter testing but mechanical meter found at site meter is of Class hence replacement required for same under mass meter category,Meter Replacement / Installation Team,,,,,,,,,
Meter accuracy found OK at the time of meter testing but mechanical meter found at site meter is of Class hence replacement required for same under mass meter category,Meter Replacement / Installation Team,,,,,,,,,
Meter RTC fail at the time of the testingso meter is defective meter needs to replace,Meter Replacement / Installation Team,,,,,,,,,
Meter accuracy found OK at the time of meter testing but mechanical meter found at site meter is of Class hence replacement required for same under mass meter category,Meter Replacement / Installation Team,,,,,,,,,
Meter RTC fail at the time of the testingso meter is defective meter needs to replace,Meter Replacement / Installation Team,,,,,,,,,
Meter RTC Fail at the time of testing So meter needs to replacement required,Meter Replacement / Installation Team,,,,,,,,,
Meter Display not found also Meter found burnt at R and Y Phase Side inside meter body also Blackish marks observed inside the meter body therefore this meter is defective amd replacement required for the same,Meter Replacement / Installation Team,,,,,,,,,
No display at the time of testing so meter need replacement required discuss with back office TL,Meter Replacement / Installation Team,,,,,,,,,
metering pulse abnormally blinking so meter to be replaced,Meter Replacement / Installation Team,,,,,,,,,
Meter display segment not proper at the time of testing so meter need replacement required,Meter Replacement / Installation Team,,,,,,,,,
Meter ELT ON An External Load So Meter Defective Needs to be replacement At the time of testing,Meter Replacement / Installation Team,,,,,,,,,
Meter RTC fail at the time of the testingso meter is defective meter needs to replace,Meter Replacement / Installation Team,,,,,,,,,
FIGURE UPSET SO METER REPLACEMENT REQUIRED AT SITE,Meter Replacement / Installation Team,,,,,,,,,
FIGURE UPSET SO METET REPLACEMENT REQUIRED AT SITE,Meter Replacement / Installation Team,,,,,,,,,
Seven Segment display found defective therefore same needs to be replace under defective category Photograph has been attached for reference,Meter Replacement / Installation Team,,,,,,,,,
Meter RTC fail as the time of the testingso meter is defective meter needs to replace,Meter Replacement / Installation Team,,,,,,,,,
Meter ELT on at same current at the time of testing so meter defective need to replacement,Meter Replacement / Installation Team,,,,,,,,,
meter display showing Low battery so meter to replaced,Meter Replacement / Installation Team,,,,,,,,,
Seven Segment display found defective therefore same needs to be replace under defective category Photograph has been attached for reference,Meter Replacement / Installation Team,,,,,,,,,
Meter RTC failed at the time of testing so meter need to be change,Meter Replacement / Installation Team,,,,,,,,,
Meter display Segment is found defective so Meter is Defective needs to be replacement,Meter Replacement / Installation Team,,,,,,,,,
Meter display segment defective at the time of testing so meter need replacement required,Meter Replacement / Installation Team,,,,,,,,,
Meter display segment defective at the time of testing so meter need replacement required,Meter Replacement / Installation Team,,,,,,,,,
Meter is Physically damaged Meter body is found cracked just upper of Meter terminal PW meter found at site therefore same need to be replaced Meter is been sealed at meter terminal and Meter chamber Box and photographs has been atached,Meter Replacement / Installation Team,,,,,,,,,
Meter Body Found Physically damaged Meter Terminal and Its body fallen down during seal removal process for meter testing subsequently while attaching the terminal cover upper body also fallen down hence meter is physically damage and couldnt be tested and same needs replacement for further action Photographs has been attached removed Seal has been mentioned and Only Meter Chamber box seal is been installed on site,Meter Replacement / Installation Team,,,,,,,,,
meter display sagment defective so meter defective meter need to replacment,Meter Replacement / Installation Team,,,,,,,,,
Seven Segment display found defective therefore same needs to be replace under defective category Photograph has been attached for reference,Meter Replacement / Installation Team,,,,,,,,,
Meter RTC fail as the time of the testingso meter is defective meter needs to replace,Meter Replacement / Installation Team,,,,,,,,,
meter RTC failed at the time of testing so meter need to be change,Meter Replacement / Installation Team,,,,,,,,,
Meter RTC fail as the time of the testingso meter is defective meter needs to replace,Meter Replacement / Installation Team,,,,,,,,,
Meter RTC failed at the time of testing so meter need to be change,Meter Replacement / Installation Team,,,,,,,,,
Meter RTC failed at the time of testing so meter need to be change,Meter Replacement / Installation Team,,,,,,,,,
Meter RTC fail as the time of the testingso meter is defective meter needs to replace,Meter Replacement / Installation Team,,,,,,,,,
Meter RTC Failed at the time of testing so meter need to be changed,Meter Replacement / Installation Team,,,,,,,,,
Meter RTC Failed at the time of testing so meter need to be changed,Meter Replacement / Installation Team,,,,,,,,,
Meter RTC fail at the time of the testingso meter is defective meter needs to replace,Meter Replacement / Installation Team,,,,,,,,,
Meter RTC failed at the time of testing so meter need to be change,Meter Replacement / Installation Team,,,,,,,,,
RTC found fail hence the meter is defective therefore meter replacement required,Meter Replacement / Installation Team,,,,,,,,,
Meter RTC fail at the time of the testingso meter is defective meter needs to replace,Meter Replacement / Installation Team,,,,,,,,,
Meter RTC Failed at the time of testing so meter need to be changed,Meter Replacement / Installation Team,,,,,,,,,
Meter RTC fail at the time of the testingso meter is defective meter needs to replace,Meter Replacement / Installation Team,,,,,,,,,
Meter RTC failed at the time of testing so meter need to be change,Meter Replacement / Installation Team,,,,,,,,,
ELT SHOWING IN EXTERNAL LOAD SO METER REPLACEMENT REQUIRED AT SITE,Meter Replacement / Installation Team,,,,,,,,,
meter reading forward jump so meter replacement required AT site,Meter Replacement / Installation Team,,,,,,,,,
ABNORMAL PULSE BLINKING IN METER SO METER REPLACEMENT REQUIRED AT SITE,Meter Replacement / Installation Team,,,,,,,,,
Seven Segment display found faulty seven segment is partially absent meter is defective and replacement required for the same,Meter Replacement / Installation Team,,,,,,,,,
Meter display segment defective at the time of testing so meter need replacement required,Meter Replacement / Installation Team,,,,,,,,,
MDI CORRUPT METER NOT RECORDING PROPER MDI AS PER CONNECTED LOAD SO METER REPLACEMENT REQUIRED AT SITE,Meter Replacement / Installation Team,,,,,,,,,
Meter display Segment is found defective so Meter is Defective needs to be replacement,Meter Replacement / Installation Team,,,,,,,,,
Seven Segment display found defective therefore same needs to be replace under defective category Photograph has been attached for reference,Meter Replacement / Installation Team,,,,,,,,,
Meter RTC found failed hence same needs to be replaced under defective category Contacted Person Yasmin,Meter Replacement / Installation Team,,,,,,,,,
Instantaneous Values of Neutral and Phase current is Mismatching as compare with Reference Meter photographs has been attached for reference therefore same is defective and replacement required for the same Contacted Person Suraj Bhan,Meter Replacement / Installation Team,,,,,,,,,
Meter RTC fail as the time of the testingso meter is defective meter needs to replace,Meter Replacement / Installation Team,,,,,,,,,
Meter RTC fail at the time of the testingso meter is defective meter needs to replace,Meter Replacement / Installation Team,,,,,,,,,
Meter RTC fail at the time of the testingso meter is defective meter needs to replace,Meter Replacement / Installation Team,,,,,,,,,
meter display segment is defective at the time of testing so meter needs to replacement required,Meter Replacement / Installation Team,,,,,,,,,
Meter RTC Failed at the time of testing so meter need to be changed,Meter Replacement / Installation Team,,,,,,,,,
Meter RTC failed at the time of testing so meter need to be change,Meter Replacement / Installation Team,,,,,,,,,
Meter RTC fail at the time of the testingso meter is defective meter needs to replace,Meter Replacement / Installation Team,,,,,,,,,
Instantaneous Values of Neutral and Phase current is Mismatching as compare with Reference Meter photographs has been attached for reference therefore same is defective and replacement required for the same Contacted PersonSatish Kumar,Meter Replacement / Installation Team,,,,,,,,,
meter terminal burnt so meter replacement required at site,Meter Replacement / Installation Team,,,,,,,,,
RTC found fail therefore meter needs to be replace under defective category,Meter Replacement / Installation Team,,,,,,,,,
Meter calibration pulse is blinking abnormal at the time of testing So Meter is Defective need to be Replacement,Meter Replacement / Installation Team,,,,,,,,,
Instantaneous Values of Neutral and Phase current is Mismatching as compare with Reference Meter photographs has been attached for reference therefore same is defective and replacement required for the same Also RTC found Defective and EL LED glowing even on External load KW Contacted Person Muskan,Meter Replacement / Installation Team,,,,,,,,,
Instantaneous Values of Neutral and Phase current is Mismatching as compare with Reference Meter photographs has been attached for reference therefore same is defective and replacement required for the same Contacted Person Shiv Ashish Pandey,Meter Replacement / Installation Team,,,,,,,,,
meter RTC failed at the time of testing so meter need to be change,Meter Replacement / Installation Team,,,,,,,,,
MDI CORRUPT METER NOT RECORDING PROPER MDI AS PER CONNECTED LOAD SO METER REPLACEMENT REQUIRED AT SITE,Meter Replacement / Installation Team,,,,,,,,,
Meter RTC Failed so meter defective need to replacement,Meter Replacement / Installation Team,,,,,,,,,
Meter RTC failed at the time of testing so meter need to be change,Meter Replacement / Installation Team,,,,,,,,,
Meter RTC fail at the time of the testingso meter is defective meter needs to replace,Meter Replacement / Installation Team,,,,,,,,,
Meter display segment found defective so meter need to be change,Meter Replacement / Installation Team,,,,,,,,,
meter RTC failed at the time of testing so meter need to be changed,Meter Replacement / Installation Team,,,,,,,,,
Meter RTC fail at the time of the testingso meter is defective meter needs to replace,Meter Replacement / Installation Team,,,,,,,,,
Meter RTC Failed at the time of testing so meter need to be changed,Meter Replacement / Installation Team,,,,,,,,,
Meter calibration pulse abnormal blinking at the time of testing so meter needs to replacement required,Meter Replacement / Installation Team,,,,,,,,,
Instantaneous Values of Neutral and Phase current is Mismatching as compare with Reference Meter photographs has been attached for reference therefore same is defective and replacement required for the same,Meter Replacement / Installation Team,,,,,,,,,
Meter RTC Fail at the time of testing So meter needs to replacement required,Meter Replacement / Installation Team,,,,,,,,,
The Meter Display is found defective display is found struck therefore the meter needs to be replaced under the defective category,Meter Replacement / Installation Team,,,,,,,,,
Instantaneous Values of Neutral and Phase current is Mismatching as compare with Reference Meter photographs has been attached for reference therefore same is defective and replacement required for the same also RTC found fail Contacted Person Seema,Meter Replacement / Installation Team,,,,,,,,,
Meter EL and REV Led found glowing even on external load therefore meter is defective and replacement required for the same,Meter Replacement / Installation Team,,,,,,,,,
meter RTC failed at the time of testing so meter need to be changed,Meter Replacement / Installation Team,,,,,,,,,
RTC is corrupt hence Meter replacement is required,Meter Replacement / Installation Team,,,,,,,,,
Meter RTC fail as the time of the testingso meter is defective meter needs to replace,Meter Replacement / Installation Team,,,,,,,,,
Meter RTC failed at the time of testing so meter need to be change,Meter Replacement / Installation Team,,,,,,,,,
Meter RTC fail at the time of the testingso meter is defective meter needs to replace,Meter Replacement / Installation Team,,,,,,,,,
Meter calibration pulse is blinking abnormal at the time of testing So Meter is Defective need to be Replacement,Meter Replacement / Installation Team,,,,,,,,,
Meter Display Segment not Proper Showing So Meter Defective Needs to be replacement At the time of testing,Meter Replacement / Installation Team,,,,,,,,,
Meter Rtc Fail So Meter Defective Needs to be replacement,Meter Replacement / Installation Team,,,,,,,,,
meter no pulse blinking on load so meter defective need replacement,Meter Replacement / Installation Team,,,,,,,,,
Meter RTC fail at the time of the testingso meter is defective meter needs to replace,Meter Replacement / Installation Team,,,,,,,,,
ELT SHOWING IN EXTERNAL LOAD SO METER REPLACEMENT REQUIRED AT SITE,Meter Replacement / Installation Team,,,,,,,,,
Meter EL and REV Led found glowing even on external load therefore meter is defective and replacement required for the same,Meter Replacement / Installation Team,,,,,,,,,
Meter RTC fail at the time of the testingso meter is defective meter needs to replace,Meter Replacement / Installation Team,,,,,,,,,
Meter RTC fail at the time of the testingso meter is defective meter needs to replace,Meter Replacement / Installation Team,,,,,,,,,
Meter RTC Failed at the time of testing so meter need to be changed,Meter Replacement / Installation Team,,,,,,,,,
Meter RTC fail at the time of the testingso meter is defective meter needs to replace,Meter Replacement / Installation Team,,,,,,,,,
Meter RTC fail at the time of the testingso meter is defective meter needs to replace,Meter Replacement / Installation Team,,,,,,,,,
Meter RTC fail at the time of the testingso meter is defective meter needs to replace,Meter Replacement / Installation Team,,,,,,,,,
meter calibration pulse abnormal blinking so meter defective so meter need to be changed,Meter Replacement / Installation Team,,,,,,,,,
Meter RTC Failed at the time of testing so meter need to be changed,Meter Replacement / Installation Team,,,,,,,,,
Meter RTC Failed at the time of testing so meter need to be changed,Meter Replacement / Installation Team,,,,,,,,,
Meter Display Segment Not Proper Showing So Meter Defective Needs to be replacement At the time of testing,Meter Replacement / Installation Team,,,,,,,,,
Meter RTC Failed at the time of testing so meter need to be changed,Meter Replacement / Installation Team,,,,,,,,,
Meter RTC fail at the time of the testingso meter is defective meter needs to replace,Meter Replacement / Installation Team,,,,,,,,,
Meter RTC fail at the time of the testingso meter is defective meter needs to replace,Meter Replacement / Installation Team,,,,,,,,,
Meter calibration pulse abnormal blinking at the time of testing so meter defective need to replacement,Meter Replacement / Installation Team,,,,,,,,,
Meter found totally burnt at site and meter number not visible so meter needs to replacement required,Meter Replacement / Installation Team,,,,,,,,,
Instantaneous Values of Neutral and Phase current is Mismatching as compare with Reference Meter photographs has been attached for reference therefore same is defective and replacement required for the same Contacted Person Roy,Meter Replacement / Installation Team,,,,,,,,,
meter mdi not recorded as per connected load so Meter defective meter need to replacment,Meter Replacement / Installation Team,,,,,,,,,
Meter RTC fail at the time of the testingso meter is defective meter needs to replace,Meter Replacement / Installation Team,,,,,,,,,
Meter RTC failed at the time of testing so meter need to be change,Meter Replacement / Installation Team,,,,,,,,,
meter RTC failed at the time of testing so meter need to be changed,Meter Replacement / Installation Team,,,,,,,,,
Meter calibration pulse is blinking abnormal at the time of testing So Meter is Defective need to be Replacement,Meter Replacement / Installation Team,,,,,,,,,
meter RTc failed at the time of testing so meter need to be changed,Meter Replacement / Installation Team,,,,,,,,,
Meter RTC fail at the time of the testingso meter is defective meter needs to replace,Meter Replacement / Installation Team,,,,,,,,,
Meter RTC fail at the time of the testingso meter is defective meter needs to replace,Meter Replacement / Installation Team,,,,,,,,,
Meter RTC Failed at the time of testing so meter need to be changed,Meter Replacement / Installation Team,,,,,,,,,
Meter RTC fail at the time of the testingso meter is defective meter needs to replace,Meter Replacement / Installation Team,,,,,,,,,
Meter RTC fail at the time of the testingso meter is defective meter needs to replace,Meter Replacement / Installation Team,,,,,,,,,
Meter calebration pluse abnormal belinking on without load and meter terminal found melt at the time of testing so meter need replacement required Discuss with consumer sh sonu phone no,Meter Replacement / Installation Team,,,,,,,,,
Instantaneous Values of Neutral and Phase current is Mismatching as compare with Reference Meter photographs has been attached for reference therefore same is defective and replacement required for the same Contacted Person Neeraj Kumar,Meter Replacement / Installation Team,,,,,,,,,
Meter RTC failed at the time of testing so meter need to be change,Meter Replacement / Installation Team,,,,,,,,,
Meter Rtc Fail So Meter Defective Needs to be replacement,Meter Replacement / Installation Team,,,,,,,,,
Meter display is faulty so meter is defective need to be replacement,Meter Replacement / Installation Team,,,,,,,,,
Meter RTC fail as the time of the testingso meter is defective meter needs to replace,Meter Replacement / Installation Team,,,,,,,,,
Meter calibration pulse is blinking abnormal at the time of testing So Meter is Defective need to be Replacement,Meter Replacement / Installation Team,,,,,,,,,
meter RTC failed at the time of testing so meter need to be change,Meter Replacement / Installation Team,,,,,,,,,
meter tested as per safty norms meter calibration pulse abnormal blinking so meter defective meter need to replacment,Meter Replacement / Installation Team,,,,,,,,,
Meter calibration pulse is blinking abnormal at the time of testing So Meter is Defective need to be Replacement,Meter Replacement / Installation Team,,,,,,,,,
METER RTC Fail So Meter Is Defective Need Replacement,Meter Replacement / Installation Team,,,,,,,,,
Meter display segments are not properly visible so meter is defective and need replacement,Meter Replacement / Installation Team,,,,,,,,,
meter calibration pulse abnormal blinking at the time of testing so Meter defective meter need to replacment,Meter Replacement / Installation Team,,,,,,,,,
Instantaneous Values of Neutral and Phase current is Mismatching as compare with Reference Meter photographs has been attached for reference therefore same is defective and replacement required for the sameAlso Seven Segment display is defective,Meter Replacement / Installation Team,,,,,,,,,
Meter calibration pulse is blinking abnormal at the time of testing So Meter is Defective need to be Replacement,Meter Replacement / Installation Team,,,,,,,,,
Meter RTC failed at the time of testing so meter need to be change,Meter Replacement / Installation Team,,,,,,,,,
Meter RTC Failed at the time of testing so meter need to be changed,Meter Replacement / Installation Team,,,,,,,,,
meter RTc fail at the time of testing so meter need to be changed,Meter Replacement / Installation Team,,,,,,,,,
Seven Segment display found defective therefore same needs to be replace under defective category Photograph has been attached for reference,Meter Replacement / Installation Team,,,,,,,,,
meter calibration pulse abnormal blinking at the time of testing so meter needs to replacement required,Meter Replacement / Installation Team,,,,,,,,,
Meter RTC fail at the time of the testingso meter is defective meter needs to replace,Meter Replacement / Installation Team,,,,,,,,,
No Display at the time of testing so meter need replacement required,Meter Replacement / Installation Team,,,,,,,,,
Meter display Segment is found defective so Meter is Defective needs to be replacement,Meter Replacement / Installation Team,,,,,,,,,
Meter RTC fail at the time of the testingso meter is defective meter needs to replace,Meter Replacement / Installation Team,,,,,,,,,
Meter RTC failed at the time of testing so meter need to be change,Meter Replacement / Installation Team,,,,,,,,,
Meter display segments are not properly visible so meter is defective and need replacement,Meter Replacement / Installation Team,,,,,,,,,
Earth LED found ON even on External Load KW hence meter is defective and replacement required for the same,Meter Replacement / Installation Team,,,,,,,,,
Meter RTC fail at the time of the testingso meter is defective meter needs to replace,Meter Replacement / Installation Team,,,,,,,,,
Meter RTC failed at the time of testing so meter need to be change,Meter Replacement / Installation Team,,,,,,,,,
Meter RTC fail at the time of the testingso meter is defective meter needs to replace,Meter Replacement / Installation Team,,,,,,,,,
meter abnormal pulse blinking so meter defective need replacement,Meter Replacement / Installation Team,,,,,,,,,
meter RTC failed at the time of testing so meter need to be changed,Meter Replacement / Installation Team,,,,,,,,,
Meter RTC fail at the time of the testingso meter is defective meter needs to replace,Meter Replacement / Installation Team,,,,,,,,,
meter calibration pulse abnormal blinking at the time of testing so meter needs to replacement required,Meter Replacement / Installation Team,,,,,,,,,
Meter RTC fail at the time of the testingso meter is defective meter needs to replace,Meter Replacement / Installation Team,,,,,,,,,
meter RTC failed at the time of testing so meter need to be changed,Meter Replacement / Installation Team,,,,,,,,,
Meter RTC failed at the time of testing so meter need to be change,Meter Replacement / Installation Team,,,,,,,,,
Meter RTC Fail at the time of testing So meter needs to replacement required,Meter Replacement / Installation Team,,,,,,,,,
meter RTC failed at the time of testing so meter need to be changed,Meter Replacement / Installation Team,,,,,,,,,
meter RTC failed at the time of testing so meter need to be changed,Meter Replacement / Installation Team,,,,,,,,,
ELT SHOWING IN EXTERNAL LOAD SO METER REPLACEMENT REQUIRED AT SITE,Meter Replacement / Installation Team,,,,,,,,,
Meter RTC fail at the time of the testingso meter is defective meter needs to replace,Meter Replacement / Installation Team,,,,,,,,,
Meter RTC failed at the time of testing so meter need to be change,Meter Replacement / Installation Team,,,,,,,,,
meter display segment found defective so meter need to be changed,Meter Replacement / Installation Team,,,,,,,,,
Meter RTC failed at the time of testing so meter need to be change,Meter Replacement / Installation Team,,,,,,,,,
meter abnormal pulse blinking so meter defective need replacement,Meter Replacement / Installation Team,,,,,,,,,
Meter RTC failed at the time of testing so meter need to be change,Meter Replacement / Installation Team,,,,,,,,,
meter calibration plus abnormal blinking at the time of testing so meter is defectiveso meter need to be changed,Meter Replacement / Installation Team,,,,,,,,,
meter mdi not recorded as per connected load so meter defective meter need to replacment,Meter Replacement / Installation Team,,,,,,,,,
Meter RTC failed at the time of testing so meter need to be change,Meter Replacement / Installation Team,,,,,,,,,
meter RTC failed at the time of testing so meter need to be changed,Meter Replacement / Installation Team,,,,,,,,,
Meter RTC failed at the time of testing so meter need to be change,Meter Replacement / Installation Team,,,,,,,,,
Meter Rtc Fail So Meter Defective Needs to be replacement,Meter Replacement / Installation Team,,,,,,,,,
RTC is corrupt hence Meter replacement is required,Meter Replacement / Installation Team,,,,,,,,,
Meter RTC fail at the time of the testingso meter is defective meter needs to replace,Meter Replacement / Installation Team,,,,,,,,,
meter ELT ON on external load so meter defective meter need to replacement,Meter Replacement / Installation Team,,,,,,,,,
RTC found fail therefore meter is defective hence Replacement required for the same,Meter Replacement / Installation Team,,,,,,,,,
meter RTC failed at the time of testing so meter need to be changed,Meter Replacement / Installation Team,,,,,,,,,
Meter RTC fail at the time of the testingso meter is defective meter needs to replace,Meter Replacement / Installation Team,,,,,,,,,
meter RTC failed at the time of testing so meter need to be changed,Meter Replacement / Installation Team,,,,,,,,,
Meter RTC Fail at the time of testing So meter needs to replacement required,Meter Replacement / Installation Team,,,,,,,,,
Meter RTC Failed at the time of testing so meter need to be changed,Meter Replacement / Installation Team,,,,,,,,,
Meter display segment found defective so meter need to change,Meter Replacement / Installation Team,,,,,,,,,
meter RTC failed at the time of testing so meter need to change,Meter Replacement / Installation Team,,,,,,,,,
NO DISPLAY SO METER REPLACEMENT REQUIRED AT SITE,Meter Replacement / Installation Team,,,,,,,,,
Meter RTC Failed at the time of testing so meter need to be changed,Meter Replacement / Installation Team,,,,,,,,,
Meter RTC fail at the time of the testingso meter is defective meter needs to replace,Meter Replacement / Installation Team,,,,,,,,,
meter RTC failed at the time of testing so meter need to change,Meter Replacement / Installation Team,,,,,,,,,
meter rtc fail so meter defective need replacement,Meter Replacement / Installation Team,,,,,,,,,
Meter RTC fail at the time of the testingso meter is defective meter needs to replace,Meter Replacement / Installation Team,,,,,,,,,
Meter RTC fail at the time of the testingso meter is defective meter needs to replace,Meter Replacement / Installation Team,,,,,,,,,
meter incoming terminal burnt meter mdi not recorded as per connected load so meter defective meter need to replacement,Meter Replacement / Installation Team,,,,,,,,,
Meter display segments are not properly visible so meter is defective and need replacement,Meter Replacement / Installation Team,,,,,,,,,
ELT SHOWING IN EXTERNAL LOAD SO METER REPLACEMENT REQUIRED AT SITE,Meter Replacement / Installation Team,,,,,,,,,
Meter display segment defective at the time of testing so meter need replacement required,Meter Replacement / Installation Team,,,,,,,,,
Meter RTC fail at the time of the testingso meter is defective meter needs to replace,Meter Replacement / Installation Team,,,,,,,,,
Meter display segment found defective so meter need to be changed,Meter Replacement / Installation Team,,,,,,,,,
Meter RTC fail at the time of the testingso meter is defective meter needs to replace,Meter Replacement / Installation Team,,,,,,,,,
meter RTC failed at the time of testing so meter need to be changed,Meter Replacement / Installation Team,,,,,,,,,
Meter RTC fail at the time of the testingso meter is defective meter needs to replace,Meter Replacement / Installation Team,,,,,,,,,
Meter RTC failed at the time of testing so meter need to be change,Meter Replacement / Installation Team,,,,,,,,,
Meter EL is ON on external load so meter is defective and need replacement,Meter Replacement / Installation Team,,,,,,,,,
Meter ELT is glowing on external load so meter is defective need to be replacement,Meter Replacement / Installation Team,,,,,,,,,
meter RTc failed at the time of testing so meter need to be changed,Meter Replacement / Installation Team,,,,,,,,,
Meter RTC Failed at the time of testing so meter need to be changed,Meter Replacement / Installation Team,,,,,,,,,
Meter RTC Failed at the time of testing so meter need to be changed,Meter Replacement / Installation Team,,,,,,,,,
meter RTC failed at the time of testing so meter need to be changed,Meter Replacement / Installation Team,,,,,,,,,
Current Parameter of Phase and Neutral is not matching also RTC found failed therefore same is defective therefore same needs to be replace,Meter Replacement / Installation Team,,,,,,,,,
meter display segment found defective so meter need to be changed,Meter Replacement / Installation Team,,,,,,,,,
RTC found Fail hence meter is defective also Low Battery found hence replacement required for the same,Meter Replacement / Installation Team,,,,,,,,,
meter RTC failed at the time of testing so meter need to be changed,Meter Replacement / Installation Team,,,,,,,,,
Meter display segments are not properly visible so meter is defective and need replacement,Meter Replacement / Installation Team,,,,,,,,,
Meter RTC failed at the time of testing so meter need to be change,Meter Replacement / Installation Team,,,,,,,,,
ELT SHOWING IN EXTERNAL LOAD SO METER REPLACEMENT REQUIRED AT SITE,Meter Replacement / Installation Team,,,,,,,,,
Meter RTC failed at the time of testing so meter need to be change,Meter Replacement / Installation Team,,,,,,,,,
Meter RTC failed at the time of testing so meter need to be change,Meter Replacement / Installation Team,,,,,,,,,
Meter RTC failed at the time of testing so meter need to be change,Meter Replacement / Installation Team,,,,,,,,,
Meter RTC fail at the time of the testingso meter is defective meter needs to replace,Meter Replacement / Installation Team,,,,,,,,,
Meter RTC fail at the time of the testingso meter is defective meter needs to replace,Meter Replacement / Installation Team,,,,,,,,,
meter RTC failed at the time of testing so meter need to be changed,Meter Replacement / Installation Team,,,,,,,,,
RTC found fail therefore meter is defective hence Replacement required for the same,Meter Replacement / Installation Team,,,,,,,,,
ELT SHOWING IN EXTERNAL LOAD SO METER REPLACEMENT REQUIRED AT SITE,Meter Replacement / Installation Team,,,,,,,,,
meter ELT glow on external load at the time of testing so meter needs to replacement required,Meter Replacement / Installation Team,,,,,,,,,
Meter RTC Fail at the time of testing So meter needs to replacement required,Meter Replacement / Installation Team,,,,,,,,,
Meter RTC fail at the time of the testingso meter is defective meter needs to replace,Meter Replacement / Installation Team,,,,,,,,,
meter CURRENT PARAMETER ABNORMAL AT A TIME OF TESTING SO METER REPLACEMENT REQUIRED AT SITE,Meter Replacement / Installation Team,,,,,,,,,
Meter RTC Fail at the time of testing So meter needs to replacement required,Meter Replacement / Installation Team,,,,,,,,,
Meter RTC Fail at the time of testing So meter needs to replacement required,Meter Replacement / Installation Team,,,,,,,,,
Meter RTC Fail at the time of testing So meter needs to replacement required,Meter Replacement / Installation Team,,,,,,,,,
Meter RTC Fail at the time of testing So meter needs to replacement required,Meter Replacement / Installation Team,,,,,,,,,
meter RTc failed at the time of testing so meter need to be changed,Meter Replacement / Installation Team,,,,,,,,,
Meter RTC Failed at the time of testing so meter need to be changed,Meter Replacement / Installation Team,,,,,,,,,
meter RTC fail at the time of testing so meter needs to replacement required,Meter Replacement / Installation Team,,,,,,,,,
Meter RTC Failed at the time of testing so meter need to be changed,Meter Replacement / Installation Team,,,,,,,,,
Meter RTC Fail at the time of testing So meter needs to replacement required,Meter Replacement / Installation Team,,,,,,,,,
Meter RTC Fail at the time of testing So meter needs to replacement required,Meter Replacement / Installation Team,,,,,,,,,
Meter RTC Fail at the time of testing So meter needs to replacement required,Meter Replacement / Installation Team,,,,,,,,,
Meter RTC fail at the time of the testingso meter is defective meter needs to replace,Meter Replacement / Installation Team,,,,,,,,,
Meter RTC fail at the time of the testingso meter is defective meter needs to replace,Meter Replacement / Installation Team,,,,,,,,,
Meter RTC Fail at the time of testing So meter needs to replacement required,Meter Replacement / Installation Team,,,,,,,,,
meter outgoing terminal burnt so meter defective meter need to replacment,Meter Replacement / Installation Team,,,,,,,,,
Meter RTC Failed at the time of testing so meter need to be changed,Meter Replacement / Installation Team,,,,,,,,,
Meter RTC fail at the time of the testingso meter is defective meter needs to replace,Meter Replacement / Installation Team,,,,,,,,,
meter RTC failed at the time of testing so meter need to change,Meter Replacement / Installation Team,,,,,,,,,
Meter RTC fail at the time of the testingso meter is defective meter needs to replace,Meter Replacement / Installation Team,,,,,,,,,
Meter RTC Fail at the time of testing So meter needs to replacement required,Meter Replacement / Installation Team,,,,,,,,,
RTC is corrupt hence Meter replacement is required,Meter Replacement / Installation Team,,,,,,,,,
Meter RTC failed at the time of testing so meter need to change,Meter Replacement / Installation Team,,,,,,,,,
meter display figgure upset not proper so meter defective need replacement,Meter Replacement / Installation Team,,,,,,,,,
Meter Outgoing terminal found burntMeter need to be replacement required,Meter Replacement / Installation Team,,,,,,,,,
meter RTC failed at the time of testing so meter need to be changed,Meter Replacement / Installation Team,,,,,,,,,
meter RTC failed at the time of testing so meter need to change,Meter Replacement / Installation Team,,,,,,,,,
Meter RTC fail at the time of the testingso meter is defective meter needs to replace,Meter Replacement / Installation Team,,,,,,,,,
meter display found defective at time of testing so meter need to be charged,Meter Replacement / Installation Team,,,,,,,,,
Meter ELT is glowing on external load so meter is defective need to be replacement,Meter Replacement / Installation Team,,,,,,,,,
meter tested as per safety norms meter ELT ON external load so Meter defective meter need to replacment,Meter Replacement / Installation Team,,,,,,,,,
Meter RTC failed at the time of testing so meter need to be change,Meter Replacement / Installation Team,,,,,,,,,
Meter RTC fail at the time of the testingso meter is defective meter needs to replace,Meter Replacement / Installation Team,,,,,,,,,
Current Parameter of Phase and Neutral is not matching therefore same is defective therefore same needs to be replace,Meter Replacement / Installation Team,,,,,,,,,
Meter RTC fail at the time of the testingso meter is defective meter needs to replace,Meter Replacement / Installation Team,,,,,,,,,
Meter RTC fail at the time of the testingso meter is defective meter needs to replace,Meter Replacement / Installation Team,,,,,,,,,
Meter RTC fail at the time of the testingso meter is defective meter needs to replace,Meter Replacement / Installation Team,,,,,,,,,
METER RTC Fail So Meter Is Defective Need Replacement,Meter Replacement / Installation Team,,,,,,,,,
metet ELT on same current so meter defective need replacement,Meter Replacement / Installation Team,,,,,,,,,
Meter RTC fail at the time of the testingso meter is defective meter needs to replace,Meter Replacement / Installation Team,,,,,,,,,
ELT SHOWING IN EXTERNAL LOAD SO METER REPLACEMENT REQUIRED AT SITE,Meter Replacement / Installation Team,,,,,,,,,
meter ELT glow on external load at the time of testing so meter needs to replacement required,Meter Replacement / Installation Team,,,,,,,,,
RTC CORRUPT SO METER REPLACEMENT REQUIRED AT SITE,Meter Replacement / Installation Team,,,,,,,,,
METER VOLTAGE PARAMETER ABNORMAL SO METER REPLACEMENT REQUIRED AT SITE,Meter Replacement / Installation Team,,,,,,,,,
Meter RTC Fail at the time of testing So meter needs to replacement required,Meter Replacement / Installation Team,,,,,,,,,
Meter RTC Failed at the time of testing so meter need to be changed,Meter Replacement / Installation Team,,,,,,,,,
Meter RTC fail at the time of the testingso meter is defective meter needs to replace,Meter Replacement / Installation Team,,,,,,,,,
Current Parameter of Phase and Neutral is not matching therefore same is defective therefore same needs to be replace,Meter Replacement / Installation Team,,,,,,,,,
meter RTC failed at the time of testing so meter need to be changed,Meter Replacement / Installation Team,,,,,,,,,
Meter RTC fail at the time of the testingso meter is defective meter needs to replace,Meter Replacement / Installation Team,,,,,,,,,
Meter RTC fail at the time of the testingso meter is defective meter needs to replace,Meter Replacement / Installation Team,,,,,,,,,
Meter RTC fail at the time of the testingso meter is defective meter needs to replace,Meter Replacement / Installation Team,,,,,,,,,
Meter RTC fail at the time of the testingso meter is defective meter needs to replace,Meter Replacement / Installation Team,,,,,,,,,
METER RTC Fail So Meter Is Defective Need Replacement,Meter Replacement / Installation Team,,,,,,,,,
Meter RTC fail at the time of the testingso meter is defective meter needs to replace,Meter Replacement / Installation Team,,,,,,,,,
meter RTC failed at the time of testing so meter need to be changed,Meter Replacement / Installation Team,,,,,,,,,
Meter RTC failed at the time of testing so meter need to change,Meter Replacement / Installation Team,,,,,,,,,
Meter RTC Fail at the time of testing So meter needs to replacement required,Meter Replacement / Installation Team,,,,,,,,,
Seven Segment display found Faulty therefore meter is defective and replacement required for same under defective category photograph has been atached,Meter Replacement / Installation Team,,,,,,,,,
meter Calibration pulse abnormal blinking at the time of testing so meter needs to replacement required,Meter Replacement / Installation Team,,,,,,,,,
Meter RTC fail at the time of the testingso meter is defective meter needs to replace,Meter Replacement / Installation Team,,,,,,,,,
Earth LED found ON even on External Load KW hence meter is defective and replacement required for the same,Meter Replacement / Installation Team,,,,,,,,,
meter abnormal pulse blinking so meter defective need replacement,Meter Replacement / Installation Team,,,,,,,,,
Meter RTC fail at the time of the testingso meter is defective meter needs to replace,Meter Replacement / Installation Team,,,,,,,,,
Meter ELT is glowing on external load so meter is defective need to be replacement,Meter Replacement / Installation Team,,,,,,,,,
Meter RTC Corrupted So Meter Defective Needs to be replacement At the time of testing,Meter Replacement / Installation Team,,,,,,,,,
meter reading forward jump so meter replacement required at site,Meter Replacement / Installation Team,,,,,,,,,
meter calibration pulse abnormal blinking at the time of testing so meter needs to replacement required,Meter Replacement / Installation Team,,,,,,,,,
MDI CORRUPT METER NOT RECORDING PROPER MDI AS PER CONNECTED LOAD SO METER REPLACEMENT REQUIRED AT SITE,Meter Replacement / Installation Team,,,,,,,,,
Meter display segment found defective so meter need to change,Meter Replacement / Installation Team,,,,,,,,,
Meter RTC Failed at the time of testing so meter need to be changed,Meter Replacement / Installation Team,,,,,,,,,
Meter RTC fail at the time of testing so meter needs to be replacement required,Meter Replacement / Installation Team,,,,,,,,,
Earth LED found ON even on External Load KW hence meter is defective and replacement required for the same,Meter Replacement / Installation Team,,,,,,,,,
Meter RTC Fail at the time of testing So meter needs to replacement required,Meter Replacement / Installation Team,,,,,,,,,
Meter RTC Fail at the time of testing So meter needs to replacement required,Meter Replacement / Installation Team,,,,,,,,,
Meter display Segment is found defective so Meter is Defective needs to be replacement,Meter Replacement / Installation Team,,,,,,,,,
meter RTC failed at the time of testing so meter need to be changed,Meter Replacement / Installation Team,,,,,,,,,
Meter RTC Failed at the time of testing so meter need to be changed,Meter Replacement / Installation Team,,,,,,,,,
Meter RTC found Failed also Low Battery symbol is showing therefore meter is defective and same needs to be replace under defective category Contacted Person Mithlesh,Meter Replacement / Installation Team,,,,,,,,,
meter RTC failed at the time of testing so meter need to be changed,Meter Replacement / Installation Team,,,,,,,,,
Meter Rtc Fail So Meter Defective Needs to be replacement,Meter Replacement / Installation Team,,,,,,,,,
Meter RTC failed at the time of testing so meter need to be change,Meter Replacement / Installation Team,,,,,,,,,
Meter RTC fail at the time of the testingso meter is defective meter needs to replace,Meter Replacement / Installation Team,,,,,,,,,
Meter RTC fail at the time of the testingso meter is defective meter needs to replace,Meter Replacement / Installation Team,,,,,,,,,
meter RTC failed at the time of testing so meter need to be changed,Meter Replacement / Installation Team,,,,,,,,,
Meter RTC found failed therefore same needs to be replaced under detective category,Meter Replacement / Installation Team,,,,,,,,,
Meter display segments are not properly visible so meter is defective and need replacement,Meter Replacement / Installation Team,,,,,,,,,
Meter RTC fail at the time of the testingso meter is defective meter needs to replace,Meter Replacement / Installation Team,,,,,,,,,
Meter Rtc Fail So Meter Defective Needs to be replacement,Meter Replacement / Installation Team,,,,,,,,,
Meter RTC Failed at the time of testing so meter need to be changed,Meter Replacement / Installation Team,,,,,,,,,
Earth LED found ON even on External Load KW hence meter is defective and replacement required for the same,Meter Replacement / Installation Team,,,,,,,,,
meter calibration pulse not blinking on load So meter meter defective meter need to replacment,Meter Replacement / Installation Team,,,,,,,,,
meter RTC fail so meter defective need replacement,Meter Replacement / Installation Team,,,,,,,,,
Meter RTC Fail at the time of testing So meter needs to replacement required,Meter Replacement / Installation Team,,,,,,,,,
meter RTC failed at the time of testing so meter need to be changed,Meter Replacement / Installation Team,,,,,,,,,
Meter RTC Fail at the time of testing So meter needs to replacement required,Meter Replacement / Installation Team,,,,,,,,,
Meter RTC Fail at the time of testing So meter needs to replacement required,Meter Replacement / Installation Team,,,,,,,,,
Meter RTC Failed at the time of testing so meter need to be changed,Meter Replacement / Installation Team,,,,,,,,,
meter reading forward jump so meter replacement required at site,Meter Replacement / Installation Team,,,,,,,,,
Meter RTC fail at the time of the testingso meter is defective meter needs to replace,Meter Replacement / Installation Team,,,,,,,,,
RTC found Fail hence meter is defective also Low Battery found hence replacement required for the same,Meter Replacement / Installation Team,,,,,,,,,
Meter RTC fail at the time of the testingso meter is defective meter needs to replace,Meter Replacement / Installation Team,,,,,,,,,
meter RTC failed at the time of testing so meter need to be changed,Meter Replacement / Installation Team,,,,,,,,,
meter RTC failed at the time of testing so meter need to be changed,Meter Replacement / Installation Team,,,,,,,,,
meter RTC failed at the time of testing so meter need to be changed,Meter Replacement / Installation Team,,,,,,,,,
meter RTC failed at the time of testing so meter need to be changed,Meter Replacement / Installation Team,,,,,,,,,
Meter RTC Failed at the time of testing so meter need to be changed,Meter Replacement / Installation Team,,,,,,,,,
Meter RTC fail at the time of the testingso meter is defective meter needs to replace,Meter Replacement / Installation Team,,,,,,,,,
Meter RTC fail at the time of the testingso meter is defective meter needs to replace,Meter Replacement / Installation Team,,,,,,,,,
Meter tested and instantaneous Parameter found mismatched as compared with Reference meter V voltage observed in Meter Display whereas in reference only V Voltage found hence meter is defective therefore same needs to be replaced under defective category,Meter Replacement / Installation Team,,,,,,,,,
Meter ELT ON An External Load So Meter Defective Needs to be replacement At the time of testing,Meter Replacement / Installation Team,,,,,,,,,
meter display segment is defective at the time of testing so meter needs to be replacement required,Meter Replacement / Installation Team,,,,,,,,,
Meter RTC Failed at the time of testing so meter need to be changed,Meter Replacement / Installation Team,,,,,,,,,
Meter RTC Failed at the time of testing so meter need to be changed,Meter Replacement / Installation Team,,,,,,,,,
Meter RTC Failed at the time of testing so meter need to be changed,Meter Replacement / Installation Team,,,,,,,,,
Meter RTC Fail at the time of testing So meter needs to replacement required,Meter Replacement / Installation Team,,,,,,,,,
Meter Calibration Pulse are blinking abnormal at the time of testingSo meter is defective and need replacement,Meter Replacement / Installation Team,,,,,,,,,
meter RTC failed at the time of testing so meter need to be changed,Meter Replacement / Installation Team,,,,,,,,,
Meter RTC Fail at the time of testing So meter needs to replacement required,Meter Replacement / Installation Team,,,,,,,,,
Meter RTC fail at the time of the testingso meter is defective meter needs to replace,Meter Replacement / Installation Team,,,,,,,,,
Meter RTC Fail at the time of testing So meter needs to replacement required,Meter Replacement / Installation Team,,,,,,,,,
Meter RTC Fail at the time of testing So meter needs to replacement required,Meter Replacement / Installation Team,,,,,,,,,
Meter RTC Fail at the time of testing So meter needs to replacement required,Meter Replacement / Installation Team,,,,,,,,,
Meter RTC Fail at the time of testing So meter needs to replacement required,Meter Replacement / Installation Team,,,,,,,,,
meter RTC failed at the time of testing so meter need to be changed,Meter Replacement / Installation Team,,,,,,,,,
Meter RTC Fail at the time of testing So meter needs to replacement required,Meter Replacement / Installation Team,,,,,,,,,
Meter display segments are not properly visible so meter is defective and need replacement,Meter Replacement / Installation Team,,,,,,,,,
meter RTC failed at the time of testing so meter need to be changed,Meter Replacement / Installation Team,,,,,,,,,
ABNORMAL PULSE BLINKING IN METER SO METER REPLACEMENT REQUIRED AT SITE,Meter Replacement / Installation Team,,,,,,,,,
meter RTC failed at the time of testing so meter need to be changed,Meter Replacement / Installation Team,,,,,,,,,
Meter RTC fail at the time of the testingso meter is defective meter needs to replace,Meter Replacement / Installation Team,,,,,,,,,
Meter RTC Fail at the time of testing So meter needs to replacement required,Meter Replacement / Installation Team,,,,,,,,,
meter RTC failed at the time of testing so meter need to be changed,Meter Replacement / Installation Team,,,,,,,,,
meter RTC failed at the time of testing so meter need to be changed,Meter Replacement / Installation Team,,,,,,,,,
meter RTC failed at the time of testing so meter need to change,Meter Replacement / Installation Team,,,,,,,,,
Meter RTC Fail at the time of testing So meter needs to replacement required,Meter Replacement / Installation Team,,,,,,,,,
Meter RTC Fail at the time of testing So meter needs to replacement required,Meter Replacement / Installation Team,,,,,,,,,
RTC found Fail hence meter is defective also Low Battery found hence replacement required for the same,Meter Replacement / Installation Team,,,,,,,,,
EL LED found glowing even on External Load KW hence meter is defective and replacement required for the same Contacted Person Manisha,Meter Replacement / Installation Team,,,,,,,,,
meter calibration pulse abnormal blinking at the time of testing so meter need to be changed,Meter Replacement / Installation Team,,,,,,,,,
Meter RTC fail at the time of the testingso meter is defective meter needs to replace,Meter Replacement / Installation Team,,,,,,,,,
Meter RTC Failed at the time of testing so meter need to be changed,Meter Replacement / Installation Team,,,,,,,,,
Meter RTC fail at the time of the testingso meter is defective meter needs to replace,Meter Replacement / Installation Team,,,,,,,,,
meter display segment is defective at the time of testing so meter needs to replacement required,Meter Replacement / Installation Team,,,,,,,,,
Meter RTC fail at the time of testing so meter needs to replacement required,Meter Replacement / Installation Team,,,,,,,,,
Meter RTC fail at the time of the testingso meter is defective meter needs to replace,Meter Replacement / Installation Team,,,,,,,,,
Meter RTC fail at the time of the testingso meter is defective meter needs to replace,Meter Replacement / Installation Team,,,,,,,,,
meter RTC failed at the time of testing so meter need to be changed,Meter Replacement / Installation Team,,,,,,,,,
meter RTC failed at the time of testing so meter need to be changed,Meter Replacement / Installation Team,,,,,,,,,
Meter RTC failed at the time of testing so meter need to be change,Meter Replacement / Installation Team,,,,,,,,,
Meter RTC Fail at the time of testing So meter needs to replacement required,Meter Replacement / Installation Team,,,,,,,,,
Meter RTC Fail at the time of testing So meter needs to replacement required,Meter Replacement / Installation Team,,,,,,,,,
meter RTC failed at the time of testing so meter need to change,Meter Replacement / Installation Team,,,,,,,,,
Meter RTC Fail at the time of testing So meter needs to replacement required,Meter Replacement / Installation Team,,,,,,,,,
meter RTc failed at the time of testing so meter need to be changed,Meter Replacement / Installation Team,,,,,,,,,
Meter RTC fail at the time of the testingso meter is defective meter needs to replace,Meter Replacement / Installation Team,,,,,,,,,
Meter RTC fail at the time of the testingso meter is defective meter needs to replace,Meter Replacement / Installation Team,,,,,,,,,
Meter RTC fail at the time of the testingso meter is defective meter needs to replace,Meter Replacement / Installation Team,,,,,,,,,
Meter RTC Fail at the time of testing So meter needs to replacement required,Meter Replacement / Installation Team,,,,,,,,,
meter RTC failed at the time of testing so meter need to be changed,Meter Replacement / Installation Team,,,,,,,,,
Meter RTC Fail at the time of testing So meter needs to replacement required,Meter Replacement / Installation Team,,,,,,,,,
meter RTC failed at the time of testing so meter need to be changed,Meter Replacement / Installation Team,,,,,,,,,
meter RTC failed at the time of testing so meter need to change,Meter Replacement / Installation Team,,,,,,,,,
Meter RTC fail at the time of the testingso meter is defective meter needs to replace,Meter Replacement / Installation Team,,,,,,,,,
Meter RTC Failed at the time of testing so meter need to be changed,Meter Replacement / Installation Team,,,,,,,,,
Meter RTC Failed at the time of testing so meter need to be changed,Meter Replacement / Installation Team,,,,,,,,,
Meter RTC fail at the time of the testingso meter is defective meter needs to replace,Meter Replacement / Installation Team,,,,,,,,,
meter output terminals found brunt at the time of testing alongwith meter box found damage so meter need replacement required,Meter Replacement / Installation Team,,,,,,,,,
meter display showing low batteryso meter defective need replacement,Meter Replacement / Installation Team,,,,,,,,,
meter RTC Fail at the time of testing so meter need replacement required,Meter Replacement / Installation Team,,,,,,,,,
Meter RTC Failed at the time of testing so meter need to be changed,Meter Replacement / Installation Team,,,,,,,,,
Meter RTC Fail at the time of testing So meter needs to replacement required,Meter Replacement / Installation Team,,,,,,,,,
Meter calibration pulse is blinking abnormal at the time of testing So Meter is Defective need to be Replacement,Meter Replacement / Installation Team,,,,,,,,,
Earth LED found ON even on External Load KW hence meter is defective and replacement required for the same,Meter Replacement / Installation Team,,,,,,,,,
meter RTC Failed at the time of testing so meter need to be changed,Meter Replacement / Installation Team,,,,,,,,,
Meter display segment found defective so meter need to be changed,Meter Replacement / Installation Team,,,,,,,,,
meter RTC failed at the time of testing so meter need to be changed,Meter Replacement / Installation Team,,,,,,,,,
meter display segment defective at the time of testing so meter need replacement required,Meter Replacement / Installation Team,,,,,,,,,
Meter RTC fail at the time of the testingso meter is defective meter needs to replace,Meter Replacement / Installation Team,,,,,,,,,
Meter Display Segment not Proper Showing So Meter Defective Needs to be replacement At the time of testing,Meter Replacement / Installation Team,,,,,,,,,
Meter display segment found defective so meter need to change,Meter Replacement / Installation Team,,,,,,,,,
Meter RTC fail at the time of the testingso meter is defective meter needs to replace,Meter Replacement / Installation Team,,,,,,,,,
Meter RTC failed at the time of testing so meter need to be change,Meter Replacement / Installation Team,,,,,,,,,
Meter RTC fail at the time of the testingso meter is defective meter needs to replace,Meter Replacement / Installation Team,,,,,,,,,
Meter RTC Failed at the time of testing so meter need to be changed,Meter Replacement / Installation Team,,,,,,,,,
METER READING FORWARD JUMP SO METER REPLACEMENT REQUIRED AT SITE,Meter Replacement / Installation Team,,,,,,,,,
meter abnormal pulse blinking so meter defective need replacement,Meter Replacement / Installation Team,,,,,,,,,
meter calibration pulse abnormal blinking so meter defective meter need to replacment,Meter Replacement / Installation Team,,,,,,,,,
Meter RTC failed at the time of testing so meter need to be change,Meter Replacement / Installation Team,,,,,,,,,
Meter RTC fail at the time of the testingso meter is defective meter needs to replace,Meter Replacement / Installation Team,,,,,,,,,
Meter RTC Failed at the time of testing so meter need to be changed,Meter Replacement / Installation Team,,,,,,,,,
Meter ELT glow on external load at the time of testing so meter needs to replacement required,Meter Replacement / Installation Team,,,,,,,,,
meter RTC failed at the time of testing so meter need to be changed,Meter Replacement / Installation Team,,,,,,,,,
Meter RTC fail at the time of the testingso meter is defective meter needs to replace,Meter Replacement / Installation Team,,,,,,,,,
Meter RTC Fail at the time of testing So meter needs to replacement required,Meter Replacement / Installation Team,,,,,,,,,
Meter RTC Fail at the time of testing So meter needs to replacement required,Meter Replacement / Installation Team,,,,,,,,,
Meter RTC Fail at the time of testing So meter needs to replacement required,Meter Replacement / Installation Team,,,,,,,,,
meter RTC failed at the time of testing so meter need to be changed,Meter Replacement / Installation Team,,,,,,,,,
Meter RTC fail at the time of the testingso meter is defective meter needs to replace,Meter Replacement / Installation Team,,,,,,,,,
RTC fail so meter defective need replacement,Meter Replacement / Installation Team,,,,,,,,,
RTC found Fail hence meter is defective also Low Battery found hence replacement required for the same,Meter Replacement / Installation Team,,,,,,,,,
meter calibration pulse abnormal blinking at the time of testing so meter needs to replacement required,Meter Replacement / Installation Team,,,,,,,,,
Meter RTC fail at the time of the testingso meter is defective meter needs to replace,Meter Replacement / Installation Team,,,,,,,,,
Meter RTC fail at the time of the testingso meter is defective meter needs to replace,Meter Replacement / Installation Team,,,,,,,,,
Meter RTC Fail at the time of testing So meter needs to replacement required,Meter Replacement / Installation Team,,,,,,,,,
meter RTC failed at the time of testing so meter need to be changed,Meter Replacement / Installation Team,,,,,,,,,
Meter RTC fail at the time of the testingso meter is defective meter needs to replace,Meter Replacement / Installation Team,,,,,,,,,
Meter RTC failed at the time of testing so meter need to be change,Meter Replacement / Installation Team,,,,,,,,,
Meter RTC fail at the time of the testingso meter is defective meter needs to replace,Meter Replacement / Installation Team,,,,,,,,,
METER READING FORWARD JUMP SO METER REPLACEMENT REQUIRED AT SITE,Meter Replacement / Installation Team,,,,,,,,,
meter calibration pulse abnormal blinking meter display parameters mismatch at time of testing so meter defective meter need to replacment,Meter Replacement / Installation Team,,,,,,,,,
Meter calibration pulse is blinking abnormal at the time of testing So Meter is Defective need to be Replacement,Meter Replacement / Installation Team,,,,,,,,,
Meter Rtc Fail So Meter Defective Needs to be replacement,Meter Replacement / Installation Team,,,,,,,,,
Meter RTC fail at the time of the testingso meter is defective meter needs to replace,Meter Replacement / Installation Team,,,,,,,,,
Meter RTC Fail at the time of testing So meter needs to replacement required,Meter Replacement / Installation Team,,,,,,,,,
Meter RTC fail at the time of the testingso meter is defective meter needs to replace,Meter Replacement / Installation Team,,,,,,,,,
Current Parameter of Phase and Neutral is not matching therefore same is defective therefore same needs to be replace Contacted Person Tarun,Meter Replacement / Installation Team,,,,,,,,,
Meter Display Segment not Proper Showing So Meter Defective Needs to be replacement At the time of testing,Meter Replacement / Installation Team,,,,,,,,,
MDI CORRUPT METER NOT RECORDING PROPER MDI AS PER CONNECTED LOAD SO METER REPLACEMENT REQUIRED AT SITE,Meter Replacement / Installation Team,,,,,,,,,
RTC found Fail hence meter is defective also Low Battery found hence replacement required for the same,Meter Replacement / Installation Team,,,,,,,,,
ELT SHOWING IN EXTERNAL LOAD SO METER REPLACEMENT REQUIRED AT SITE consumer refuse for photograph,Meter Replacement / Installation Team,,,,,,,,,
Meter RTC Fail at the time of testing So meter needs to replacement required,Meter Replacement / Installation Team,,,,,,,,,
Meter RTC Fail at the time of testing So meter needs to replacement required,Meter Replacement / Installation Team,,,,,,,,,
Meter RTC Fail at the time of testing So meter needs to replacement required,Meter Replacement / Installation Team,,,,,,,,,
Meter RTC fail at the time of the testingso meter is defective meter needs to replace,Meter Replacement / Installation Team,,,,,,,,,
Meter RTC fail at the time of the testingso meter is defective meter needs to replace,Meter Replacement / Installation Team,,,,,,,,,
meter ELT ON on external load so meter defective meter need to replacment,Meter Replacement / Installation Team,,,,,,,,,
Meter RTC Failed at the time of testing so meter need to be changed,Meter Replacement / Installation Team,,,,,,,,,
Meter RTC fail at the time of the testingso meter is defective meter needs to replace,Meter Replacement / Installation Team,,,,,,,,,
meter RTC failed at the time of testing so meter need to be changed,Meter Replacement / Installation Team,,,,,,,,,
Meter RTC Fail at the time of testing So meter needs to replacement required,Meter Replacement / Installation Team,,,,,,,,,
Meter RTC fail at the time of the testingso meter is defective meter needs to replace,Meter Replacement / Installation Team,,,,,,,,,
Meter RTC fail at the time of the testingso meter is defective meter needs to replace,Meter Replacement / Installation Team,,,,,,,,,
Meter RTC fail at the time of the testingso meter is defective meter needs to replace,Meter Replacement / Installation Team,,,,,,,,,
Meter display flickering so meter need to be change,Meter Replacement / Installation Team,,,,,,,,,
meter calibration pulse without load blinking so meter defective meter need to replacment,Meter Replacement / Installation Team,,,,,,,,,
Meter RTC fail at the time of the testingso meter is defective meter needs to replace,Meter Replacement / Installation Team,,,,,,,,,
Meter RTC Fail at the time of testing So meter needs to replacement required,Meter Replacement / Installation Team,,,,,,,,,
Meter RTC failed at the time of testing so meter need to be change,Meter Replacement / Installation Team,,,,,,,,,
meter reading forward jump so meter replacement required at site,Meter Replacement / Installation Team,,,,,,,,,
Meter RTC fail at the time of the testingso meter is defective meter needs to replace,Meter Replacement / Installation Team,,,,,,,,,
Meter RTC Corrupted So Meter Defective Needs to be replacement At the time of testing,Meter Replacement / Installation Team,,,,,,,,,
meter display segment found defective so meter need to be changed,Meter Replacement / Installation Team,,,,,,,,,
Meter RTC fail at the time of the testingso meter is defective meter needs to replace,Meter Replacement / Installation Team,,,,,,,,,
Meter Display parameters not Match in Standard Meter So Meter Defective Needs to be replacement At the time of testing,Meter Replacement / Installation Team,,,,,,,,,
Meter RTC fail at the time of the testingso meter is defective meter needs to replace,Meter Replacement / Installation Team,,,,,,,,,
Meter RTC fail at the time of the testingso meter is defective meter needs to replace,Meter Replacement / Installation Team,,,,,,,,,
Meter Terminal Are Found Burnt So Meter Is Defective Need Replacement,Meter Replacement / Installation Team,,,,,,,,,
Meter ELT ON An External Load So Meter Defective Needs to be replacement At the time of testing,Meter Replacement / Installation Team,,,,,,,,,
Current Month MDI of KW is Very high as compare to KVA hence meter is defective therefore same needs to be replace under defective category,Meter Replacement / Installation Team,,,,,,,,,
meter RTC failed at the time of testing so meter need to be changed,Meter Replacement / Installation Team,,,,,,,,,
Seven Segment Display found faulty hence replacement required for the same under defective category Photographs has been attached for reference,Meter Replacement / Installation Team,,,,,,,,,
Meter RTC Fail at the time of testing So meter needs to replacement required,Meter Replacement / Installation Team,,,,,,,,,
Meter RTC Fail at the time of testing So meter needs to replacement required,Meter Replacement / Installation Team,,,,,,,,,
Meter RTC Fail at the time of testing So meter needs to replacement required,Meter Replacement / Installation Team,,,,,,,,,
Meter RTC fail at the time of the testingso meter is defective meter needs to replace,Meter Replacement / Installation Team,,,,,,,,,
Earth LED found ON even on External Load KW hence meter is defective and replacement required for the same,Meter Replacement / Installation Team,,,,,,,,,
Meter RTC Corrupted So Meter Defective Needs to be replacement At the time of testing,Meter Replacement / Installation Team,,,,,,,,,
meter RTC failed at the time of testing so meter need to be changed,Meter Replacement / Installation Team,,,,,,,,,
Meter RTC Fail at the time of testing So meter needs to replacement required,Meter Replacement / Installation Team,,,,,,,,,
Meter RTC fail at the time of the testingso meter is defective meter needs to replace,Meter Replacement / Installation Team,,,,,,,,,
Meter RTC fail at the time of the testingso meter is defective meter needs to replace,Meter Replacement / Installation Team,,,,,,,,,
Meter RTC Failed at the time of testing so meter need to be changed,Meter Replacement / Installation Team,,,,,,,,,
Meter Display Segment not Proper Showing So Meter Defective Needs to be replacement At the time of testing,Meter Replacement / Installation Team,,,,,,,,,
Meter RTC fail at the time of the testingso meter is defective meter needs to replace,Meter Replacement / Installation Team,,,,,,,,,
Meter RTC Fail at the time of testing So meter needs to replacement required,Meter Replacement / Installation Team,,,,,,,,,
Meter RTC Failed at the time of testing so meter need to be changed,Meter Replacement / Installation Team,,,,,,,,,
Meter calibration pulse is blinking abnormal without load at the time of testing So Meter is Defective need to be Replacement,Meter Replacement / Installation Team,,,,,,,,,
meter RTC failed at the time of testing so meter need to be changed,Meter Replacement / Installation Team,,,,,,,,,
Seven Segment Display found faulty hence replacement required for the same under defective category Photographs has been attached for reference,Meter Replacement / Installation Team,,,,,,,,,
Meter RTC Fail at the time of testing So meter needs to replacement required,Meter Replacement / Installation Team,,,,,,,,,
Meter RTC Fail at the time of testing So meter needs to replacement required,Meter Replacement / Installation Team,,,,,,,,,
Meter RTC fail at the time of the testingso meter is defective meter needs to replace,Meter Replacement / Installation Team,,,,,,,,,
Meter RTC fail at the time of the testingso meter is defective meter needs to replace,Meter Replacement / Installation Team,,,,,,,,,
meter RTC failed at the time of testing so meter need to be changed,Meter Replacement / Installation Team,,,,,,,,,
Meter RTC Fail at the time of testing So meter needs to replacement required,Meter Replacement / Installation Team,,,,,,,,,
meter RTC failed at the time of testing so meter need to change,Meter Replacement / Installation Team,,,,,,,,,
meter RTc failed at the time of testing so meter need to be changed,Meter Replacement / Installation Team,,,,,,,,,
Meter RTC Fail at the time of testing So meter needs to replacement required,Meter Replacement / Installation Team,,,,,,,,,
meter RTC failed at the time of testing so meter need to be changed,Meter Replacement / Installation Team,,,,,,,,,
Meter RTC fail at the time of the testingso meter is defective meter needs to replace,Meter Replacement / Installation Team,,,,,,,,,
Meter RTC Failed at the time of testing so meter need to be changed,Meter Replacement / Installation Team,,,,,,,,,
meter RTC failed at the time of testing so meter need to change,Meter Replacement / Installation Team,,,,,,,,,
meter RTC failed at the time of testing so meter need to be changed,Meter Replacement / Installation Team,,,,,,,,,
Meter RTC Fail at the time of testing So meter needs to replacement required,Meter Replacement / Installation Team,,,,,,,,,
Meter RTC Failed at the time of testing so meter need to be changed,Meter Replacement / Installation Team,,,,,,,,,
Meter tested as per safety normsbut meter MDI not recorded as per connected load So Meter is Defective Need Replacement,Meter Replacement / Installation Team,,,,,,,,,
Meter RTC Fail at the time of testing So meter needs to replacement required,Meter Replacement / Installation Team,,,,,,,,,
Meter RTC fail at the time of the testingso meter is defective meter needs to replace,Meter Replacement / Installation Team,,,,,,,,,
Seven Segment Display found faulty hence replacement required for the same under defective category Photographs has been attached for reference,Meter Replacement / Installation Team,,,,,,,,,
Meter RTC fail at the time of the testingso meter is defective meter needs to replace,Meter Replacement / Installation Team,,,,,,,,,
meter RTC failed at the time of testing so meter need to be changed,Meter Replacement / Installation Team,,,,,,,,,
METER RTC Fail So Meter Is Defective Need Replacement,Meter Replacement / Installation Team,,,,,,,,,
Meter RTC Fail at the time of testing So meter needs to replacement required,Meter Replacement / Installation Team,,,,,,,,,
Meter RTC Fail at the time of testing So meter needs to replacement required,Meter Replacement / Installation Team,,,,,,,,,
Meter RTC Fail at the time of testing So meter needs to replacement required,Meter Replacement / Installation Team,,,,,,,,,
Meter RTC Fail at the time of testing So meter needs to replacement required,Meter Replacement / Installation Team,,,,,,,,,
The instantaneous parameter of the Meter display is mismatched Voltage parameter of Meter display V is found mismatched BUT ACTUAL VOLTAGE IS V so meter replacement required at site,Meter Replacement / Installation Team,,,,,,,,,
RTC CORRUPT SO METER REPLACEMENT REQUIRED AT SITE,Meter Replacement / Installation Team,,,,,,,,,
Meter display segment found defective so meter need to change,Meter Replacement / Installation Team,,,,,,,,,
RTC CORRUPT SO METER REPLACEMENT REQUIRED AT SITE,Meter Replacement / Installation Team,,,,,,,,,
Meter RTC Failed at the time of testing so meter need to be changed,Meter Replacement / Installation Team,,,,,,,,,
Meter RTC fail at the time of the testingso meter is defective meter needs to replace,Meter Replacement / Installation Team,,,,,,,,,
Meter RTC Failed at the time of testing so meter need to be changed,Meter Replacement / Installation Team,,,,,,,,,
meter display segment found defective so meter need to be changed,Meter Replacement / Installation Team,,,,,,,,,
Meter RTC fail at the time of the testingso meter is defective meter needs to replace,Meter Replacement / Installation Team,,,,,,,,,
FIGURE UPSET SO METER REPLACEMENT REQUIRED AT SITE,Meter Replacement / Installation Team,,,,,,,,,
Meter RTC Failed at the time of testing so meter need to be changed,Meter Replacement / Installation Team,,,,,,,,,
Meter RTC Fail at the time of testing So meter needs to replacement required,Meter Replacement / Installation Team,,,,,,,,,
meter display burnt so meter need to be change,Meter Replacement / Installation Team,,,,,,,,,
Meter RTC Fail at the time of testing So meter needs to replacement required,Meter Replacement / Installation Team,,,,,,,,,
MDI is not recording as per connected load so meter is defectiveMeter need to be Replacement,Meter Replacement / Installation Team,,,,,,,,,
Meter display segment found defective so meter need to be changed,Meter Replacement / Installation Team,,,,,,,,,
Meter RTC Failed at the time of testing so meter need to be changed,Meter Replacement / Installation Team,,,,,,,,,
Meter RTC fail at the time of the testingso meter is defective meter needs to replace,Meter Replacement / Installation Team,,,,,,,,,
Meter RTC Failed at the time of testing so meter need to be changed,Meter Replacement / Installation Team,,,,,,,,,
Meter RTC Failed at the time of testing so meter need to be changed,Meter Replacement / Installation Team,,,,,,,,,
meter IC terminal found burntso meter defective need replacement,Meter Replacement / Installation Team,,,,,,,,,
RTC found Fail hence meter is defective also Low Battery found hence replacement required for the same,Meter Replacement / Installation Team,,,,,,,,,
Meter RTC Failed at the time of testing so meter need to be changed,Meter Replacement / Installation Team,,,,,,,,,
Current Parameter of Phase and Neutral is not matching therefore same is defective therefore same needs to be replace,Meter Replacement / Installation Team,,,,,,,,,
Meter RTC Fail at the time of testing So meter needs to replacement required,Meter Replacement / Installation Team,,,,,,,,,
Meter RTC Fail at the time of testing So meter needs to replacement required,Meter Replacement / Installation Team,,,,,,,,,
Meter RTC Fail at the time of testing So meter needs to replacement required,Meter Replacement / Installation Team,,,,,,,,,
Meter RTC Fail at the time of testing So meter needs to replacement required,Meter Replacement / Installation Team,,,,,,,,,
Meter RTC Fail at the time of testing So meter needs to replacement required,Meter Replacement / Installation Team,,,,,,,,,
meter display sagment defective so meter need to replacment,Meter Replacement / Installation Team,,,,,,,,,
Meter RTC Corrupted So Meter Defective Needs to be replacement At the time of testing,Meter Replacement / Installation Team,,,,,,,,,
meter RTC failed at the time of testing so meter need to be changed,Meter Replacement / Installation Team,,,,,,,,,
Meter RTC Fail at the time of testing So meter needs to replacement required,Meter Replacement / Installation Team,,,,,,,,,
Seven Segment display found faulty seven segment is partially absent meter is defective and replacement required for the same,Meter Replacement / Installation Team,,,,,,,,,
RTC CORRUPT SO METER REPLACEMENT REQUIRED AT SITE,Meter Replacement / Installation Team,,,,,,,,,
Meter RTC Failed at the time of testing so meter need to be changed,Meter Replacement / Installation Team,,,,,,,,,
Meter RTC fail at the time of the testingso meter is defective meter needs to replace,Meter Replacement / Installation Team,,,,,,,,,
Earth LED found ON even on External Load KW hence meter is defective and replacement required for the same,Meter Replacement / Installation Team,,,,,,,,,
Meter RTC Fail at the time of testing So meter needs to replacement required,Meter Replacement / Installation Team,,,,,,,,,
Meter RTC Failed at the time of testing so meter need to be changed,Meter Replacement / Installation Team,,,,,,,,,
Meter RTC Corrupted So Meter Defective Needs to be replacement At the time of testing,Meter Replacement / Installation Team,,,,,,,,,
During testing it was observed that the cover gate of the HT CTPT unit was detached from its hinges on the meter cubicle body rectification reqired for HT CTPT Due to this gap an unusual sound was emanating from the HT unit Additionally all HTPT strips were found damaged on the PT side The meter could not be tested due to safety concerns and insufficient load at the site Also concerned photos has been attached,Meter Replacement / Installation Team,,,,,,,,,
meter abnormal pulse blinkingso meter defective need replacement,Meter Replacement / Installation Team,,,,,,,,,
Meter RTC Fail at the time of testing So meter needs to replacement required,Meter Replacement / Installation Team,,,,,,,,,
Meter RTC Fail at the time of testing So meter needs to replacement required,Meter Replacement / Installation Team,,,,,,,,,
meter RTC failed at the time of testing so meter need to be changed,Meter Replacement / Installation Team,,,,,,,,,
meter outgoing terminal burnt so meter defective meter need to replacment,Meter Replacement / Installation Team,,,,,,,,,
meter ELT ON on external load so meter defective meter need to replacement,Meter Replacement / Installation Team,,,,,,,,,
Meter RTC Found Fail also Low Battery found hence meter is defective and replacement required for the same,Meter Replacement / Installation Team,,,,,,,,,
Meter RTC Fail at the time of testing So meter needs to replacement required,Meter Replacement / Installation Team,,,,,,,,,
Meter RTC fail at the time of the testingso meter is defective meter needs to replace,Meter Replacement / Installation Team,,,,,,,,,
Meter RTC fail at the time of the testingso meter is defective meter needs to replace,Meter Replacement / Installation Team,,,,,,,,,
MDI CORRUPT SO METER REPLACEMENT REQUIRED AT SITE,Meter Replacement / Installation Team,,,,,,,,,
Meter RTC Failed at the time of testing so meter need to be changed,Meter Replacement / Installation Team,,,,,,,,,
Metet Display is found Blank no display found on meter hence meter is defective amd replacement required for the same,Meter Replacement / Installation Team,,,,,,,,,
Meter RTC Corrupted So Meter Defective Needs to be replacement At the time of testing,Meter Replacement / Installation Team,,,,,,,,,
Meter EL is ON on external load so meter is defective and need replacement,Meter Replacement / Installation Team,,,,,,,,,
Earth LED found ON even on External Load KW hence meter is defective and replacement required for the same,Meter Replacement / Installation Team,,,,,,,,,
Meter RTC found Failed Also very High MDI Observed hence meter is defective and replacment Required for the same also Meter is of Class,Meter Replacement / Installation Team,,,,,,,,,
Meter RTC fail at the time of the testingso meter is defective meter needs to replace,Meter Replacement / Installation Team,,,,,,,,,
meter ELT glow on external load at the time of testing so meter needs to be replacement required,Meter Replacement / Installation Team,,,,,,,,,
meter RTC failed at the time of testing so meter need to be changed,Meter Replacement / Installation Team,,,,,,,,,
EL LED found Glowing even on External Load KW hence meter is defective and therefore same needs to be replaced under defective category Contacted Person Jagbir Singh,Meter Replacement / Installation Team,,,,,,,,,
meter RTC fail at the time of testing so meter needs to replacement required,Meter Replacement / Installation Team,,,,,,,,,
Meter display segment defective at the time of testing so meter need replacement required,Meter Replacement / Installation Team,,,,,,,,,
Meter RTC Corrupted So Meter Defective Needs to be replacement At the time of testing,Meter Replacement / Installation Team,,,,,,,,,
meter RTC failed at the time of testing so meter need to be changed,Meter Replacement / Installation Team,,,,,,,,,
meter abnormal pulse blinking so meter defective need replacement,Meter Replacement / Installation Team,,,,,,,,,
meter RTC failed at the time of testing so meter need to be changed,Meter Replacement / Installation Team,,,,,,,,,
meter RTC failed at the time of testing so meter need to be changed,Meter Replacement / Installation Team,,,,,,,,,
Meter RTC fail at the time of the testingso meter is defective meter needs to replace,Meter Replacement / Installation Team,,,,,,,,,
Meter RTC fail at the time of the testingso meter is defective meter needs to replace,Meter Replacement / Installation Team,,,,,,,,,
Meter RTC fail at the time of the testingso meter is defective meter needs to replace,Meter Replacement / Installation Team,,,,,,,,,
Meter RTC Corrupted So Meter Defective Needs to be replacement At the time of testing,Meter Replacement / Installation Team,,,,,,,,,
Meter RTC fail at the time of the testingso meter is defective meter needs to replace,Meter Replacement / Installation Team,,,,,,,,,
meter display faulty so meter defective meter need to replacement,Meter Replacement / Installation Team,,,,,,,,,
FIGURE UPSET SO METER REPLACEMENT REQUIRED AT SITE,Meter Replacement / Installation Team,,,,,,,,,
METER RTC Fail So Meter Is Defective Need Replacement,Meter Replacement / Installation Team,,,,,,,,,
Meter RTC Fail at the time of testing So meter needs to replacement required,Meter Replacement / Installation Team,,,,,,,,,
meter RTC failed at the time of testing so meter need to be changed,Meter Replacement / Installation Team,,,,,,,,,
Meter RTC Fail at the time of testing So meter needs to replacement required,Meter Replacement / Installation Team,,,,,,,,,
Meter RTC fail at the time of the testingso meter is defective meter needs to replace,Meter Replacement / Installation Team,,,,,,,,,
Meter RTC fail at the time of the testingso meter is defective meter needs to replace,Meter Replacement / Installation Team,,,,,,,,,
Current Parameter of Phase and Neutral is not matching therefore same is defective therefore same needs to be replace,Meter Replacement / Installation Team,,,,,,,,,
meter RTC failed at the time of testing so meter need to be changed,Meter Replacement / Installation Team,,,,,,,,,
Meter RTC Corrupted So Meter Defective Needs to be replacement At the time of testing,Meter Replacement / Installation Team,,,,,,,,,
Meter display segments are not properly visible so meter is defective and need replacement,Meter Replacement / Installation Team,,,,,,,,,
RTC CORRUPT SO METER REPLACEMENT REQUIRED AT SITE,Meter Replacement / Installation Team,,,,,,,,,
Meter display smokey and burnt so meter need to be changed,Meter Replacement / Installation Team,,,,,,,,,
Meter display segment not proper so meter defective needs replacement at the time of testing,Meter Replacement / Installation Team,,,,,,,,,
Meter RTC Fail at the time of testing So meter needs to replacement required,Meter Replacement / Installation Team,,,,,,,,,
Meter RTC Fail at the time of testing So meter needs to replacement required,Meter Replacement / Installation Team,,,,,,,,,
Meter RTC fail at the time of the testingso meter is defective meter needs to replace,Meter Replacement / Installation Team,,,,,,,,,
Meter RTC Failed at the time of testing so meter need to be changed,Meter Replacement / Installation Team,,,,,,,,,
Meter RTC Corrupted So Meter Defective Needs to be replacement At the time of testing,Meter Replacement / Installation Team,,,,,,,,,
Meter RTC fail at the time of the testingso meter is defective meter needs to replace,Meter Replacement / Installation Team,,,,,,,,,
Meter pulse Abnormal Blinking So Meter Defective Needs to be replacement At the time of testing,Meter Replacement / Installation Team,,,,,,,,,
Meter mdi KW not recording as per connected load so meter need replacement required discuss with back office,Meter Replacement / Installation Team,,,,,,,,,
ABNORMAL PULSE BLINKING IN METER SO METER REPLACEMENT REQUIRED AT SITE,Meter Replacement / Installation Team,,,,,,,,,
Meter display segment defective at the time of testing so meter need replacement required,Meter Replacement / Installation Team,,,,,,,,,
Seven Segment Display found faulty hence replacement required for the same under defective category Photographs has been attached for reference,Meter Replacement / Installation Team,,,,,,,,,
Meter RTC Corrupted So Meter Defective Needs to be replacement At the time of testing,Meter Replacement / Installation Team,,,,,,,,,
Meter RTC Corrupted So Meter Defective Needs to be replacement At the time of testing,Meter Replacement / Installation Team,,,,,,,,,
Meter RTC found fail Hence meter is defective and replacement required for the same,Meter Replacement / Installation Team,,,,,,,,,
Meter display segment defective at the time of testing so meter need replacement required,Meter Replacement / Installation Team,,,,,,,,,
Meter RTC found fail Hence meter is defective and replacement required for the same,Meter Replacement / Installation Team,,,,,,,,,
RTC is corrupt hence Meter replacement is required,Meter Replacement / Installation Team,,,,,,,,,
meter RTC fail so meter defective need replacement,Meter Replacement / Installation Team,,,,,,,,,
meter calibration pulse not blinking at load at the time of testing so meter needs to be replacement required,Meter Replacement / Installation Team,,,,,,,,,
Meter RTC Corrupted So Meter Defective Needs to be replacement At the time of testing,Meter Replacement / Installation Team,,,,,,,,,
Meter RTC Currupted So Meter Defective Needs to be replacement At the time of testing,Meter Replacement / Installation Team,,,,,,,,,
meter RTC failed at the time of testing so meter need to be changed,Meter Replacement / Installation Team,,,,,,,,,
Meter RTC fail at the time of the testingso meter is defective meter needs to replace,Meter Replacement / Installation Team,,,,,,,,,
meter RTC failed at the time of testing so meter need to be changed,Meter Replacement / Installation Team,,,,,,,,,
Meter RTC fail at the time of the testingso meter is defective meter needs to replace,Meter Replacement / Installation Team,,,,,,,,,
Meter RTC Failed at the time of testing so meter need to be changed,Meter Replacement / Installation Team,,,,,,,,,
Meter internal display smoky and burnt hence referred for meter replacement,Meter Replacement / Installation Team,,,,,,,,,
Meter RTC fail at the time of the testingso meter is defective meter needs to replace,Meter Replacement / Installation Team,,,,,,,,,
meter RTC failed at the time of testing so meter need to be changed,Meter Replacement / Installation Team,,,,,,,,,
Meter calibration pulse not bilking at load and meter not read current load bt Accucheak read amp at the time of testing Meter needs to be replacement required,Meter Replacement / Installation Team,,,,,,,,,
Meter RTC Fail at the time of testing So meter needs to replacement required,Meter Replacement / Installation Team,,,,,,,,,
Meter RTC fail at the time of the testingso meter is defective meter needs to replace,Meter Replacement / Installation Team,,,,,,,,,
Meter RTC fail at the time of the testingso meter is defective meter needs to replace,Meter Replacement / Installation Team,,,,,,,,,
Meter RTC Fail at the time of testing So meter needs to replacement required,Meter Replacement / Installation Team,,,,,,,,,
Meter RTC fail at the time of the testingso meter is defective meter needs to replace,Meter Replacement / Installation Team,,,,,,,,,
Meter RTC fail at the time of the testingso meter is defective meter needs to replace,Meter Replacement / Installation Team,,,,,,,,,
meter RTC failed at the time of testing so meter need to be changed,Meter Replacement / Installation Team,,,,,,,,,
Meter RTC fail at the time of the testingso meter is defective meter needs to replace,Meter Replacement / Installation Team,,,,,,,,,
Meter RTC Fail at the time of testing So meter needs to replacement required,Meter Replacement / Installation Team,,,,,,,,,
Meter RTC fail at the time of the testingso meter is defective meter needs to replace,Meter Replacement / Installation Team,,,,,,,,,
Meter RTC fail at the time of the testingso meter is defective meter needs to replace,Meter Replacement / Installation Team,,,,,,,,,
Meter RTC Failed at the time of testing so meter need to be changed,Meter Replacement / Installation Team,,,,,,,,,
meter RTC failed at the time of testing so meter need to be changed,Meter Replacement / Installation Team,,,,,,,,,
Meter RTC Failed at the time of testing so meter need to be changed,Meter Replacement / Installation Team,,,,,,,,,
Meter RTC fail at the time of the testingso meter is defective meter needs to replace,Meter Replacement / Installation Team,,,,,,,,,
meter RTC fail at the time of testing so meter needs to be replacement required,Meter Replacement / Installation Team,,,,,,,,,
Meter RTC Failed at the time of testing so meter need to be changed,Meter Replacement / Installation Team,,,,,,,,,
Meter RTC Fail at the time of testing So meter needs to replacement required,Meter Replacement / Installation Team,,,,,,,,,
Meter RTC fail at the time of the testingso meter is defective meter needs to replace,Meter Replacement / Installation Team,,,,,,,,,
meter RTC failed at the time of testing so meter need to be changed,Meter Replacement / Installation Team,,,,,,,,,
Meter RTC fail at the time of the testingso meter is defective meter needs to replace,Meter Replacement / Installation Team,,,,,,,,,
meter RTC failed at the time of testing so meter need to be changed,Meter Replacement / Installation Team,,,,,,,,,
Meter display segments are not properly visible so meter is defective and need replacement,Meter Replacement / Installation Team,,,,,,,,,
Meter Kwh Reading Forward Jump So Meter Defective Needs to be replacement At the time of testing,Meter Replacement / Installation Team,,,,,,,,,
Meter RTC Fail at the time of testing So meter needs to replacement required,Meter Replacement / Installation Team,,,,,,,,,
RTC found Fail hence meter is defective also Low Battery found hence replacement required for the same,Meter Replacement / Installation Team,,,,,,,,,
Meter RTC Fail at the time of testing So meter needs to replacement required,Meter Replacement / Installation Team,,,,,,,,,
RTC found Fail hence meter is defective also Low Battery found hence replacement required for the same,Meter Replacement / Installation Team,,,,,,,,,
Meter RTC Corrupted So Meter Defective Needs to be replacement At the time of testing,Meter Replacement / Installation Team,,,,,,,,,
Meter RTC Corrupted So Meter Defective Needs to be replacement At the time of testing,Meter Replacement / Installation Team,,,,,,,,,
Meter RTC Corrupted So Meter Defective Needs to be replacement At the time of testing,Meter Replacement / Installation Team,,,,,,,,,
Meter RTC Corrupted So Meter Defective Needs to be replacement At the time of testing,Meter Replacement / Installation Team,,,,,,,,,
Meter RTC found fail Hence meter is defective and replacement required for the same,Meter Replacement / Installation Team,,,,,,,,,
Meter RTC found fail Hence meter is defective and replacement required for the same,Meter Replacement / Installation Team,,,,,,,,,
Meter RTC fail at the time of the testingso meter is defective meter needs to replace,Meter Replacement / Installation Team,,,,,,,,,
RTC is corrupt hence Meter replacement is required,Meter Replacement / Installation Team,,,,,,,,,
Meter RTC found fail Hence meter is defective and replacement required for the same,Meter Replacement / Installation Team,,,,,,,,,
Meter RTC Corrupted So Meter Defective Needs to be replacement At the time of testing,Meter Replacement / Installation Team,,,,,,,,,
Meter RTC fail at the time of the testingso meter is defective meter needs to replace,Meter Replacement / Installation Team,,,,,,,,,
meter RTC failed at the time of testing so meter need to be changed,Meter Replacement / Installation Team,,,,,,,,,
Meter RTC Fail at the time of testing So meter needs to replacement required,Meter Replacement / Installation Team,,,,,,,,,
Meter RTC failed at the time of testing so meter need to be changed,Meter Replacement / Installation Team,,,,,,,,,
Meter RTC Fail at the time of testing So meter needs to replacement required,Meter Replacement / Installation Team,,,,,,,,,
Meter RTC Fail at the time of testing So meter needs to replacement required,Meter Replacement / Installation Team,,,,,,,,,
Meter RTC Failed at the time of testing so meter need to be changed,Meter Replacement / Installation Team,,,,,,,,,
Meter RTC fail at the time of the testingso meter is defective meter needs to replace,Meter Replacement / Installation Team,,,,,,,,,
meter RTC fail at the time of testing so meter needs to replacement required,Meter Replacement / Installation Team,,,,,,,,,
Meter RTC fail at the time of the testingso meter is defective meter needs to replace,Meter Replacement / Installation Team,,,,,,,,,
Meter is tested and Instantaneous Values of Voltage parameter is not matching with the reference meter hence meter is defective and therefore same needs to be replaced under defective category photographs of High voltage V in meter parameter is been attached along with Voltage in reference meter V Contacted Person Kamla,Meter Replacement / Installation Team,,,,,,,,,
meter display segment is defective at the time of testing so meter needs to be replacement required,Meter Replacement / Installation Team,,,,,,,,,
Meter RTC Fail at the time of testing So meter needs to replacement required,Meter Replacement / Installation Team,,,,,,,,,
Meter RTC Corrupted So Meter Defective Needs to be replacement At the time of testing,Meter Replacement / Installation Team,,,,,,,,,
Meter RTC Fail at the time of testing So meter needs to replacement required,Meter Replacement / Installation Team,,,,,,,,,
Meter RTC fail at the time of the testingso meter is defective meter needs to replace,Meter Replacement / Installation Team,,,,,,,,,
FIGURE UPSET SO METER REPLACEMENT REQUIRED AT SITE,Meter Replacement / Installation Team,,,,,,,,,
Meter RTC Corrupted So Meter Defective Needs to be replacement At the time of testing,Meter Replacement / Installation Team,,,,,,,,,
Earth LED found ON even on External Load KW hence meter is defective and replacement required for the same,Meter Replacement / Installation Team,,,,,,,,,
Meter RTC fail at the time of the testingso meter is defective meter needs to replace,Meter Replacement / Installation Team,,,,,,,,,
Meter RTC fail at the time of the testingso meter is defective meter needs to replace,Meter Replacement / Installation Team,,,,,,,,,
Meter RTC fail at the time of the testingso meter is defective meter needs to replace,Meter Replacement / Installation Team,,,,,,,,,
ELT SHOWING IN EXTERNAL LOAD SO METER REPLACEMENT REQUIRED AT SITE,Meter Replacement / Installation Team,,,,,,,,,
Meter RTC fail at the time of the testingso meter is defective meter needs to replace,Meter Replacement / Installation Team,,,,,,,,,
Meter RTC Failed at the time of testing so meter need to be changed,Meter Replacement / Installation Team,,,,,,,,,
Meter RTC fail at the time of the testingso meter is defective meter needs to replace,Meter Replacement / Installation Team,,,,,,,,,
RTC found Fail hence meter is defective also Low Battery found hence replacement required for the same,Meter Replacement / Installation Team,,,,,,,,,
Meter RTC fail at the time of the testingso meter is defective meter needs to replace,Meter Replacement / Installation Team,,,,,,,,,
meter RTC failed at the time of testing so meter need to be changed,Meter Replacement / Installation Team,,,,,,,,,
Meter RTC Corrupted So Meter Defective Needs to be replacement At the time of testing,Meter Replacement / Installation Team,,,,,,,,,
Meter Accuracy is out of limit pulse is not blinking as per connected Load hence meter is defective and replacement required for the same also rectification required for burnt MCB same has been conveyed to responsible person Contacted Person Ramesh Saluja,Meter Replacement / Installation Team,,,,,,,,,
meter RTC failed at the time of testing so meter need to be changed,Meter Replacement / Installation Team,,,,,,,,,
meter ELT glow on without load at the time of testing so meter needs to be replacement required,Meter Replacement / Installation Team,,,,,,,,,
Meter RTC fail at the time of the testingso meter is defective meter needs to replace,Meter Replacement / Installation Team,,,,,,,,,
Meter RTC fail at the time of the testingso meter is defective meter needs to replace,Meter Replacement / Installation Team,,,,,,,,,
Meter RTC fail at the time of the testingso meter is defective meter needs to replace,Meter Replacement / Installation Team,,,,,,,,,
Meter RTC fail at the time of testing so meter need replacement required,Meter Replacement / Installation Team,,,,,,,,,
METER VOLTAGE PARAMETER ABNORMAL VOLTAGE SHOWING IN METER DISPLAY V BUT ACTUAL VOLTAGE V SO METER REPLACEMENT REQUIRED AT SITE,Meter Replacement / Installation Team,,,,,,,,,
Meter RTC Failed at the time of testing so meter need to be changed,Meter Replacement / Installation Team,,,,,,,,,
Meter RTC Corrupted So Meter Defective Needs to be replacement At the time of testing,Meter Replacement / Installation Team,,,,,,,,,
Meter RTC Fail at the time of testing So meter needs to replacement required,Meter Replacement / Installation Team,,,,,,,,,
Meter RTC fail at the time of the testingso meter is defective meter needs to replace,Meter Replacement / Installation Team,,,,,,,,,
Meter RTC Fail at the time of testing So meter needs to replacement required,Meter Replacement / Installation Team,,,,,,,,,
meter display segment is defective at the time of testing so meter needs to be replacement required,Meter Replacement / Installation Team,,,,,,,,,
RTC CORRUPT SO METER REPLACEMENT REQUIRED AT SITE,Meter Replacement / Installation Team,,,,,,,,,
There is a discrepancy between Phase Current and Neutral current as displaye on energy meter Phase Current A Neutral Current A crossverification with AccuCheck indicates that both Phase and Neutral currents are equal so Meter is defective need to be Replacement,Meter Replacement / Installation Team,,,,,,,,,
meter calibration pulse not blinking at load also no display at the time of testing so meter needs to be replacement required,Meter Replacement / Installation Team,,,,,,,,,
Meter RTC Corrupted So Meter Defective Needs to be replacement At the time of testing,Meter Replacement / Installation Team,,,,,,,,,
Meter RTC Corrupted So Meter Defective Needs to be replacement At the time of testing,Meter Replacement / Installation Team,,,,,,,,,
Meter RTC Corrupted So Meter Defective Needs to be replacement At the time of testing,Meter Replacement / Installation Team,,,,,,,,,
Meter RTC Corrupted So Meter Defective Needs to be replacement At the time of testing,Meter Replacement / Installation Team,,,,,,,,,
Meter RTC found fail Hence meter is defective and replacement required for the same,Meter Replacement / Installation Team,,,,,,,,,
Meter RTC found fail Hence meter is defective and replacement required for the same,Meter Replacement / Installation Team,,,,,,,,,
Meter RTC Corrupted So Meter Defective Needs to be replacement At the time of testing,Meter Replacement / Installation Team,,,,,,,,,
Meter display Calibration pulse is not working so meter is defective need to be replacement,Meter Replacement / Installation Team,,,,,,,,,
Meter RTC Corrupted So Meter Defective Needs to be replacement At the time of testing,Meter Replacement / Installation Team,,,,,,,,,
Meter RTC Corrupted So Meter Defective Needs to be replacement At the time of testing,Meter Replacement / Installation Team,,,,,,,,,
Meter RTC Failed at the time of testing so meter need to be changed,Meter Replacement / Installation Team,,,,,,,,,
Meter RTC fail at the time of the testingso meter is defective meter needs to replace,Meter Replacement / Installation Team,,,,,,,,,
Meter RTC Fail at the time of testing So meter needs to replacement required,Meter Replacement / Installation Team,,,,,,,,,
Meter RTC fail at the time of the testingso meter is defective meter needs to replace,Meter Replacement / Installation Team,,,,,,,,,
meter rtc failed at the time of testing so meter need to be changed,Meter Replacement / Installation Team,,,,,,,,,
Meter RTC fail at the time of the testingso meter is defective meter needs to replace,Meter Replacement / Installation Team,,,,,,,,,
Meter display segment found defective so meter need to be changed,Meter Replacement / Installation Team,,,,,,,,,
Meter display segments are not properly visible so meter is defective and need replacement,Meter Replacement / Installation Team,,,,,,,,,
meter rtc failed at the time of testing so meter need to be changed,Meter Replacement / Installation Team,,,,,,,,,
Meter Display Segment not Proper Showing So Meter Defective Needs to be replacement At the time of testing,Meter Replacement / Installation Team,,,,,,,,,
meter rtc failed at the time of testing so meter need to be changed,Meter Replacement / Installation Team,,,,,,,,,
Meter RTC fail at the time of the testingso meter is defective meter needs to replace,Meter Replacement / Installation Team,,,,,,,,,
meter rtc failed at the time of testing so meter need to be changed,Meter Replacement / Installation Team,,,,,,,,,
Meter RTC Fail at the time of testing So meter needs to replacement required,Meter Replacement / Installation Team,,,,,,,,,
Meter RTC Failed at the time of testing so meter need to be changed,Meter Replacement / Installation Team,,,,,,,,,
Meter RTC Failed at the time of testing so meter need to be changed,Meter Replacement / Installation Team,,,,,,,,,
Meter RTC fail at the time of the testingso meter is defective meter needs to replace,Meter Replacement / Installation Team,,,,,,,,,
Meter RTC Fail at the time of testing So meter needs to replacement required,Meter Replacement / Installation Team,,,,,,,,,
Meter RTC fail at the time of the testingso meter is defective meter needs to replace,Meter Replacement / Installation Team,,,,,,,,,
Meter RTC fail at the time of the testingso meter is defective meter needs to replace,Meter Replacement / Installation Team,,,,,,,,,
Meter RTC Corrupted So Meter Defective Needs to be replacement At the time of testing,Meter Replacement / Installation Team,,,,,,,,,
Meter RTC Corrupted So Meter Defective Needs to be replacement At the time of testing,Meter Replacement / Installation Team,,,,,,,,,
Meter RTC fail at the time of the testingso meter is defective meter needs to replace,Meter Replacement / Installation Team,,,,,,,,,
Meter RTC fail at the time of the testingso meter is defective meter needs to replace,Meter Replacement / Installation Team,,,,,,,,,
Meter RTC fail at the time of the testingso meter is defective meter needs to replace,Meter Replacement / Installation Team,,,,,,,,,
meter ELT glow on without load at the time of testing so meter needs to be replacement required,Meter Replacement / Installation Team,,,,,,,,,
Meter RTC Failed at the time of testing so meter need to be changed,Meter Replacement / Installation Team,,,,,,,,,
Meter RTC Fail at the time of testing So meter needs to replacement required,Meter Replacement / Installation Team,,,,,,,,,
Meter RTC found fail Hence meter is defective and replacement required for the same,Meter Replacement / Installation Team,,,,,,,,,
Meter RTC Corrupted So Meter Defective Needs to be replacement At the time of testing,Meter Replacement / Installation Team,,,,,,,,,
Meter RTC Corrupted So Meter Defective Needs to be replacement At the time of testing,Meter Replacement / Installation Team,,,,,,,,,
Meter RTC fail at the time of the testingso meter is defective meter needs to replace,Meter Replacement / Installation Team,,,,,,,,,
Meter RTC Failed at the time of testing so meter need to be changed,Meter Replacement / Installation Team,,,,,,,,,
meter calibration pulse blinking on IMAX on without load at the time of testing so meter needs to replacement required,Meter Replacement / Installation Team,,,,,,,,,
Meter RTC fail at the time of the testingso meter is defective meter needs to replace,Meter Replacement / Installation Team,,,,,,,,,
Meter RTC fail at the time of the testingso meter is defective meter needs to replace,Meter Replacement / Installation Team,,,,,,,,,
Meter RTC Fail at the time of testing So meter needs to replacement required,Meter Replacement / Installation Team,,,,,,,,,
Meter RTC Fail at the time of testing So meter needs to replacement required,Meter Replacement / Installation Team,,,,,,,,,
Earth LED found ON even on External Load KW hence meter is defective and replacement required for the same,Meter Replacement / Installation Team,,,,,,,,,
meter RTC failed at the time of testing so meter need to be changed,Meter Replacement / Installation Team,,,,,,,,,
Earth LED found ON even on External Load KW hence meter is defective and replacement required for the same,Meter Replacement / Installation Team,,,,,,,,,
Meter RTC Fail at the time of testing So meter needs to replacement required,Meter Replacement / Installation Team,,,,,,,,,
meter RTC failed at the time of testing so meter need to be changed,Meter Replacement / Installation Team,,,,,,,,,
Meter RTC fail at the time of the testingso meter is defective meter needs to replace,Meter Replacement / Installation Team,,,,,,,,,
METER PULSE ABNORMAL BLINKING SO METER REPLACEMENT REQUIRED AT SITE,Meter Replacement / Installation Team,,,,,,,,,
meter RTC fail so meter defective need replacement,Meter Replacement / Installation Team,,,,,,,,,
Meter Instantaneous B Phase Voltage Found zero where V is supllied ro consuner also Burnt and Cracks found on BPhase CT hence meter is defective and replacement required for the same,Meter Replacement / Installation Team,,,,,,,,,
Meter Display showing RTC failedSo meter defective need to replacement,Meter Replacement / Installation Team,,,,,,,,,
Meter RTC Corrupted So Meter Defective Needs to be replacement At the time of testing,Meter Replacement / Installation Team,,,,,,,,,
Meter RTC found fail Hence meter is defective and replacement required for the same,Meter Replacement / Installation Team,,,,,,,,,
Meter RTC fail at the time of the testingso meter is defective meter needs to replace,Meter Replacement / Installation Team,,,,,,,,,
Meter RTC fail at the time of the testingso meter is defective meter needs to replace,Meter Replacement / Installation Team,,,,,,,,,
Meter RTC fail at the time of the testingso meter is defective meter needs to replace,Meter Replacement / Installation Team,,,,,,,,,
Meter RTC fail at the time of the testingso meter is defective meter needs to replace,Meter Replacement / Installation Team,,,,,,,,,
Meter RTC fail at the time of the testingso meter is defective meter needs to replace,Meter Replacement / Installation Team,,,,,,,,,
Meter RTC fail at the time of the testingso meter is defective meter needs to replace,Meter Replacement / Installation Team,,,,,,,,,
Meter RTC fail at the time of the testingso meter is defective meter needs to replace,Meter Replacement / Installation Team,,,,,,,,,
meter RTC failed at the time of testing so meter need to be changed,Meter Replacement / Installation Team,,,,,,,,,
Meter Display Segment not Proper Showing So Meter Defective Needs to be replacement At the time of testing,Meter Replacement / Installation Team,,,,,,,,,
Meter RTC Corrupted So Meter Defective Needs to be replacement At the time of testing,Meter Replacement / Installation Team,,,,,,,,,
Meter RTC found fail Hence meter is defective and replacement required for the same,Meter Replacement / Installation Team,,,,,,,,,
Current Parameter of Phase and Neutral is not matching also RTC found Fail therefore same is defective therefore same needs to be replace Contacted Person Naveen,Meter Replacement / Installation Team,,,,,,,,,
Meter RTC Fail at the time of testing So meter needs to replacement required,Meter Replacement / Installation Team,,,,,,,,,
Meter RTC Failed at the time of testing so meter need to be changed,Meter Replacement / Installation Team,,,,,,,,,
Meter RTC Corrupted So Meter Defective Needs to be replacement At the time of testing,Meter Replacement / Installation Team,,,,,,,,,
Meter RTC Corrupted So Meter Defective Needs to be replacement At the time of testing,Meter Replacement / Installation Team,,,,,,,,,
Meter RTC Failed at the time of testing so meter need to be changed,Meter Replacement / Installation Team,,,,,,,,,
Meter RTC Fail at the time of testing So meter needs to replacement required,Meter Replacement / Installation Team,,,,,,,,,
Meter RTC Fail at the time of testing So meter needs to replacement required,Meter Replacement / Installation Team,,,,,,,,,
Meter RTC fail at the time of the testingso meter is defective meter needs to replace,Meter Replacement / Installation Team,,,,,,,,,
Meter RTC Failed at the time of testing so meter need to be changed,Meter Replacement / Installation Team,,,,,,,,,
ABNORMAL PULSE BLINKING IN METER SO METER REPLACEMENT REQUIRED AT SITE,Meter Replacement / Installation Team,,,,,,,,,
Meter RTC fail at the time of the testingso meter is defective meter needs to replace,Meter Replacement / Installation Team,,,,,,,,,
meter tested as per safety norms meter No display so meter defective meter need to replacment,Meter Replacement / Installation Team,,,,,,,,,
Current Parameter of Phase and Neutral is not matching therefore same is defective therefore same needs to be replace,Meter Replacement / Installation Team,,,,,,,,,
meter display figure upset not proper so meter defective need replacement,Meter Replacement / Installation Team,,,,,,,,,
Meter RTC Failed at the time of testing so meter need to be changed,Meter Replacement / Installation Team,,,,,,,,,
Meter RTC found fail Hence meter is defective and replacement required for the same,Meter Replacement / Installation Team,,,,,,,,,
meter calibration pulse abnormal blinking so meter defective meter need to replacment,Meter Replacement / Installation Team,,,,,,,,,
meter rtc failed at the time of testing so meter need to be changed,Meter Replacement / Installation Team,,,,,,,,,
Meter RTC Corrupted So Meter Defective Needs to be replacement At the time of testing,Meter Replacement / Installation Team,,,,,,,,,
meter testes as per safety norms meter kwh reading not incriment so meter defective meter need replacement,Meter Replacement / Installation Team,,,,,,,,,
Meter RTC Fail at the time of testing So meter needs to replacement required,Meter Replacement / Installation Team,,,,,,,,,
Meter RTC Failed at the time of testing so meter need to be changed,Meter Replacement / Installation Team,,,,,,,,,
Meter RTC fail at the time of the testingso meter is defective meter needs to replace,Meter Replacement / Installation Team,,,,,,,,,
Meter RTC fail at the time of the testingso meter is defective meter needs to replace,Meter Replacement / Installation Team,,,,,,,,,
Meter RTC Failed at the time of testing so meter need to be changed,Meter Replacement / Installation Team,,,,,,,,,
Meter RTC Fail at the time of testing So meter needs to replacement required,Meter Replacement / Installation Team,,,,,,,,,
meter RTC fail so meter defective need replacement,Meter Replacement / Installation Team,,,,,,,,,
Meter RTC fail at the time of the testingso meter is defective meter needs to replace,Meter Replacement / Installation Team,,,,,,,,,
Meter ELT on at same current so meter defective need to replacement,Meter Replacement / Installation Team,,,,,,,,,
Meter display segments are not properly visible so meter is defective and need replacement,Meter Replacement / Installation Team,,,,,,,,,
Meter RTC Failed at the time of testing so meter need to be changed,Meter Replacement / Installation Team,,,,,,,,,
meter rtc failed at the time of testing so meter need to be change,Meter Replacement / Installation Team,,,,,,,,,
Meter RTC Failed at the time of testing so meter need to be changed,Meter Replacement / Installation Team,,,,,,,,,
Meter RTC fail at the time of the testingso meter is defective meter needs to replace,Meter Replacement / Installation Team,,,,,,,,,
meter RTC failed at the time of testing so meter need to be changed,Meter Replacement / Installation Team,,,,,,,,,
meter RTC failed at the time of testing so meter need to be changed,Meter Replacement / Installation Team,,,,,,,,,
meter RTC failed at the time of testing so meter need to be changed,Meter Replacement / Installation Team,,,,,,,,,
Meter RTC Fail at the time of testing So meter needs to replacement required,Meter Replacement / Installation Team,,,,,,,,,
Meter RTC Failed at the time of testing so meter need to be changed,Meter Replacement / Installation Team,,,,,,,,,
Meter RTC Fail at the time of testing So meter needs to replacement required,Meter Replacement / Installation Team,,,,,,,,,
Meter RTC Fail at the time of testing So meter needs to replacement required,Meter Replacement / Installation Team,,,,,,,,,
Meter RTC Fail at the time of testing So meter needs to replacement required,Meter Replacement / Installation Team,,,,,,,,,
Meter RTC fail at the time of the testingso meter is defective meter needs to replace,Meter Replacement / Installation Team,,,,,,,,,
Meter RTC fail at the time of the testingso meter is defective meter needs to replace,Meter Replacement / Installation Team,,,,,,,,,
meter rtc failed at the time of testing so meter need to be changed,Meter Replacement / Installation Team,,,,,,,,,
Meter RTC fail at the time of the testingso meter is defective meter needs to replace,Meter Replacement / Installation Team,,,,,,,,,
meter RTC failed at the time of testing so meter need to be changed,Meter Replacement / Installation Team,,,,,,,,,
Meter RTC Corrupted So Meter Defective Needs to be replacement At the time of testing,Meter Replacement / Installation Team,,,,,,,,,
Meter RTC Failed at the time of testing so meter need to be changed,Meter Replacement / Installation Team,,,,,,,,,
Meter RTC Corrupted So Meter Defective Needs to be replacement At the time of testing,Meter Replacement / Installation Team,,,,,,,,,
Meter RTC Fail at the time of testing So meter needs to replacement required,Meter Replacement / Installation Team,,,,,,,,,
Meter RTC fail at the time of the testingso meter is defective meter needs to replace,Meter Replacement / Installation Team,,,,,,,,,
Meter RTC fail at the time of the testingso meter is defective meter needs to replace,Meter Replacement / Installation Team,,,,,,,,,
Meter Calibration Pulse are blinking abnormal at the time of testingSo meter is defective and need replacement,Meter Replacement / Installation Team,,,,,,,,,
Meter display segment found defective so meter need to be changed,Meter Replacement / Installation Team,,,,,,,,,
Meter RTC Corrupted So Meter Defective Needs to be replacement At the time of testing,Meter Replacement / Installation Team,,,,,,,,,
METER PULSE ABNORMAL BLINKING AT A TIME OF TESTING SO METER REPLACEMENT REQUIRED AT SITE,Meter Replacement / Installation Team,,,,,,,,,
meter RTC fail at the time of testing so meter needs to be replacement required,Meter Replacement / Installation Team,,,,,,,,,
ABNORMAL PULSE BLINKING IN METER SO METER REPLACEMENT REQUIRED AT SITE,Meter Replacement / Installation Team,,,,,,,,,
Meter RTC fail at the time of testing so meter needs to be replacement required,Meter Replacement / Installation Team,,,,,,,,,
RTC CORRUPT SO METER REPLACEMENT REQUIRED AT SITE,Meter Replacement / Installation Team,,,,,,,,,
Meter display segment defective at the time of testing so meter need replacement required,Meter Replacement / Installation Team,,,,,,,,,
Meter display segments are not properly visible so meter is defective and need replacement,Meter Replacement / Installation Team,,,,,,,,,
meter rtc failed at the time of testing so meter need to be changed,Meter Replacement / Installation Team,,,,,,,,,
meter rtc failed at the time of testing so meter need to be changed,Meter Replacement / Installation Team,,,,,,,,,
meter rtc failed at the time of testing so meter need to be changed,Meter Replacement / Installation Team,,,,,,,,,
Meter RTC Fail at the time of testing So meter needs to replacement required,Meter Replacement / Installation Team,,,,,,,,,
Meter RTC Fail at the time of testing So meter needs to replacement required,Meter Replacement / Installation Team,,,,,,,,,
meter rtc failed at the time of testing so meter need to be changed,Meter Replacement / Installation Team,,,,,,,,,
Meter RTC Fail at the time of testing So meter needs to replacement required,Meter Replacement / Installation Team,,,,,,,,,
Meter RTC Failed at the time of testing so meter need to be changed,Meter Replacement / Installation Team,,,,,,,,,
Meter RTC fail at the time of the testingso meter is defective meter needs to replace,Meter Replacement / Installation Team,,,,,,,,,
meter Rtc failed at the time of testing so meter need to be changed,Meter Replacement / Installation Team,,,,,,,,,
Meter Display showing Low Voltage mismatched with reference hence meter is defective and replacement required for the same Meter is of Class,Meter Replacement / Installation Team,,,,,,,,,
Meter RTC Failed at the time of testing so meter need to be changed,Meter Replacement / Installation Team,,,,,,,,,
Meter display segment defective at the time of testing so meter could not be test,Meter Replacement / Installation Team,,,,,,,,,
meter Rtc failed at the time of testing so meter need to be changed,Meter Replacement / Installation Team,,,,,,,,,
Meter RTC Failed at the time of testing so meter need to be changed,Meter Replacement / Installation Team,,,,,,,,,
Meter RTC fail at the time of the testingso meter is defective meter needs to replace,Meter Replacement / Installation Team,,,,,,,,,
meter display found blank so meter defective need replacement,Meter Replacement / Installation Team,,,,,,,,,
Meter RTC fail at the time of the testingso meter is defective meter needs to replace,Meter Replacement / Installation Team,,,,,,,,,
Meter RTC fail at the time of the testingso meter is defective meter needs to replace,Meter Replacement / Installation Team,,,,,,,,,
Meter RTC Fail at the time of testing So meter needs to replacement required,Meter Replacement / Installation Team,,,,,,,,,
Meter RTC fail at the time of the testingso meter is defective meter needs to replace,Meter Replacement / Installation Team,,,,,,,,,
Meter display segments are not properly visible so meter is defective and need replacement,Meter Replacement / Installation Team,,,,,,,,,
RTC CORRUPT SO METER REPLACEMENT REQUIRED AT SITE,Meter Replacement / Installation Team,,,,,,,,,
Meter RTC Failed at the time of testing so meter need to be changed,Meter Replacement / Installation Team,,,,,,,,,
Meter RTC Fail at the time of testing So meter needs to replacement required,Meter Replacement / Installation Team,,,,,,,,,
Meter display Segment is found defective so Meter is Defective needs to be replacement,Meter Replacement / Installation Team,,,,,,,,,
meter display sagment defective so Meter defective meter need to replacment,Meter Replacement / Installation Team,,,,,,,,,
meter rtc failed at the time of testing so meter need to be changed,Meter Replacement / Installation Team,,,,,,,,,
Meter RTC fail at the time of the testingso meter is defective meter needs to replace,Meter Replacement / Installation Team,,,,,,,,,
meter rtc failed at the time of testing so meter need to be changed,Meter Replacement / Installation Team,,,,,,,,,
meter rtc failed at the time of testing so meter need to be changed,Meter Replacement / Installation Team,,,,,,,,,
Meter RTC Corrupted So Meter Defective Needs to be replacement At the time of testing,Meter Replacement / Installation Team,,,,,,,,,
Meter RTC Corrupted So Meter Defective Needs to be replacement At the time of testing,Meter Replacement / Installation Team,,,,,,,,,
Meter pulse Abnormal blinking So Meter Defective Needs to be replacement At the time of testing,Meter Replacement / Installation Team,,,,,,,,,
Meter RTC Corrupted So Meter Defective Needs to be replacement At the time of testing,Meter Replacement / Installation Team,,,,,,,,,
Meter RTC Corrupted So Meter Defective Needs to be replacement At the time of testing,Meter Replacement / Installation Team,,,,,,,,,
RTC is corrupt hence Meter replacement is required,Meter Replacement / Installation Team,,,,,,,,,
Meter Reading Reverse Jump So Meter Defective Needs to be replacement At the time of testing,Meter Replacement / Installation Team,,,,,,,,,
Meter RTC Fail at the time of testing So meter needs to replacement required,Meter Replacement / Installation Team,,,,,,,,,
meter display found blankand ic terminal found burnt so meter defective need replacement,Meter Replacement / Installation Team,,,,,,,,,
Meter RTC fail at the time of the testingso meter is defective meter needs to replacepaper seal pasted on meter box,Meter Replacement / Installation Team,,,,,,,,,
meter display figure upsetnot proper so meter defective need replacement,Meter Replacement / Installation Team,,,,,,,,,
meter rtc failed at the time of testing so meter need to be changed,Meter Replacement / Installation Team,,,,,,,,,
meter rtc failed at the time of testing so meter need to be changed,Meter Replacement / Installation Team,,,,,,,,,
Meter RTC Failed at the time of testing so meter need to be changed,Meter Replacement / Installation Team,,,,,,,,,
Meter RTC fail at the time of the testingso meter is defective meter needs to replace,Meter Replacement / Installation Team,,,,,,,,,
Meter RTC fail at the time of the testingso meter is defective meter needs to replace,Meter Replacement / Installation Team,,,,,,,,,
Meter RTC fail at the time of the testingso meter is defective meter needs to replace,Meter Replacement / Installation Team,,,,,,,,,
Meter RTC fail at the time of the testingso meter is defective meter needs to replace,Meter Replacement / Installation Team,,,,,,,,,
Meter Display Segment not Proper Showing So Meter Defective Needs to be replacement At the time of testing,Meter Replacement / Installation Team,,,,,,,,,
Meter RTC found fail Hence meter is defective and replacement required for the same,Meter Replacement / Installation Team,,,,,,,,,
Meter RTC Failed at the time of testing so meter need to be changed,Meter Replacement / Installation Team,,,,,,,,,
meter RTC failed at the time of testing so meter need to be changed,Meter Replacement / Installation Team,,,,,,,,,
meter RTC failed at the time of testing so meter need to be changed,Meter Replacement / Installation Team,,,,,,,,,
Earth LED found ON even on External Load KW hence meter is defective and replacement required for the same,Meter Replacement / Installation Team,,,,,,,,,
Meter RTC Failed at the time of testing so meter need to be changed,Meter Replacement / Installation Team,,,,,,,,,
meter display segment is defective at the time of testing so meter needs to replacement required,Meter Replacement / Installation Team,,,,,,,,,
Meter CAL Phase REV EL LED found Burnt hence meter is defective and replacement required for the same under defective category,Meter Replacement / Installation Team,,,,,,,,,
Meter RTC fail at the time of the testingso meter is defective meter needs to replace,Meter Replacement / Installation Team,,,,,,,,,
Meter RTC Corrupted So Meter Defective Needs to be replacement At the time of testing,Meter Replacement / Installation Team,,,,,,,,,
Current Parameter of Phase and Neutral is not matching therefore same is defective therefore same needs to be replace Contacted Person Kartik,Meter Replacement / Installation Team,,,,,,,,,
Meter RTC fail at the time of the testingso meter is defective meter needs to replace,Meter Replacement / Installation Team,,,,,,,,,
Meter RTC Fail at the time of testing So meter needs to replacement required,Meter Replacement / Installation Team,,,,,,,,,
Meter RTC Failed at the time of testing so meter need to be changed,Meter Replacement / Installation Team,,,,,,,,,
meter rtc failed at the time of testing so meter need to be changed,Meter Replacement / Installation Team,,,,,,,,,
Meter RTC Corrupted So Meter Defective Needs to be replacement At the time of testing,Meter Replacement / Installation Team,,,,,,,,,
Meter calibration pulse is blinking abnormal at the time of testing So Meter is Defective need to be Replacement,Meter Replacement / Installation Team,,,,,,,,,
Meter RTC Fail at the time of testing So meter needs to replacement required,Meter Replacement / Installation Team,,,,,,,,,
Meter RTC failed at the time of testing so meter need to be changed,Meter Replacement / Installation Team,,,,,,,,,
Meter RTC Failed at the time of testing so meter need to be changed,Meter Replacement / Installation Team,,,,,,,,,
Meter RTC fail at the time of the testingso meter is defective meter needs to replace,Meter Replacement / Installation Team,,,,,,,,,
meter rtc failed at the time of testing so meter need to be changed,Meter Replacement / Installation Team,,,,,,,,,
meter RTC failed at the time of testing so meter need to be changed,Meter Replacement / Installation Team,,,,,,,,,
meter display not clear visible and meter pulse blinking without load so meter defective need replacement,Meter Replacement / Installation Team,,,,,,,,,
meter RTC fail at the time of testing so meter needs to be replacement required,Meter Replacement / Installation Team,,,,,,,,,
Meter RTC Corrupted So Meter Defective Needs to be replacement At the time of testing Meter Already Tested,Meter Replacement / Installation Team,,,,,,,,,
Meter RTC found fail Hence meter is defective and replacement required for the same,Meter Replacement / Installation Team,,,,,,,,,
Meter EL REV and Phase LED found burnt hence meter is defective and replacement required for the same,Meter Replacement / Installation Team,,,,,,,,,
meter calibration pulse abnormal blinking at the time of testing so meter deffective need to be replacement,Meter Replacement / Installation Team,,,,,,,,,
Meter RTC Fail at the time of testing So meter needs to replacement required,Meter Replacement / Installation Team,,,,,,,,,
RTC CORRUPT SO METER REPLACEMENT REQUIRED AT SITE,Meter Replacement / Installation Team,,,,,,,,,
meter rtc failed at the time of testing so meter need to be changed,Meter Replacement / Installation Team,,,,,,,,,
Meter display sagment defective at the time of testing so meter need replacement required,Meter Replacement / Installation Team,,,,,,,,,
meter rtc failed at the time of testing so meter need to be changed,Meter Replacement / Installation Team,,,,,,,,,
Meter display Segment is found defective so Meter is Defective needs to be replacement,Meter Replacement / Installation Team,,,,,,,,,
Meter RTC Fail at the time of testing So meter needs to replacement required,Meter Replacement / Installation Team,,,,,,,,,
Meter RTC Fail at the time of testing So meter needs to replacement required,Meter Replacement / Installation Team,,,,,,,,,
Meter RTC Corrupted So Meter Defective Needs to be replacement At the time of testing,Meter Replacement / Installation Team,,,,,,,,,
Meter RTC fail at the time of the testingso meter is defective meter needs to replace,Meter Replacement / Installation Team,,,,,,,,,
Meter RTC Fail at the time of testing So meter needs to replacement required,Meter Replacement / Installation Team,,,,,,,,,
Meter RTC Corrupted So Meter Defective Needs to be replacement At the time of testing,Meter Replacement / Installation Team,,,,,,,,,
Meter RTC fail at the time of the testingso meter is defective meter needs to replace,Meter Replacement / Installation Team,,,,,,,,,
Meter RTC fail at the time of the testingso meter is defective meter needs to replace,Meter Replacement / Installation Team,,,,,,,,,
Meter RTC fail at the time of the testingso meter is defective meter needs to replace,Meter Replacement / Installation Team,,,,,,,,,
Meter Abnormal pulse blinking Abnormalities in Cummulative Energy hence meter is defective and replacement Required for the same,Meter Replacement / Installation Team,,,,,,,,,
meter RTC failed at the time of testing so meter need to be changed,Meter Replacement / Installation Team,,,,,,,,,
meter RTC fail at the time of testing so meter needs to be replacement required,Meter Replacement / Installation Team,,,,,,,,,
meter RTC failed at the time of testing so meter need to be changed,Meter Replacement / Installation Team,,,,,,,,,
meter display segment defective at the time of testing so meter need replacement required,Meter Replacement / Installation Team,,,,,,,,,
RTC found Fail hence meter is defective also Low Battery found hence replacement required for the same Contacted Person Janak,Meter Replacement / Installation Team,,,,,,,,,
METER RTC Fail So Meter Is Defective Need Replacement,Meter Replacement / Installation Team,,,,,,,,,
Meter RTC fail at the time of the testingso meter is defective meter needs to replace,Meter Replacement / Installation Team,,,,,,,,,
Meter RTC fail at the time of the testingso meter is defective meter needs to replace,Meter Replacement / Installation Team,,,,,,,,,
METER RTC Fail So Meter Is Defective Need Replacement,Meter Replacement / Installation Team,,,,,,,,,
Meter RTC fail at the time of the testingso meter is defective meter needs to replace,Meter Replacement / Installation Team,,,,,,,,,
meter RTC failed at the time of testing so meter need to be changed,Meter Replacement / Installation Team,,,,,,,,,
Meter RTC fail at the time of the testingso meter is defective meter needs to replace,Meter Replacement / Installation Team,,,,,,,,,
meter RTC failed at the time of testing so meter need to be changed,Meter Replacement / Installation Team,,,,,,,,,
meter RTC failed at the time of testing so meter need to be changed,Meter Replacement / Installation Team,,,,,,,,,
Meter RTC fail at the time of the testingso meter is defective meter needs to replace,Meter Replacement / Installation Team,,,,,,,,,
Meter MDI is not recording as per connection load so it is defective,Meter Replacement / Installation Team,,,,,,,,,
meter RTC fail so meter defective need replacement and zone IR found on metet box,Meter Replacement / Installation Team,,,,,,,,,
Meter RTC found fail Hence meter is defective and replacement required for the same,Meter Replacement / Installation Team,,,,,,,,,
Meter RTC Fail at the time of testing So meter needs to replacement required,Meter Replacement / Installation Team,,,,,,,,,
Meter RTC fail at the time of testing so meter needs to be replacement required,Meter Replacement / Installation Team,,,,,,,,,
Meter RTC Corrupted So Meter Defective Needs to be replacement At the time of testing,Meter Replacement / Installation Team,,,,,,,,,
Meter RTC found fail Hence meter is defective and replacement required for the same,Meter Replacement / Installation Team,,,,,,,,,
meter display showing rtc fail date time so meter defective meter need to replacment,Meter Replacement / Installation Team,,,,,,,,,
Meter RTC Corrupted So Meter Defective Needs to be replacement At the time of testing,Meter Replacement / Installation Team,,,,,,,,,
Meter RTC Corrupted So Meter Defective Needs to be replacement At the time of testing,Meter Replacement / Installation Team,,,,,,,,,
Meter RTC Corrupted So Meter Defective Needs to be replacement At the time of testing,Meter Replacement / Installation Team,,,,,,,,,
Meter RTC Corrupted So Meter Defective Needs to be replacement At the time of testing,Meter Replacement / Installation Team,,,,,,,,,
Meter RTC Failed at the time of testing so meter need to be changed,Meter Replacement / Installation Team,,,,,,,,,
RTC found Fail hence meter is defective also Low Battery found hence replacement required for the same Contacted Person Keshav,Meter Replacement / Installation Team,,,,,,,,,
Meter RTC fail at the time of the testingso meter is defective meter needs to replace,Meter Replacement / Installation Team,,,,,,,,,
Meter display sagment defective at the time of testing so meter need replacement required,Meter Replacement / Installation Team,,,,,,,,,
meter RTC failed at the time of testing so meter need to be changed,Meter Replacement / Installation Team,,,,,,,,,
Meter RTC fail at the time of the testingso meter is defective meter needs to replace,Meter Replacement / Installation Team,,,,,,,,,
Meter RTC Failed at the time of testing so meter need to be changed,Meter Replacement / Installation Team,,,,,,,,,
Meter RTC fail at the time of the testingso meter is defective meter needs to replace,Meter Replacement / Installation Team,,,,,,,,,
Meter RTC fail at the time of the testingso meter is defective meter needs to replace,Meter Replacement / Installation Team,,,,,,,,,
Meter display sagment defective so meter defective meter need to replacment,Meter Replacement / Installation Team,,,,,,,,,
Meter RTC fail at the time of the testingso meter is defective meter needs to replace,Meter Replacement / Installation Team,,,,,,,,,
Meter RTC fail at the time of the testingso meter is defective meter needs to replace,Meter Replacement / Installation Team,,,,,,,,,
Meter RTC fail at the time of the testingso meter is defective meter needs to replace,Meter Replacement / Installation Team,,,,,,,,,
Meter RTC fail at the time of the testingso meter is defective meter needs to replace,Meter Replacement / Installation Team,,,,,,,,,
Meter RTC fail at the time of the testingso meter is defective meter needs to replace,Meter Replacement / Installation Team,,,,,,,,,
Meter RTC Corrupted So Meter Defective Needs to be replacement At the time of testing,Meter Replacement / Installation Team,,,,,,,,,
Meter RTC Corrupted So Meter Defective Needs to be replacement At the time of testing,Meter Replacement / Installation Team,,,,,,,,,
Meter RTC Corrupted So Meter Defective Needs to be replacement At the time of testing,Meter Replacement / Installation Team,,,,,,,,,
meter RTC failed at the time of testing so meter need to be changed,Meter Replacement / Installation Team,,,,,,,,,
Meter RTC Corrupted So Meter Defective Needs to be replacement At the time of testing,Meter Replacement / Installation Team,,,,,,,,,
Meter RTC Corrupted So Meter Defective Needs to be replacement At the time of testing,Meter Replacement / Installation Team,,,,,,,,,
Meter display showing low Battery alongwith MDI KW not recording as per connected load so meter need replacement required discuss with back office TL,Meter Replacement / Installation Team,,,,,,,,,
RTC CORRUPT SO METER REPLACEMENT REQUIRED AT SITE,Meter Replacement / Installation Team,,,,,,,,,
Meter display Segment is found defective so Meter is Defective needs to be replacement,Meter Replacement / Installation Team,,,,,,,,,
Meter RTC Corrupted So Meter Defective Needs to be replacement At the time of testing,Meter Replacement / Installation Team,,,,,,,,,
meter ELT ON on external load at the time of testing so meter defective meter need to replacement,Meter Replacement / Installation Team,,,,,,,,,
Meter RTC Failed at the time of testing so meter need to be changed,Meter Replacement / Installation Team,,,,,,,,,
Meter RTC Failed at the time of testing so meter need to be changed,Meter Replacement / Installation Team,,,,,,,,,
Meter RTC Corrupted So Meter Defective Needs to be replacement At the time of testing,Meter Replacement / Installation Team,,,,,,,,,
Meter RTC Corrupted So Meter Defective Needs to be replacement At the time of testing,Meter Replacement / Installation Team,,,,,,,,,
Meter RTC found fail Hence meter is defective and replacement required for the same,Meter Replacement / Installation Team,,,,,,,,,
Meter RTC found fail Hence meter is defective and replacement required for the same,Meter Replacement / Installation Team,,,,,,,,,
Meter Terminal Are Found Burnt So Meter Is Defective Need Replacement,Meter Replacement / Installation Team,,,,,,,,,
meter RTC failed at the time of testing so meter need to be changed,Meter Replacement / Installation Team,,,,,,,,,
Meter RTC fail at the time of the testingso meter is defective meter needs to replace,Meter Replacement / Installation Team,,,,,,,,,
Meter calibration pulse Abnormal blinking On External load So meter need to replacement,Meter Replacement / Installation Team,,,,,,,,,
Meter RTC fail at the time of the testingso meter is defective meter needs to replace,Meter Replacement / Installation Team,,,,,,,,,
Earth LED found ON even on External Load KW hence meter is defective and replacement required for the same,Meter Replacement / Installation Team,,,,,,,,,
Meter RTC fail at the time of the testingso meter is defective meter needs to replace,Meter Replacement / Installation Team,,,,,,,,,
Meter RTC Corrupted So Meter Defective Needs to be replacement At the time of testing,Meter Replacement / Installation Team,,,,,,,,,
Meter Calibration Pulse is blinking abnormally not blinking as per Connected Load also Current Parameter is not matching as per connected load therefore same is been defective and needs replacement under Defective Category,Meter Replacement / Installation Team,,,,,,,,,
Meter RTC Corrupted So Meter Defective Needs to be replacement At the time of testing,Meter Replacement / Installation Team,,,,,,,,,
meter RTC failed at the time of testing so meter need to be changed,Meter Replacement / Installation Team,,,,,,,,,
meter RTC fail at the time of testing so meter needs to be replacement required,Meter Replacement / Installation Team,,,,,,,,,
meter RTC failed at the time of testing so meter need to be changed,Meter Replacement / Installation Team,,,,,,,,,
Meter RTC Failed at the time of testing so meter need to be changed,Meter Replacement / Installation Team,,,,,,,,,
Meter display segment defective at the time of testing so meter need replacement required,Meter Replacement / Installation Team,,,,,,,,,
meter RTC failed at the time of testing so meter need to be changed,Meter Replacement / Installation Team,,,,,,,,,
Meter RTC faield at the time of testing so meter need to be changed,Meter Replacement / Installation Team,,,,,,,,,
meter RTC failed at the time of testing so meter need to be changed,Meter Replacement / Installation Team,,,,,,,,,
Meter RTC fail at the time of the testingso meter is defective meter needs to replace,Meter Replacement / Installation Team,,,,,,,,,
Meter RTC fail at the time of the testingso meter is defective meter needs to replace,Meter Replacement / Installation Team,,,,,,,,,
meter rtc failed at the time of testing so meter need to be changed,Meter Replacement / Installation Team,,,,,,,,,
Meter RTC Fail at the time of testing So meter needs to replacement required,Meter Replacement / Installation Team,,,,,,,,,
meter Rtc failed at the time of testing so meter need to be changed,Meter Replacement / Installation Team,,,,,,,,,
meter found burnt need replacement,Meter Replacement / Installation Team,,,,,,,,,
Meter RTC Corrupted So Meter Defective Needs to be Replacedment At the time of Testing,Meter Replacement / Installation Team,,,,,,,,,
Meter RTC failed at the time of testing so meter need to be changed,Meter Replacement / Installation Team,,,,,,,,,
Meter RTC Fail at the time of testing So meter needs to replacement required,Meter Replacement / Installation Team,,,,,,,,,
Meter RTC fail at the time of the testingso meter is defective meter needs to replace,Meter Replacement / Installation Team,,,,,,,,,
Meter RTC fail at the time of the testingso meter is defective meter needs to replace,Meter Replacement / Installation Team,,,,,,,,,
Meter RTC fail at the time of the testingso meter is defective meter needs to replace,Meter Replacement / Installation Team,,,,,,,,,
Meter RTC Failed at the time of testing so meter need to be changed,Meter Replacement / Installation Team,,,,,,,,,
Meter RTC Fail at the time of testing So meter needs to replacement required,Meter Replacement / Installation Team,,,,,,,,,
Meter RTC failed at the time of testing so meter need to be change,Meter Replacement / Installation Team,,,,,,,,,
Meter RTC Fail at the time of testing So meter needs to replacement required,Meter Replacement / Installation Team,,,,,,,,,
Meter RTC fail at the time of the testingso meter is defective meter needs to replace,Meter Replacement / Installation Team,,,,,,,,,
Seven Segment display found defective segement is partially cutted hence meter is needs to be replace under defective Category photographs has been atached,Meter Replacement / Installation Team,,,,,,,,,
Meter RTC fail at the time of the testingso meter is defective meter needs to replace,Meter Replacement / Installation Team,,,,,,,,,
Meter RTC Corrupted So Meter Defective Needs to be replacement At the time of testing,Meter Replacement / Installation Team,,,,,,,,,
EL LED found Glowing even on No load as Output of Meter is diconnected at the time of site visit and EL LED found ON on No load hence meter is defective and Replacement Required for the same Contacted person Dr Harish Kumar Baluja,Meter Replacement / Installation Team,,,,,,,,,
Meter RTC found fail Hence meter is defective and replacement required for the same,Meter Replacement / Installation Team,,,,,,,,,
meter RTC fail so meter defective need replacement,Meter Replacement / Installation Team,,,,,,,,,
Meter RTC fail at the time of the testingso meter is defective meter needs to replace,Meter Replacement / Installation Team,,,,,,,,,
Meter RTC Fail at the time of testing So meter needs to replacement required,Meter Replacement / Installation Team,,,,,,,,,
Meter RTC fail at the time of the testingso meter is defective meter needs to replace,Meter Replacement / Installation Team,,,,,,,,,
Meter RTC Corrupted So Meter Defective Needs to be replacement At the time of testing,Meter Replacement / Installation Team,,,,,,,,,
meter rtc failed at the time of testing so meter need to be changed,Meter Replacement / Installation Team,,,,,,,,,
Meter RTC fail at the time of the testingso meter is defective meter needs to replace,Meter Replacement / Installation Team,,,,,,,,,
Meter RTC fail at the time of the testingso meter is defective meter needs to replace Zone paper seal pasted on meter box,Meter Replacement / Installation Team,,,,,,,,,
meter rtc failed at the time of testing so meter need to be changed,Meter Replacement / Installation Team,,,,,,,,,
meter rtc failed at the time of testing so meter need to be changed,Meter Replacement / Installation Team,,,,,,,,,
meter calibration pulse blinking on IMAX current and also Meter ELT glow on external load at the time of testing so meter needs to be replacement required,Meter Replacement / Installation Team,,,,,,,,,
Meter RTC Corrupted So Meter Defective Needs to be replacement At the time of testing,Meter Replacement / Installation Team,,,,,,,,,
Meter RTC found fail Hence meter is defective and replacement required for the same,Meter Replacement / Installation Team,,,,,,,,,
Meter RTC found fail Hence meter is defective and replacement required for the same,Meter Replacement / Installation Team,,,,,,,,,
meter Display segment is defective at the time of testing so meter needs to be replacement required,Meter Replacement / Installation Team,,,,,,,,,
Meter RTC found fail Hence meter is defective and replacement required for the same,Meter Replacement / Installation Team,,,,,,,,,
RTC is corrupt hence Meter replacement is required,Meter Replacement / Installation Team,,,,,,,,,
meter pulse abnormal at a time of testing so meter replacement required at site,Meter Replacement / Installation Team,,,,,,,,,
Meter RTC fail at the time of the testingso meter is defective meter needs to replace,Meter Replacement / Installation Team,,,,,,,,,
Earth LED found ON even on External Load KW hence meter is defective and replacement required for the same,Meter Replacement / Installation Team,,,,,,,,,
meter tested as per safety norms KVA MDI Recorded less then KW MDI at the time of testing hence meter is defective referred for replacement,Meter Replacement / Installation Team,,,,,,,,,
Meter RTC Corrupted So Meter Defective Needs to be replacement At the time of testing,Meter Replacement / Installation Team,,,,,,,,,
Meter display RTC fail at the time of testing so meter need replacement required,Meter Replacement / Installation Team,,,,,,,,,
Meter Display Segment not Proper Showing So Meter Defective Needs to be replacement At the time of testing,Meter Replacement / Installation Team,,,,,,,,,
Meter RTC found fail Hence meter is defective and replacement required for the same,Meter Replacement / Installation Team,,,,,,,,,
No Display at the time of testing so meter need replacement required,Meter Replacement / Installation Team,,,,,,,,,
Meter RTC Fail at the time of testing So meter needs to replacement required,Meter Replacement / Installation Team,,,,,,,,,
meter rtc failed at the time of testing so meter need to be changed,Meter Replacement / Installation Team,,,,,,,,,
RTC CORRUPT SO METER REPLACEMENT REQUIRED AT SITE,Meter Replacement / Installation Team,,,,,,,,,
Meter RTC Corrupted So Meter Defective Needs to be replacement At the time of testing,Meter Replacement / Installation Team,,,,,,,,,
Meter MDI corrupt MDI is not recording as per connected load at the time of testing so meter needs to be replacement required,Meter Replacement / Installation Team,,,,,,,,,
Meter Terminal Are Found Burnt So Meter Is Defective Need Replacement,Meter Replacement / Installation Team,,,,,,,,,
meter rtc failed at the time of testing so meter need to be changed,Meter Replacement / Installation Team,,,,,,,,,
Meter Display Segment not Proper Showing So Meter Defective Needs to be replacement At the time of testing,Meter Replacement / Installation Team,,,,,,,,,
Meter Display Segment not Proper Showing So Meter Defective Needs to Replacement At the time of testing,Meter Replacement / Installation Team,,,,,,,,,
Meter Display Segment not Proper Showing So Meter Defective Needs to be replacement At the time of testing,Meter Replacement / Installation Team,,,,,,,,,
meter RTC Fail at the time of testing so meter needs to be replacement required,Meter Replacement / Installation Team,,,,,,,,,
Meter RTC found fail Hence meter is defective and replacement required for the same,Meter Replacement / Installation Team,,,,,,,,,
meter rtc failed at the time of testing so meter need to be changed,Meter Replacement / Installation Team,,,,,,,,,
Meter RTC failed at the time of testing so meter need to be change,Meter Replacement / Installation Team,,,,,,,,,
Meter RTC fail at the time of the testingso meter is defective meter needs to replace,Meter Replacement / Installation Team,,,,,,,,,
Meter display segments are not properly visible so meter is defective and need replacement,Meter Replacement / Installation Team,,,,,,,,,
Meter RTC Failed at the time of testing so meter need to be changed,Meter Replacement / Installation Team,,,,,,,,,
Meter RTC fail at the time of testing so meter is defective But the meter needs to be replace under mass meter category,Meter Replacement / Installation Team,,,,,,,,,
Meter RTC Failed at the time of testing so meter need to be changed,Meter Replacement / Installation Team,,,,,,,,,
Meter RTC fail at the time of the testingso meter is defective meter needs to replace,Meter Replacement / Installation Team,,,,,,,,,
meter rtc failed at the time of testing so meter need to be changed,Meter Replacement / Installation Team,,,,,,,,,
meter rtc failed at the time of testing so meter need to be changed,Meter Replacement / Installation Team,,,,,,,,,
Meter RTC fail at the time of the testingso meter is defective meter needs to replaceZone paper seal pasted on meter box,Meter Replacement / Installation Team,,,,,,,,,
meter rtc failed at the time of testing so meter need to be changed,Meter Replacement / Installation Team,,,,,,,,,
meter rtc failed at the time of testing so meter need to be changed,Meter Replacement / Installation Team,,,,,,,,,
meter Rtc failed at the time of testing so meter need to be changed,Meter Replacement / Installation Team,,,,,,,,,
Meter RTC Failed at the time of testing so meter need to be changed,Meter Replacement / Installation Team,,,,,,,,,
Meter RTC fail at the time of the testingso meter is defective meter needs to replace,Meter Replacement / Installation Team,,,,,,,,,
Meter RTC fail at the time of the testingso meter is defective meter needs to replace,Meter Replacement / Installation Team,,,,,,,,,
meter rtc failed at the time of testing so meter need to be changed,Meter Replacement / Installation Team,,,,,,,,,
Meter RTC fail at the time of the testingso meter is defective meter needs to replace,Meter Replacement / Installation Team,,,,,,,,,
meter rtc failed at the time of testing so meter need to be changed,Meter Replacement / Installation Team,,,,,,,,,
meter Rtc failed at the time of testing so meter need to be changed,Meter Replacement / Installation Team,,,,,,,,,
meter Rtc failed at the time of testing so meter need to be changed,Meter Replacement / Installation Team,,,,,,,,,
meter Rtc failed at the time of testing so meter need to be changed,Meter Replacement / Installation Team,,,,,,,,,
meter rtc failed at the time of testing so meter need to be changed,Meter Replacement / Installation Team,,,,,,,,,
Meter RTC fail at the time of the testingso meter is defective meter needs to replace,Meter Replacement / Installation Team,,,,,,,,,
Meter RTC Corrupted So Meter Defective Needs to be replacement At the time of testing,Meter Replacement / Installation Team,,,,,,,,,
Meter RTC Fail at the time of testing So meter needs to replacement required,Meter Replacement / Installation Team,,,,,,,,,
Meter RTC Fail at the time of testing So meter needs to replacement required,Meter Replacement / Installation Team,,,,,,,,,
meter RTC Fail at the time of testing so meter needs to be replacement required,Meter Replacement / Installation Team,,,,,,,,,
Meter RTC found Fail hence meter is defective also Low Battery found hence replacement required for the same,Meter Replacement / Installation Team,,,,,,,,,
Meter display segments are not properly visible so meter is defective and need replacement,Meter Replacement / Installation Team,,,,,,,,,
Meter RTC fail at the time of the testingso meter is defective meter needs to replace,Meter Replacement / Installation Team,,,,,,,,,
Meter RTC found fail Hence meter is defective and replacement required for the same,Meter Replacement / Installation Team,,,,,,,,,
Meter RTC Fail at the time of testing So meter needs to replacement required,Meter Replacement / Installation Team,,,,,,,,,
Meter RTC fail at the time of the testingso meter is defective meter needs to replace,Meter Replacement / Installation Team,,,,,,,,,
Meter RTC Fail at the time of testing So meter needs to replacement required,Meter Replacement / Installation Team,,,,,,,,,
Meter RTC Corrupted So Meter Defective Needs to be replacement At the time of testing,Meter Replacement / Installation Team,,,,,,,,,
EL ON EXTERNAL LOAD SO METER DEFECTIVE NEED TO REPLACEMENT,Meter Replacement / Installation Team,,,,,,,,,
Meter RTC Failed at the time of testing so meter need to be changed,Meter Replacement / Installation Team,,,,,,,,,
RTC CORRUPT SO METER REPLACEMENT REQUIRED AT SITE,Meter Replacement / Installation Team,,,,,,,,,
Meter EL is ON on external load so meter is defective and need replacement,Meter Replacement / Installation Team,,,,,,,,,
Meter RTC Corrupted So Meter Defective Needs to be replacement At the time of testing,Meter Replacement / Installation Team,,,,,,,,,
meter calibration pulse abnormal blinking at the time of testing so meter needs to be replacement required,Meter Replacement / Installation Team,,,,,,,,,
Meter display segments are not properly visible so meter is defective and need replacement,Meter Replacement / Installation Team,,,,,,,,,
meter display segment is defective at the time of testing so meter needs to be replacement required,Meter Replacement / Installation Team,,,,,,,,,
meter ELT glow on external load at the time of testing so meter needs to be replacement required,Meter Replacement / Installation Team,,,,,,,,,
Meter RTC found fail Hence meter is defective and replacement required for the same,Meter Replacement / Installation Team,,,,,,,,,
meter rtc failed at the time of testing so meter need to be changed,Meter Replacement / Installation Team,,,,,,,,,
meter rtc failed at the time of testing so meter need to be changed,Meter Replacement / Installation Team,,,,,,,,,
Meter RTC Corrupted So Meter Defective Needs to be replacement At the time of testing,Meter Replacement / Installation Team,,,,,,,,,
METER RTC Fail So Meter Is Defective Need Replacement,Meter Replacement / Installation Team,,,,,,,,,
Meter RTC Failed at the time of testing so meter need to be changed,Meter Replacement / Installation Team,,,,,,,,,
Earth LED found ON even on External Load KW hence meter is defective and replacement required for the same,Meter Replacement / Installation Team,,,,,,,,,
Meter RTC fail at the time of the testingso meter is defective meter needs to replace,Meter Replacement / Installation Team,,,,,,,,,
Meter RTC fail at the time of testing so meter is defective But the meter needs to be replace under mass meter category,Meter Replacement / Installation Team,,,,,,,,,
meter rtc failed at the time of testing so meter need to be changed,Meter Replacement / Installation Team,,,,,,,,,
Meter RTC fail at the time of testing so meter is defective But the meter needs to be replace under mass meter category,Meter Replacement / Installation Team,,,,,,,,,
meter rtc failed at the time of testing so meter need to be changed,Meter Replacement / Installation Team,,,,,,,,,
METER RTC Fail So Meter Is Defective Need Replacement,Meter Replacement / Installation Team,,,,,,,,,
Meter RTC fail at the time of testingso meter is defective But the meter needs to be replace under mass meter category,Meter Replacement / Installation Team,,,,,,,,,
Meter RTC Corrupted So Meter Defective Needs to be replacement At the time of testing,Meter Replacement / Installation Team,,,,,,,,,
RTC found Fail hence meter is defective hence replacement required for the same MDI is found zero evem on continuous running load,Meter Replacement / Installation Team,,,,,,,,,
Meter RTC Corrupted So Meter Defective Needs to be replacement At the time of testing,Meter Replacement / Installation Team,,,,,,,,,
meter abnormal pulse blinking so meter deffective need replacement,Meter Replacement / Installation Team,,,,,,,,,
Meter RTC fail at the time of testing so meter is defective But the meter needs to be replace under mass meter category,Meter Replacement / Installation Team,,,,,,,,,
Meter RTC found fail Hence meter is defective and replacement required for the same,Meter Replacement / Installation Team,,,,,,,,,
meter display segment is defective at the time of testing so meter needs to be replacement required,Meter Replacement / Installation Team,,,,,,,,,
Meter RTC Fail at the time of testing So meter needs to replacement required,Meter Replacement / Installation Team,,,,,,,,,
METER DISPLAY DEFECTIVE SO METER REPLACEMENT REQUIRED AT SITE,Meter Replacement / Installation Team,,,,,,,,,
Meter RTC Corrupted So Meter Defective Needs to be replacement At the time of testing,Meter Replacement / Installation Team,,,,,,,,,
Meter RTC found fail Hence meter is defective and replacement required for the same,Meter Replacement / Installation Team,,,,,,,,,
meter calibration pulse abnormal blinking at the time of testing so meter needs to be replacement required,Meter Replacement / Installation Team,,,,,,,,,
Meter RTC Corrupted So Meter Defective Needs to be replacement At the time of testing,Meter Replacement / Installation Team,,,,,,,,,
Meter RTC Fail at the time of testing So meter needs to replacement required,Meter Replacement / Installation Team,,,,,,,,,
Meter RTC Fail at the time of testing So meter needs to replacement required meter mismach actual meter no is,Meter Replacement / Installation Team,,,,,,,,,
Meter RTC Failed at the time of testing so meter need to be changed,Meter Replacement / Installation Team,,,,,,,,,
RTC CORRUPT SO METER REPLACEMENT REQUIRED AT SITE,Meter Replacement / Installation Team,,,,,,,,,
meter RTC Fail at the time of testing so meter needs to be replacement required,Meter Replacement / Installation Team,,,,,,,,,
Meter RTC Fail at the time of testing So meter needs to replacement required,Meter Replacement / Installation Team,,,,,,,,,
Meter parameters not match with accuchak on external load alongwith Meter display showing Earth symbol so meter need replacement required,Meter Replacement / Installation Team,,,,,,,,,
Meter RTC found fail Hence meter is defective and replacement required for the same,Meter Replacement / Installation Team,,,,,,,,,
Meter RTC Fail at the time of testing So meter needs to replacement required,Meter Replacement / Installation Team,,,,,,,,,
Meter RTC fail at the time of the testingso meter is defective meter needs to replace,Meter Replacement / Installation Team,,,,,,,,,
Meter RTC fail at the time of the testingso meter is defective meter needs to replace,Meter Replacement / Installation Team,,,,,,,,,
Meter RTC fail at the time of the testingso meter is defective meter needs to replace,Meter Replacement / Installation Team,,,,,,,,,
Meter RTC fail at the time of the testingso meter is defective meter needs to replace,Meter Replacement / Installation Team,,,,,,,,,
meter rtc failed at the time of testing so meter need to be changed,Meter Replacement / Installation Team,,,,,,,,,
Meter RTC fail at the time of the testingso meter is defective meter needs to replace,Meter Replacement / Installation Team,,,,,,,,,
NO DISPLAY SO METER REPLACEMENT REQUIRED AT SITE,Meter Replacement / Installation Team,,,,,,,,,
meter RTC fail at the time of testing so meter needs to be replacement required,Meter Replacement / Installation Team,,,,,,,,,
Meter RTC Corrupted So Meter Defective Needs to be replacement At the time of testing,Meter Replacement / Installation Team,,,,,,,,,
Meter RTC Corrupted So Meter Defective Needs to be replacement At the time of testing,Meter Replacement / Installation Team,,,,,,,,,
Meter RTC Corrupted So Meter Defective Needs to be replacement At the time of testing,Meter Replacement / Installation Team,,,,,,,,,
Meter RTC Corrupted So Meter Defective Needs to be replacement At the time of testing,Meter Replacement / Installation Team,,,,,,,,,
Meter RTC found fail Hence meter is defective and replacement required for the same,Meter Replacement / Installation Team,,,,,,,,,
Meter RTC Fail at the time of testing So meter needs to replacement required,Meter Replacement / Installation Team,,,,,,,,,
Meter RTC Fail at the time of testing So meter needs to replacement required,Meter Replacement / Installation Team,,,,,,,,,
meter RTC failed at the time of testing so meter need to be changed,Meter Replacement / Installation Team,,,,,,,,,
Meter RTC Corrupted So Meter Defective Needs to be replacement At the time of testing,Meter Replacement / Installation Team,,,,,,,,,
Meter RTC found fail Hence meter is defective and replacement required for the same,Meter Replacement / Installation Team,,,,,,,,,
meter RTC failed at the time of testing so meter need to be changed,Meter Replacement / Installation Team,,,,,,,,,
Meter RTC Failed at the time of testing so meter need to be changed,Meter Replacement / Installation Team,,,,,,,,,
Meter RTC Failed at the time of testing so meter need to be changed,Meter Replacement / Installation Team,,,,,,,,,
Meter RTC Fail at the time of testing So meter needs to replacement required,Meter Replacement / Installation Team,,,,,,,,,
Meter RTC Fail at the time of testing So meter needs to replacement required,Meter Replacement / Installation Team,,,,,,,,,
Meter RTC Failed at the time of testing so meter need to be changed,Meter Replacement / Installation Team,,,,,,,,,
Meter RTC fail at the time of the testingso meter is defective meter needs to replace,Meter Replacement / Installation Team,,,,,,,,,
Meter RTC Failed at the time of testing so meter need to be changed,Meter Replacement / Installation Team,,,,,,,,,
Meter RTC fail at the time of the testingso meter is defective meter needs to replace,Meter Replacement / Installation Team,,,,,,,,,
meter RTC failed at the time of testing so meter need to be changed,Meter Replacement / Installation Team,,,,,,,,,
Meter RTC fail at the time of the testingso meter is defective meter needs to replace,Meter Replacement / Installation Team,,,,,,,,,
Meter RTC fail at the time of the testingso meter is defective meter needs to replace,Meter Replacement / Installation Team,,,,,,,,,
Meter RTC Failed at the time of testing so meter need to be changed,Meter Replacement / Installation Team,,,,,,,,,
Meter RTC Failed at the time of testing so meter need to be changed,Meter Replacement / Installation Team,,,,,,,,,
Meter RTC fail at the time of the testingso meter is defective meter needs to replace,Meter Replacement / Installation Team,,,,,,,,,
meter RTC failed at the time of testing so meter need to be changed,Meter Replacement / Installation Team,,,,,,,,,
Meter RTC found fail Hence meter is defective and replacement required for the same,Meter Replacement / Installation Team,,,,,,,,,
RTC is corrupt hence Meter replacement is required,Meter Replacement / Installation Team,,,,,,,,,
RTC found Fail hence meter is defective also Low Battery found hence replacement required for the same,Meter Replacement / Installation Team,,,,,,,,,
Meter RTC Corrupted So Meter Defective Needs to be replacement At the time of testing,Meter Replacement / Installation Team,,,,,,,,,
Meter RTC Corrupted So Defective Needs to be replacement At the time of testing,Meter Replacement / Installation Team,,,,,,,,,
METER RTC Fail So Meter Is Defective Need Replacement,Meter Replacement / Installation Team,,,,,,,,,
METER RTC Fail So Meter Is Defective Need Replacement,Meter Replacement / Installation Team,,,,,,,,,
Meter RTC Corrupted So Meter Defective Needs to be replacement At the time of testing,Meter Replacement / Installation Team,,,,,,,,,
Meter RTC Corrupted So Meter Defective Needs to be replacement At the time of testing,Meter Replacement / Installation Team,,,,,,,,,
Meter calibration pulse is blinking abnormal at the time of testing So Meter is Defective need to be Replacement,Meter Replacement / Installation Team,,,,,,,,,
Meter RTC found fail Hence meter is defective and replacement required for the same,Meter Replacement / Installation Team,,,,,,,,,
Meter RTC found fail also LOW battery symbol is on meter also there is current difference in Phase and Neutral current hence meter is defective and replacement required for the same,Meter Replacement / Installation Team,,,,,,,,,
RTC is corrupt hence Meter replacement is required,Meter Replacement / Installation Team,,,,,,,,,
meter RTC failed at the time of testing so meter need to be changed,Meter Replacement / Installation Team,,,,,,,,,
Meter RTC fail at the time of the testingso meter is defective meter needs to replace,Meter Replacement / Installation Team,,,,,,,,,
Earth LED found ON even on External Load KW hence meter is defective and replacement required for the same,Meter Replacement / Installation Team,,,,,,,,,
meter display defective at the time of testing so meter needs to be replacement required,Meter Replacement / Installation Team,,,,,,,,,
meter rtc failed at the time of testing so meter need to be changed,Meter Replacement / Installation Team,,,,,,,,,
meter calibration pulse abnormal on external load so meter defective need to change,Meter Replacement / Installation Team,,,,,,,,,
Meter RTC Fail at the time of testing So meter needs to replacement required,Meter Replacement / Installation Team,,,,,,,,,
Meter RTC fail at the time of the testingso meter is defective meter needs to replace,Meter Replacement / Installation Team,,,,,,,,,
meter Display segment is defective at the time of testing so meter needs to be replacement required,Meter Replacement / Installation Team,,,,,,,,,
Meter RTC Corrupted So Meter Defective Needs to be replacement At the time of testing,Meter Replacement / Installation Team,,,,,,,,,
METER VOLTAGE PARAMETER ABNORMAL meter display showing V but actual voltage is V,Meter Replacement / Installation Team,,,,,,,,,
Meter RTC Corrupted So Meter Defective Needs to be replacement At the time of testing,Meter Replacement / Installation Team,,,,,,,,,
meter rtc failed at the time of testing so meter need to be changed,Meter Replacement / Installation Team,,,,,,,,,
Meter RTC fail at the time of the testingso meter is defective meter needs to replace,Meter Replacement / Installation Team,,,,,,,,,
meter rtc failed at the time of testing so meter need to be changed,Meter Replacement / Installation Team,,,,,,,,,
METER RTC Fail So Meter Is Defective Need Replacement,Meter Replacement / Installation Team,,,,,,,,,
METER RTC Fail So Meter Is Defective Need Replacement,Meter Replacement / Installation Team,,,,,,,,,
Meter RTC Fail at the time of testing So meter needs to replacement required,Meter Replacement / Installation Team,,,,,,,,,
Meter RTC found fail Hence meter is defective and replacement required for the same,Meter Replacement / Installation Team,,,,,,,,,
METER NO RTC CORRUPT SO METER REPLACEMENT REQUIRED AT SITE,Meter Replacement / Installation Team,,,,,,,,,
meter RTC fail so meter defective need replacement,Meter Replacement / Installation Team,,,,,,,,,
Meter RTC fail at the time of the testingso meter is defective meter needs to replace,Meter Replacement / Installation Team,,,,,,,,,
Meter RTC Corrupted So Meter Defective Needs to be replacement At the time of testing,Meter Replacement / Installation Team,,,,,,,,,
Meter display segment found defective so meter need to be changed,Meter Replacement / Installation Team,,,,,,,,,
Meter RTC Fail at the time of testing So meter needs to replacement required,Meter Replacement / Installation Team,,,,,,,,,
Meter RTC Fail at the time of testing So meter needs to replacement required,Meter Replacement / Installation Team,,,,,,,,,
meter rtc failed at the time of testing so meter need to be changed,Meter Replacement / Installation Team,,,,,,,,,
meter Rtc failed at the time of testing so meter need to be changed,Meter Replacement / Installation Team,,,,,,,,,
Meter RTC fail at the time of the testingso meter is defective meter needs to replaceZone paper seal pasted on meter box,Meter Replacement / Installation Team,,,,,,,,,
Meter RTC fail at the time of the testingso meter is defective meter needs to replaceZone paper seal pasted on meter box,Meter Replacement / Installation Team,,,,,,,,,
Meter RTC Corrupted So Meter Defective Needs to be replacement At the time of Testing,Meter Replacement / Installation Team,,,,,,,,,
meter display segment is defective at the time of testing so meter needs to be replacement required,Meter Replacement / Installation Team,,,,,,,,,
Meter RTC Corrupted So Meter Defective Needs to be replacement At the time of testing,Meter Replacement / Installation Team,,,,,,,,,
Meter ELT ON An External Load So Meter Defective Needs to be replacement At the time of testing,Meter Replacement / Installation Team,,,,,,,,,
Meter incoming terminal found burntMeter need to be replacement required,Meter Replacement / Installation Team,,,,,,,,,
Meter RTC fail at the time of the testingso meter is defective meter needs to replace,Meter Replacement / Installation Team,,,,,,,,,
Meter RTC found fail Hence meter is defective and replacement required for the same,Meter Replacement / Installation Team,,,,,,,,,
RTC found Fail hence meter is defective also Low Battery found also difference found on Phase and Neutral current hence replacement required for the same Contacted Person Sona Devi,Meter Replacement / Installation Team,,,,,,,,,
Meter RTC fail at the time of the testingso meter is defective meter needs to replace,Meter Replacement / Installation Team,,,,,,,,,
meter rtc failed at the time of testing so meter need to be changed,Meter Replacement / Installation Team,,,,,,,,,
Meter Terminal Are Found Burnt So Meter Is Defective Need Replacement,Meter Replacement / Installation Team,,,,,,,,,
Meter RTC Corrupted So Meter Defective Needs to be replacement At the time of testing,Meter Replacement / Installation Team,,,,,,,,,
Meter RTC Failed at the time of testing so meter need to be changed,Meter Replacement / Installation Team,,,,,,,,,
Meter RTC fail at the time of the testingso meter is defective meter needs to replace,Meter Replacement / Installation Team,,,,,,,,,
Meter RTC Failed at the time of testing so meter need to be changed,Meter Replacement / Installation Team,,,,,,,,,
meter rtc failed at the time of testing so meter need to be changed,Meter Replacement / Installation Team,,,,,,,,,
Meter ELT ON An External Load So Meter Defective Needs to be replacement At the time of testing,Meter Replacement / Installation Team,,,,,,,,,
RTC CORRUPT SO METER REPLACEMENT REQUIRED AT SITE,Meter Replacement / Installation Team,,,,,,,,,
Meter RTC Corrupted So Meter Defective Needs to be replacement At the time of testing,Meter Replacement / Installation Team,,,,,,,,,
Meter RTC fail at the time of the testingso meter is defective meter needs to replace,Meter Replacement / Installation Team,,,,,,,,,
meter RTC failed at the time of testing so meter need to be changed,Meter Replacement / Installation Team,,,,,,,,,
Meter RTC fail at the time of the testingso meter is defective meter needs to replace,Meter Replacement / Installation Team,,,,,,,,,
Meter RTC Corrupted So Meter Defective Needs to be replacement At the time of testing,Meter Replacement / Installation Team,,,,,,,,,
Meter RTC Corrupted So Meter Defective Needs to be replacement At the time of testing,Meter Replacement / Installation Team,,,,,,,,,
Meter RTC Fail at the time of testing So meter needs to replacement required,Meter Replacement / Installation Team,,,,,,,,,
Meter RTC fail at the time of the testingso meter is defective meter needs to replace,Meter Replacement / Installation Team,,,,,,,,,
meter rtc failed at the time of testing so meter need to be changed,Meter Replacement / Installation Team,,,,,,,,,
Meter RTC fail at the time of the testingso meter is defective meter needs to replace,Meter Replacement / Installation Team,,,,,,,,,
Meter RTC Failed at the time of testing so meter need to be changed,Meter Replacement / Installation Team,,,,,,,,,
Meter RTC Failed at the time of testing so meter need to be changed,Meter Replacement / Installation Team,,,,,,,,,
meter Rtc failed at the time of testing so meter need to be changed,Meter Replacement / Installation Team,,,,,,,,,
Meter RTC Fail at the time of testing So meter needs to replacement required,Meter Replacement / Installation Team,,,,,,,,,
meter rtc failed at the time of testing so meter need to be changed,Meter Replacement / Installation Team,,,,,,,,,
meter rtc failed at the time of testing so meter need to be changed,Meter Replacement / Installation Team,,,,,,,,,
meter rtc failed at the time of testing so meter need to be changed,Meter Replacement / Installation Team,,,,,,,,,
meter rtc failed at the time of testing so meter need to be changed,Meter Replacement / Installation Team,,,,,,,,,
Meter RTC Corrupted So Meter Defective Needs to be replacement At the time of testing,Meter Replacement / Installation Team,,,,,,,,,
meter display segment found defective so meter need to be changed,Meter Replacement / Installation Team,,,,,,,,,
Battery low is showing on meter displayMeter need to be replacement required,Meter Replacement / Installation Team,,,,,,,,,
Meter Calibration Pulse Blinking Evem on No load also RTC found Fail on no load A current is showing in Phase and in Neutral along with this Burnt marks and Molten plastic observed inside the Terminal Cover hence meter is defective and hence same needs to be replace under defective category Contacted Person Aman Jain,Meter Replacement / Installation Team,,,,,,,,,
Meter RTC Corrupted So Meter Defective Needs to be replacement At the time of testing,Meter Replacement / Installation Team,,,,,,,,,
Meter RTC Fail at the time of testing So meter needs to replacement required,Meter Replacement / Installation Team,,,,,,,,,
RTC CORRUPT SO METER REPLACEMENT REQUIRED AT SITE,Meter Replacement / Installation Team,,,,,,,,,
Meter RTC fail at the time of the testingso meter is defective meter needs to replace,Meter Replacement / Installation Team,,,,,,,,,
Meter RTC Fail at the time of testing So meter needs to replacement Paper seal pasted on meter box,Meter Replacement / Installation Team,,,,,,,,,
RTC CORRUPT SO METER REPLACEMENT REQUIRED AT SITE,Meter Replacement / Installation Team,,,,,,,,,
Meter RTC fail at the time of the testingso meter is defective meter needs to replace,Meter Replacement / Installation Team,,,,,,,,,
meter RTC fail so meter defective need replacement,Meter Replacement / Installation Team,,,,,,,,,
Meter display segments are not properly visible so meter is defective and need replacement,Meter Replacement / Installation Team,,,,,,,,,
Meter display sagment defective at the time of testing so meter need replacement required,Meter Replacement / Installation Team,,,,,,,,,
RTC CORRUPT SO METER REPLACEMENT REQUIRED AT SITE,Meter Replacement / Installation Team,,,,,,,,,
Meter RTC Corrupted So Meter Defective Needs to be replacement At the time of testing,Meter Replacement / Installation Team,,,,,,,,,
Meter RTC Corrupted So Meter Defective Needs to be replacement At the time of testing,Meter Replacement / Installation Team,,,,,,,,,
Meter RTC Corrupted So Meter Defective Needs to be replacement At the time of testing,Meter Replacement / Installation Team,,,,,,,,,
Meter is running on Imax even on no load also Imax Current is showing in instantaneous Phase current and zero current is showing in instantaneous neutral current hence meter is defective and replacement required for the same,Meter Replacement / Installation Team,,,,,,,,,
METER RTC Fail So Meter Is Defective Need Replacement,Meter Replacement / Installation Team,,,,,,,,,
METER RTC Fail So Meter Is Defective Need Replacement,Meter Replacement / Installation Team,,,,,,,,,
meter rtc failed at the time of testing so meter need to be changed,Meter Replacement / Installation Team,,,,,,,,,
Meter RTC found fail Hence meter is defective and replacement required for the same,Meter Replacement / Installation Team,,,,,,,,,
meter display segment is defective at the time of testing so meter needs to be replacement required,Meter Replacement / Installation Team,,,,,,,,,
Meter RTC Corrupted So Meter Defective Needs to be replacement At the time of testing,Meter Replacement / Installation Team,,,,,,,,,
Meter RTC Corrupted So Meter Defective Needs to be replacement At the time of testing,Meter Replacement / Installation Team,,,,,,,,,
Meter RTC Corrupted So Meter Defective Needs to be replacement At the time of testing,Meter Replacement / Installation Team,,,,,,,,,
Meter RTC Corrupted So Meter Defective Needs to be replacement At the time of testing,Meter Replacement / Installation Team,,,,,,,,,
Meter RTC Corrupted So Meter Defective Needs to be replacement At the time of testing,Meter Replacement / Installation Team,,,,,,,,,
Meter RTC Corrupted So Meter Defective Needs to be replacement At the time of testing,Meter Replacement / Installation Team,,,,,,,,,
Meter RTC Fail at the time of testing So meter needs to replacement required,Meter Replacement / Installation Team,,,,,,,,,
Meter RTC fail at the time of the testingso meter is defective meter needs to replace,Meter Replacement / Installation Team,,,,,,,,,
Meter RTC Corrupted So Meter Defective Needs to be replacement At the time of testing,Meter Replacement / Installation Team,,,,,,,,,
Meter RTC found fail Hence meter is defective and replacement required for the same,Meter Replacement / Installation Team,,,,,,,,,
meter display figure upset not proper so meter deffective need replacement,Meter Replacement / Installation Team,,,,,,,,,
Meter RTC Corrupted So Meter Defective Needs to be replacement At the time of testing,Meter Replacement / Installation Team,,,,,,,,,
meter rtc failed at the time of testing so meter need to be changed,Meter Replacement / Installation Team,,,,,,,,,
meter rtc failed at the time of testing so meter need to be changed,Meter Replacement / Installation Team,,,,,,,,,
Meter RTC Fail at the time of testing So meter needs to replacement required paper seal pasted,Meter Replacement / Installation Team,,,,,,,,,
Meter RTC fail at the time of the testingso meter is defective meter needs to replace,Meter Replacement / Installation Team,,,,,,,,,
meter rtc failed at the time of testing so meter need to be changed,Meter Replacement / Installation Team,,,,,,,,,
meter calibration pulse abnormal blinking meter display hang so meter defective at the time of testing so meter need to be changed,Meter Replacement / Installation Team,,,,,,,,,
Meter RTC Corrupted So Meter Defective Needs to be replacement At the time of testing,Meter Replacement / Installation Team,,,,,,,,,
Meter RTC Corrupted So Meter Defective Needs to be replacement At the time of testing,Meter Replacement / Installation Team,,,,,,,,,
Meter RTC fail at the time of the testingso meter is defective meter needs to replace,Meter Replacement / Installation Team,,,,,,,,,
meter rtc failed at the time of testing so meter need to be changed,Meter Replacement / Installation Team,,,,,,,,,
meter rtc failed at the time of testing so meter need to be changed,Meter Replacement / Installation Team,,,,,,,,,
Meter RTC fail at the time of the testingso meter is defective meter needs to replace,Meter Replacement / Installation Team,,,,,,,,,
Meter RTC Failed at the time of testing so meter need to be changed,Meter Replacement / Installation Team,,,,,,,,,
meter rtc failed at the time of testing so meter need to be changed,Meter Replacement / Installation Team,,,,,,,,,
Meter EL is ON on external load so meter is defective and need replacement,Meter Replacement / Installation Team,,,,,,,,,
Meter RTC Fail at the time of testing So meter needs to replacement required,Meter Replacement / Installation Team,,,,,,,,,
meter rtc failed at the time of testing so meter need to be changed,Meter Replacement / Installation Team,,,,,,,,,
Meter RTC Corrupted So Meter Defective Needs to be replacement At the time of testing,Meter Replacement / Installation Team,,,,,,,,,
meter rtc failed at the time of testing so meter need to be changed,Meter Replacement / Installation Team,,,,,,,,,
Meter RTC fail at the time of the testingso meter is defective meter needs to replace,Meter Replacement / Installation Team,,,,,,,,,
meter RTC failed at the time of testing so meter need to be change,Meter Replacement / Installation Team,,,,,,,,,
MDI is not recording as per connected load so meter is defectiveMeter need to be Replacement,Meter Replacement / Installation Team,,,,,,,,,
Meter RTC Corrupted So Meter Defective Needs to be replacement At the time of testing,Meter Replacement / Installation Team,,,,,,,,,
Meter RTC Corrupted So Meter Defective Needs to be replacement At the time of testing,Meter Replacement / Installation Team,,,,,,,,,
meter RTC fail at the time of testing so meter needs to be replacement required,Meter Replacement / Installation Team,,,,,,,,,
RTC is corrupt hence Meter replacement is required,Meter Replacement / Installation Team,,,,,,,,,
meter RTC fail at the time of testing so meter needs to be replacement required,Meter Replacement / Installation Team,,,,,,,,,
RTC found Fail hence meter is defective also Low Battery found hence replacement required for the same Contacted Person Rajlumar,Meter Replacement / Installation Team,,,,,,,,,
Meter display showing RTC earrer so meter need replacement required,Meter Replacement / Installation Team,,,,,,,,,
Meter RTC Fail at the time of testing So meter needs to replacement required,Meter Replacement / Installation Team,,,,,,,,,
Meter RTC Corrupted So Meter Defective Needs to be replacement At the time of testing,Meter Replacement / Installation Team,,,,,,,,,
Meter RTC Corrupted So Meter Defective Needs to be replacement At the time of testing,Meter Replacement / Installation Team,,,,,,,,,
METER RTC Fail So Meter Is Defective Need Replacement,Meter Replacement / Installation Team,,,,,,,,,
Meter RTC Failed at the time of testing so meter need to be changed,Meter Replacement / Installation Team,,,,,,,,,
meter display segment is defective at the time of testing so meter needs to be replacement required,Meter Replacement / Installation Team,,,,,,,,,
Meter RTC Corrupted So Meter Defective Needs to be replacement At the time of testing,Meter Replacement / Installation Team,,,,,,,,,
METER RTC Fail So Meter Is Defective Need Replacement,Meter Replacement / Installation Team,,,,,,,,,
Meter RTC Failed at the time of testing so meter need to be changed,Meter Replacement / Installation Team,,,,,,,,,
Meter RTC Corrupted So Meter Defective Needs to be replacement At the time of testing,Meter Replacement / Installation Team,,,,,,,,,
meter RTC fail at the time of testing so meter needs to be replacement required,Meter Replacement / Installation Team,,,,,,,,,
No Display at the time of testing discuss with back office so meter need replacement required,Meter Replacement / Installation Team,,,,,,,,,
Meter display showing RTC earrer and low Battery so meter need replacement required,Meter Replacement / Installation Team,,,,,,,,,
RTC CORRUPT SO METER REPLACEMENT REQUIRED AT SITE,Meter Replacement / Installation Team,,,,,,,,,
RTC CORRUPT SO METER REPLACEMENT REQUIRED AT SITE,Meter Replacement / Installation Team,,,,,,,,,
METER NO RTC CORRUPT SO METER REPLACEMENT REQUIRED AT SITE,Meter Replacement / Installation Team,,,,,,,,,
meter RTC fail so meter defective need replacement,Meter Replacement / Installation Team,,,,,,,,,
Meter RTC found fail Hence meter is defective and replacement required for the same,Meter Replacement / Installation Team,,,,,,,,,
meter RTC fail at the time of testing so meter needs to be replacement required,Meter Replacement / Installation Team,,,,,,,,,
Meter RTC Corrupted So Meter Defective Needs to be replacement At the time of testing,Meter Replacement / Installation Team,,,,,,,,,
Meter RTC fail at the time of the testingso meter is defective meter needs to replace,Meter Replacement / Installation Team,,,,,,,,,
Meter display segment is stuck on KWh reading at the time of testing So meter needs to be replacement required,Meter Replacement / Installation Team,,,,,,,,,
meter rtc failed at the time of testing so meter need to be changed,Meter Replacement / Installation Team,,,,,,,,,
meter rtc failed at the time of testing so meter need to be changed,Meter Replacement / Installation Team,,,,,,,,,
Meter RTC Corrupted So Meter Defective Needs to be replacement At the time of Testing,Meter Replacement / Installation Team,,,,,,,,,
Meter RTC Corrupted So Meter Defective Needs to be replacement At the time of testing,Meter Replacement / Installation Team,,,,,,,,,
Meter RTC Fail at the time of testing So meter needs to replacement required,Meter Replacement / Installation Team,,,,,,,,,
Current Parameter of Phase and Neutral is not matching therefore same is defective therefore same needs to be replace,Meter Replacement / Installation Team,,,,,,,,,
Meter RTC fail at the time of the testingso meter is defective meter needs to replace,Meter Replacement / Installation Team,,,,,,,,,
Meter RTC fail at the time of the testingso meter is defective meter needs to replace,Meter Replacement / Installation Team,,,,,,,,,
Meter RTC fail at the time of the testingso meter is defective meter needs to replace,Meter Replacement / Installation Team,,,,,,,,,
Meter RTC fail at the time of the testingso meter is defective meter needs to replace,Meter Replacement / Installation Team,,,,,,,,,
Meter RTC fail at the time of the testingso meter is defective meter needs to replace,Meter Replacement / Installation Team,,,,,,,,,
meter rtc failed at the time of testing so meter need to be changed,Meter Replacement / Installation Team,,,,,,,,,
Meter RTC Corrupted So Meter Defective Needs to be replacement At the time of testing,Meter Replacement / Installation Team,,,,,,,,,
meter abnormal pulse blinkingso meter deffective need replacement,Meter Replacement / Installation Team,,,,,,,,,
Meter Seven Segment Display found Faulty hence same needs to be replace under defective category Photographs is been attached,Meter Replacement / Installation Team,,,,,,,,,
Meter RTC Corrupted So Meter Defective Needs to be replacement At the time of testing,Meter Replacement / Installation Team,,,,,,,,,
Meter RTC Corrupted So Meter Defective Needs to be replacement At the time of testing,Meter Replacement / Installation Team,,,,,,,,,
no pulse blinking on load so meter deffective need replacement,Meter Replacement / Installation Team,,,,,,,,,
Meter RTC fail at the time of the testingso meter is defective meter needs to replace,Meter Replacement / Installation Team,,,,,,,,,
meter rtc failed at the time of testing so meter need to be changed,Meter Replacement / Installation Team,,,,,,,,,
Meter RTC Corrupted So Meter Defective Needs to be replacement At the time of testing,Meter Replacement / Installation Team,,,,,,,,,
Meter RTC Failed at the time of testing so meter need to be changed,Meter Replacement / Installation Team,,,,,,,,,
Meter RTC Fail at the time of testing So meter needs to replacement required,Meter Replacement / Installation Team,,,,,,,,,
meter rtc failed at the time of testing so meter need to be changed,Meter Replacement / Installation Team,,,,,,,,,
Meter RTC fail at the time of the testingso meter is defective meter needs to replace,Meter Replacement / Installation Team,,,,,,,,,
meter rtc failed at the time of testing so meter need to be changed,Meter Replacement / Installation Team,,,,,,,,,
Meter RTC Corrupted So Meter Defective Needs to be replacement At the time of testing,Meter Replacement / Installation Team,,,,,,,,,
Meter display showing RTC earrer and low Battery so meter need replacement required,Meter Replacement / Installation Team,,,,,,,,,
meter ELT on same current so meter defective need replacement,Meter Replacement / Installation Team,,,,,,,,,
Meter RTC Corrupted So Meter Defective Needs to be replacement At the time of testing,Meter Replacement / Installation Team,,,,,,,,,
meter IC terminal found burnt so meter deffective need replacement,Meter Replacement / Installation Team,,,,,,,,,
Meter RTC fail at the time of the testingso meter is defective meter needs to replace,Meter Replacement / Installation Team,,,,,,,,,
Meter RTC fail at the time of the testingso meter is defective meter needs to replace,Meter Replacement / Installation Team,,,,,,,,,
meter display segment is defective at the time of testing so meter needs to be replacement required,Meter Replacement / Installation Team,,,,,,,,,
Meter display segment found defective so meter need to be changed,Meter Replacement / Installation Team,,,,,,,,,
Meter ELT is glowing on external load so meter is defective need to be replacement,Meter Replacement / Installation Team,,,,,,,,,
Meter RTC Corrupted So Meter Defective Needs to be replacement At the time of testing,Meter Replacement / Installation Team,,,,,,,,,
Meter RTC found fail Hence meter is defective and replacement required for the same,Meter Replacement / Installation Team,,,,,,,,,
RTC CORRUPT SO METER REPLACEMENT REQUIRED AT SITE,Meter Replacement / Installation Team,,,,,,,,,
Meter RTC fail at the time of the testingso meter is defective meter needs to replace,Meter Replacement / Installation Team,,,,,,,,,
Meter RTC Fail at the time of testing So meter needs to replacement required,Meter Replacement / Installation Team,,,,,,,,,
meter RTC fail at the time of testing so meter needs to be replacement required,Meter Replacement / Installation Team,,,,,,,,,
Meter RTC fail at the time of the testingso meter is defective meter needs to replace,Meter Replacement / Installation Team,,,,,,,,,
meter calibration pulse without load blinking at the time of testing so meter needs to be replacement required meter already tested on,Meter Replacement / Installation Team,,,,,,,,,
meter RTC fail at the time of testing so meter needs to be replacement required,Meter Replacement / Installation Team,,,,,,,,,
MDI CORRUPT METER NOT RECORDING PROPER MDI AS PER CONNECTED LOAD SO METER REPLACEMENT REQUIRED AT SITE,Meter Replacement / Installation Team,,,,,,,,,
RTC CORRUPT SO METER REPLACEMENT REQUIRED AT SITE,Meter Replacement / Installation Team,,,,,,,,,
RTC CORRUPT SO METER REPLACEMENT REQUIRED AT SITE,Meter Replacement / Installation Team,,,,,,,,,
Meter RTC Corrupted So Meter Defective Needs to be replacement At the time of testing,Meter Replacement / Installation Team,,,,,,,,,
Meter RTC Corrupted So Meter Defective Needs to be replacement At the time of testing,Meter Replacement / Installation Team,,,,,,,,,
Meter RTC Corrupted So Meter Defective Needs to be replacement At the time of testing,Meter Replacement / Installation Team,,,,,,,,,
Meter RTC Corrupted So Meter Defective Needs to be replacement At the time of testing,Meter Replacement / Installation Team,,,,,,,,,
Meter RTC Fail at the time of testing So meter needs to replacement required,Meter Replacement / Installation Team,,,,,,,,,
Meter RTC Fail at the time of testing So meter needs to replacement required,Meter Replacement / Installation Team,,,,,,,,,
meter calibration pulse abnormal blinking so meter defective meter need to replacment,Meter Replacement / Installation Team,,,,,,,,,
METER RTC Fail So Meter Is Defective Need Replacement,Meter Replacement / Installation Team,,,,,,,,,
Meter tested as per safety norms meter ELT on with External load so meter defective need to Replacement,Meter Replacement / Installation Team,,,,,,,,,
Meter RTC Failed at the time of testing so meter need to be changed,Meter Replacement / Installation Team,,,,,,,,,
Meter RTC Failed at the time of testing so meter need to be changed,Meter Replacement / Installation Team,,,,,,,,,
meter rtc failed at the time of testing so meter need to be changed,Meter Replacement / Installation Team,,,,,,,,,
Meter RTC Corrupted So Meter Defective Needs to be replacement At the time of testing,Meter Replacement / Installation Team,,,,,,,,,
Meter RTC Failed at the time of testing so meter need to be changed,Meter Replacement / Installation Team,,,,,,,,,
Meter celebration plus without load blinking on imax alongwith ELT glow at the time of testing so meter need replacement required,Meter Replacement / Installation Team,,,,,,,,,
Meter RTC Failed at the time of testing so meter need to be changed,Meter Replacement / Installation Team,,,,,,,,,
Meter RTC Corrupted So Meter Defective Needs to be replacement At the time of testing,Meter Replacement / Installation Team,,,,,,,,,
Meter RTC Corrupted So Meter Defective Needs to be replacement At the time of testing,Meter Replacement / Installation Team,,,,,,,,,
Meter display Segment is found defective so Meter is Defective needs to be replacement,Meter Replacement / Installation Team,,,,,,,,,
Meter RTC found fail Hence meter is defective and replacement required for the same,Meter Replacement / Installation Team,,,,,,,,,
Meter RTC fail at the time of the testingso meter is defective meter needs to replaceZone paper seal pasted on meter box,Meter Replacement / Installation Team,,,,,,,,,
Meter RTC fail at the time of the testingso meter is defective meter needs to replace,Meter Replacement / Installation Team,,,,,,,,,
Meter RTC fail at the time of the testingso meter is defective meter needs to replaceZone paper seal pasted on meter box,Meter Replacement / Installation Team,,,,,,,,,
Meter RTC Failed at the time of testing so meter need to be changed,Meter Replacement / Installation Team,,,,,,,,,
RTC CORRUPT SO METER REPLACEMENT REQUIRED AT SITE,Meter Replacement / Installation Team,,,,,,,,,
Meter RTC found fail Hence meter is defective and replacement required for the same,Meter Replacement / Installation Team,,,,,,,,,
meter Rtc failed at the time of testing so meter need to be changed,Meter Replacement / Installation Team,,,,,,,,,
meter Rtc failed at the time of testing so meter need to be changed,Meter Replacement / Installation Team,,,,,,,,,
Meter display showing RTC earrer and low Battery at the time of testing so meter need replacement required,Meter Replacement / Installation Team,,,,,,,,,
meter rtc failed at the time of testing so meter need to be changed,Meter Replacement / Installation Team,,,,,,,,,
Meter RTC fail at the time of the testingso meter is defective meter needs to replace,Meter Replacement / Installation Team,,,,,,,,,
Meter RTC found fail Hence meter is defective and replacement required for the same,Meter Replacement / Installation Team,,,,,,,,,
Meter RTC Corrupted So Meter Defective Needs to be replacement At the time of testing,Meter Replacement / Installation Team,,,,,,,,,
Meter Display Segment not Proper Showing So Meter Defective Needs to be replacement At the time of testing,Meter Replacement / Installation Team,,,,,,,,,
Meter RTC Corrupted So Meter Defective Needs to be replacement At the time of testing,Meter Replacement / Installation Team,,,,,,,,,
Meter RTC fail at the time of the testingso meter is defective meter needs to replace,Meter Replacement / Installation Team,,,,,,,,,
meter rtc failed at the time of testing so meter need to be changed,Meter Replacement / Installation Team,,,,,,,,,
Meter RTC fail at the time of the testingso meter is defective meter needs to replace,Meter Replacement / Installation Team,,,,,,,,,
meter rtc failed at the time of testing so meter need to be changed meter box also broken,Meter Replacement / Installation Team,,,,,,,,,
Meter RTC Corrupted So Meter Defective Needs to be replacement At the time of testing,Meter Replacement / Installation Team,,,,,,,,,
Meter tested As per Safety Noms Meter pulse not Blinking As per Connected load so meter Defective Need Replacement At the time of Testing,Meter Replacement / Installation Team,,,,,,,,,
Meter RTC fail at the time of the testingso meter is defective meter needs to replace,Meter Replacement / Installation Team,,,,,,,,,
meter rtc failed at the time of testing so meter need to be changed,Meter Replacement / Installation Team,,,,,,,,,
Meter RTC failed at the time of testing so meter need to be change,Meter Replacement / Installation Team,,,,,,,,,
Meter RTC Corrupted So Meter Defective Needs to be replacement At the time of testing,Meter Replacement / Installation Team,,,,,,,,,
meter rtc failed at the time of testing so meter need to be changed,Meter Replacement / Installation Team,,,,,,,,,
Meter RTC Fail at the time of testing So meter needs to replacement required,Meter Replacement / Installation Team,,,,,,,,,
Meter RTC Fail at the time of testing So meter needs to replacement required,Meter Replacement / Installation Team,,,,,,,,,
Meter ELT is glowing on external load so meter is defective need to be replacement,Meter Replacement / Installation Team,,,,,,,,,
METER RTC Fail So Meter Is Defective Need Replacement,Meter Replacement / Installation Team,,,,,,,,,
meter rtc failed at the time of testing so meter need to be changed,Meter Replacement / Installation Team,,,,,,,,,
Meter RTC fail at the time of the testingso meter is defective meter needs to replacepaper seal pasted on meter box,Meter Replacement / Installation Team,,,,,,,,,
Meter RTC Fail at the time of testing So meter needs to replacement required,Meter Replacement / Installation Team,,,,,,,,,
meter rtc failed at the time of testing so meter need to be changed,Meter Replacement / Installation Team,,,,,,,,,
Meter RTC fail at the time of the testingso meter is defective meter needs to replace,Meter Replacement / Installation Team,,,,,,,,,
Meter RTC Corrupted So Meter Defective Needs to be replacement At the time of testing,Meter Replacement / Installation Team,,,,,,,,,
Meter Display Segment not Proper Showing So Meter Defective Needs to be replacement At the time of testing,Meter Replacement / Installation Team,,,,,,,,,
Meter display segments are not properly visible so meter is defective and need replacement,Meter Replacement / Installation Team,,,,,,,,,
Meter RTC Corrupted So Meter Defective Needs to be replacement At the time of testing,Meter Replacement / Installation Team,,,,,,,,,
Meter RTC Failed at the time of testing so meter need to be changed,Meter Replacement / Installation Team,,,,,,,,,
Meter tested as per all safety norms and accuracy found within limit at the time of testing,Meter Replacement / Installation Team,,,,,,,,,
Meter RTC fail at the time of the testingso meter is defective meter needs to replace,Meter Replacement / Installation Team,,,,,,,,,
Meter ELT ON An External Load So Meter Defective Needs to be replacement At the time of testing,Meter Replacement / Installation Team,,,,,,,,,
Meter RTC fail at the time of testingso meter is defective But the meter needs to be replaced under mass meter category,Meter Replacement / Installation Team,,,,,,,,,
Meter display sagment defective at the time of testing so meter need replacement required,Meter Replacement / Installation Team,,,,,,,,,
Meter RTC fail at the time of the testingso meter is defective meter needs to replace,Meter Replacement / Installation Team,,,,,,,,,
Meter RTC fail at the time of the testingso meter is defective meter needs to replace,Meter Replacement / Installation Team,,,,,,,,,
Meter RTC found fail Hence meter is defective and replacement required for the same,Meter Replacement / Installation Team,,,,,,,,,
Meter RTC found fail Hence meter is defective and replacement required for the same,Meter Replacement / Installation Team,,,,,,,,,
Meter RTC Corrupted So Meter Defective Needs to be replacement At the time of testing,Meter Replacement / Installation Team,,,,,,,,,
Meter RTC fail at the time of the testingso meter is defective meter needs to replace,Meter Replacement / Installation Team,,,,,,,,,
meter ELT glow on external load at the time of testing so meter needs to be replacement required,Meter Replacement / Installation Team,,,,,,,,,
Meter terminal found brunt alongwith MDI kw not recording as per connected load,Meter Replacement / Installation Team,,,,,,,,,
Meter RTC found fail Hence meter is defective and replacement required for the same,Meter Replacement / Installation Team,,,,,,,,,
meter calibration pulse without load blinking at the time of testing so meter needs to be replacement required,Meter Replacement / Installation Team,,,,,,,,,
Meter Reading Reverse Jump So Meter Defective Needs to be replacement At the time of testingMeter Already Tested,Meter Replacement / Installation Team,,,,,,,,,
meter display segment is defective at the time of testing so meter needs to be replacement required,Meter Replacement / Installation Team,,,,,,,,,
MDI is corruptKVA MDI is less than KW MDI hence Meter replacement is required,Meter Replacement / Installation Team,,,,,,,,,
Meter RTC Corrupted So Meter Defective Needs to be replacement At the time of testing,Meter Replacement / Installation Team,,,,,,,,,
Meter RTC Corrupted So Meter Defective Needs to be replacement At the time of testing,Meter Replacement / Installation Team,,,,,,,,,
Meter RTC Corrupted So Meter Defective Needs to be replacement At the time of testing,Meter Replacement / Installation Team,,,,,,,,,
Meter RTC Corrupted So Meter Defective Needs to be replacement At the time of testing,Meter Replacement / Installation Team,,,,,,,,,
Meter RTC Corrupted So Meter Defective Needs to be replacement At the time of testing,Meter Replacement / Installation Team,,,,,,,,,
Meter RTC found fail Hence meter is defective and replacement required for the same,Meter Replacement / Installation Team,,,,,,,,,
Meter RTC found fail Hence meter is defective and replacement required for the same,Meter Replacement / Installation Team,,,,,,,,,
meter rtc failed at the time of testing so meter need to be changed,Meter Replacement / Installation Team,,,,,,,,,
Meter RTC Corrupted So Meter Defective Needs to be replacement At the time of testing,Meter Replacement / Installation Team,,,,,,,,,
Meter RTC Corrupted So Meter Defective Needs to be replacement At the time of testing,Meter Replacement / Installation Team,,,,,,,,,
meter calibration pulse abnormal on external load so meter defective need to change,Meter Replacement / Installation Team,,,,,,,,,
meter rtc failed at the time of testing so meter need to be changed,Meter Replacement / Installation Team,,,,,,,,,
Meter RTC fail at the time of the testingso meter is defective meter needs to replace,Meter Replacement / Installation Team,,,,,,,,,
Meter RTC Fail at the time of testing So meter needs to replacement required,Meter Replacement / Installation Team,,,,,,,,,
meter rtc failed at the time of testing so meter need to be changed,Meter Replacement / Installation Team,,,,,,,,,
Meter RTC Corrupted So Meter Defective Needs to be replacement At the time of testing,Meter Replacement / Installation Team,,,,,,,,,
no pulse blinking on load so meter defective need replacement,Meter Replacement / Installation Team,,,,,,,,,
Meter RTC fail at the time of the testingso meter is defective meter needs to replace,Meter Replacement / Installation Team,,,,,,,,,
Meter RTC failed at the time of testing so meter need to be change,Meter Replacement / Installation Team,,,,,,,,,
Meter RTC fail at the time of the testingso meter is defective meter needs to replace,Meter Replacement / Installation Team,,,,,,,,,
meter rtc failed at the time of testing so meter need to be changed,Meter Replacement / Installation Team,,,,,,,,,
Meter RTC Fail at the time of testing So meter needs to replacement required,Meter Replacement / Installation Team,,,,,,,,,
Meter RTC fail at the time of the testingso meter is defective meter needs to replace,Meter Replacement / Installation Team,,,,,,,,,
Meter RTC Corrupted So Meter Defective Needs to be replacement At the time of testing,Meter Replacement / Installation Team,,,,,,,,,
Meter RTC Corrupted So Meter Defective Needs to be replacement At the time of testing,Meter Replacement / Installation Team,,,,,,,,,
Meter RTC Corrupted So Meter Defective Needs to be replacement At the time of testing,Meter Replacement / Installation Team,,,,,,,,,
Meter RTC Corrupted So Meter Defective Needs to be replacement At the time of testing,Meter Replacement / Installation Team,,,,,,,,,
Meter found Defective accuracy is found Outside limit hence replacement required for the same,Meter Replacement / Installation Team,,,,,,,,,
Meter display segments are not properly visible so meter is defective and need replacement,Meter Replacement / Installation Team,,,,,,,,,
Meter display sagment defective at the time of testing so meter need replacement required,Meter Replacement / Installation Team,,,,,,,,,
NO DISPLAY SO METER REPLACEMENT REQUIRED AT SITE,Meter Replacement / Installation Team,,,,,,,,,
Meter Display found faulty hence replacement required for the same,Meter Replacement / Installation Team,,,,,,,,,
Meter EL LED found ON even on No load also NCut is showing hence meter is defective therefore same needs to be replaced,Meter Replacement / Installation Team,,,,,,,,,
Meter RTC Corrupted So Meter Defective Needs to be replacement At the time of testing,Meter Replacement / Installation Team,,,,,,,,,
Meter RTC Corrupted So Meter Defective Needs to be replacement At the time of testing,Meter Replacement / Installation Team,,,,,,,,,
Meter RTC Corrupted So Meter Defective Needs to be replacement At the time of testing,Meter Replacement / Installation Team,,,,,,,,,
Meter RTC Corrupted So Meter Defective Needs to be replacement At the time of testing,Meter Replacement / Installation Team,,,,,,,,,
Meter RTC Corrupted So Meter Defective Needs to be replacement At the time of testing,Meter Replacement / Installation Team,,,,,,,,,
Meter RTC Failed at the time of testing so meter need to be changed,Meter Replacement / Installation Team,,,,,,,,,
meter rtc failed at the time of testing so meter need to be changed,Meter Replacement / Installation Team,,,,,,,,,
Meter RTC found fail Hence meter is defective and replacement required for the same,Meter Replacement / Installation Team,,,,,,,,,
meter rtc failed at the time of testing so meter need to be changed,Meter Replacement / Installation Team,,,,,,,,,
Meter RTC Fail at the time of testing So meter needs to replacement required,Meter Replacement / Installation Team,,,,,,,,,
Meter RTC fail at the time of testing so meter is defective But the meter needs to be replace under mass meter category,Meter Replacement / Installation Team,,,,,,,,,
Meter RTC Failed at the time of testing so meter need to be changed,Meter Replacement / Installation Team,,,,,,,,,
meter rtc failed at the time of testing so meter need to be changed,Meter Replacement / Installation Team,,,,,,,,,
Meter RTC Failed at the time of testing so meter need to be changed,Meter Replacement / Installation Team,,,,,,,,,
Meter RTC found fail Hence meter is defective and replacement required for the same,Meter Replacement / Installation Team,,,,,,,,,
Meter RTC found fail Hence meter is defective and replacement required for the same,Meter Replacement / Installation Team,,,,,,,,,
Meter RTC Fail at the time of testing So meter needs to replacement required,Meter Replacement / Installation Team,,,,,,,,,
meter RTC fail so meter defective need replacement,Meter Replacement / Installation Team,,,,,,,,,
meter RTC fail so meter defective need replacement,Meter Replacement / Installation Team,,,,,,,,,
Meter RTC Corrupted So Meter Defective Needs to be replacement At the time of testing,Meter Replacement / Installation Team,,,,,,,,,
meter rtc failed at the time of testing so meter need to be changed,Meter Replacement / Installation Team,,,,,,,,,
Meter RTC Corrupted So Meter Defective Needs to be replacement At the time of testing,Meter Replacement / Installation Team,,,,,,,,,
Earth LED found ON even on External Load KW hence meter is defective and replacement required for the same,Meter Replacement / Installation Team,,,,,,,,,
meter calibration pulse without load blinking ELt on so meter defective at the time of testing meter need to replacment,Meter Replacement / Installation Team,,,,,,,,,
Meter RTC Corrupted So Meter Defective Needs to be replacement At the time of testing,Meter Replacement / Installation Team,,,,,,,,,
Meter RTC Corrupted So Meter Defective Needs to be replacement At the time of testing,Meter Replacement / Installation Team,,,,,,,,,
Meter RTC Corrupted So Meter Defective Needs to be replacement At the time of testing,Meter Replacement / Installation Team,,,,,,,,,
Meter RTC failed at the time of testing so meter need to be change,Meter Replacement / Installation Team,,,,,,,,,
Meter RTC fail at the time of the testingso meter is defective meter needs to replace,Meter Replacement / Installation Team,,,,,,,,,
Meter is found defective at the time of meter testing HV symbol is showing with NCut also Display flicker with incomplete Meter Display Parameters cycle Hence meter needs to be replaced under defective category,Meter Replacement / Installation Team,,,,,,,,,
Meter RTC Corrupted So Meter Defective Needs to be replacement At the time of testing,Meter Replacement / Installation Team,,,,,,,,,
Meter RTC Corrupted So Meter Defective Needs to be replacement At the time of testing,Meter Replacement / Installation Team,,,,,,,,,
Meter RTC Corrupted So Meter Defective Needs to be replacement At the time of testing,Meter Replacement / Installation Team,,,,,,,,,
Current Parameter of Phase and Neutral is not matching therefore same is defective therefore same needs to be replace Contacted Person Asgari,Meter Replacement / Installation Team,,,,,,,,,
meter rtc failed at the time of testing so meter need to be changed,Meter Replacement / Installation Team,,,,,,,,,
Meter RTC Failed at the time of testing so meter need to be changed,Meter Replacement / Installation Team,,,,,,,,,
FIGURE UPSET SO METER REPLACEMENT REQUIRED AT SITE,Meter Replacement / Installation Team,,,,,,,,,
Meter RTC found fail Hence meter is defective and replacement required for the same,Meter Replacement / Installation Team,,,,,,,,,
Meter RTC Corrupted So Meter Defective Needs to be replacement At the time of testing,Meter Replacement / Installation Team,,,,,,,,,
Meter RTC Fail at the time of testing So meter needs to replacement required,Meter Replacement / Installation Team,,,,,,,,,
meter rtc failed at the time of testing so meter need to be changed,Meter Replacement / Installation Team,,,,,,,,,
Meter RTC Fail at the time of testing So meter needs to replacement required,Meter Replacement / Installation Team,,,,,,,,,
Meter RTC found fail Hence meter is defective and replacement required for the same,Meter Replacement / Installation Team,,,,,,,,,
Meter RTC Fail at the time of testing So meter needs to replacement required,Meter Replacement / Installation Team,,,,,,,,,
Meter RTC Failed at the time of testing so meter need to be changed,Meter Replacement / Installation Team,,,,,,,,,
meter rtc failed at the time of testing so meter need to be changed,Meter Replacement / Installation Team,,,,,,,,,
Meter RTC fail at the time of testing so meter is defective But the meter needs to be replace under mass meter category,Meter Replacement / Installation Team,,,,,,,,,
Meter RTC Failed at the time of testing so meter need to be changed,Meter Replacement / Installation Team,,,,,,,,,
Meter RTC fail at the time of the testingso meter is defective meter needs to replace,Meter Replacement / Installation Team,,,,,,,,,
Meter RTC fail at the time of the testingso meter is defective meter needs to replace,Meter Replacement / Installation Team,,,,,,,,,
meter rtc failed at the time of testing so meter need to be changed,Meter Replacement / Installation Team,,,,,,,,,
Meter RTC Failed at the time of testing so meter need to be changed,Meter Replacement / Installation Team,,,,,,,,,
Meter RTC Failed at the time of testing so meter need to be changed,Meter Replacement / Installation Team,,,,,,,,,
Meter RTC Corrupted So Meter Defective Needs to be replacement At the time of testing,Meter Replacement / Installation Team,,,,,,,,,
Meter RTC Corrupted So Meter Defective Needs to be replacement At the time of testing,Meter Replacement / Installation Team,,,,,,,,,
Meter display sagment defective at the time of testing so meter need replacement required,Meter Replacement / Installation Team,,,,,,,,,
meter rtc failed at the time of testing so meter need to be changed,Meter Replacement / Installation Team,,,,,,,,,
meter rtc failed at the time of testing so meter need to be changed,Meter Replacement / Installation Team,,,,,,,,,
Meter calibration pulse is blinking abnormal at the time of testing So Meter is Defective need to be Replacement,Meter Replacement / Installation Team,,,,,,,,,
Meter is found defective Parameter is struck between event display and Back MDI only hence meter is defective and therefore same needs to be replace,Meter Replacement / Installation Team,,,,,,,,,
meter rtc failed at the time of testing so meter need to be changed,Meter Replacement / Installation Team,,,,,,,,,
meter rtc failed at the time of testing so meter need to be changed,Meter Replacement / Installation Team,,,,,,,,,
meter display is defective at the time of testing so meter needs to be replacement required,Meter Replacement / Installation Team,,,,,,,,,
RTC CORRUPT SO METER REPLACEMENT REQUIRED AT SITE,Meter Replacement / Installation Team,,,,,,,,,
Meter RTC Failed at the time of testing so meter need to be changed,Meter Replacement / Installation Team,,,,,,,,,
meter mdi not record at the time of testing so meter defective need to change,Meter Replacement / Installation Team,,,,,,,,,
RTC is corrupt hence Meter replacement is required,Meter Replacement / Installation Team,,,,,,,,,
Meter RTC Corrupted So Meter Defective Needs to be replacement At the time of testing,Meter Replacement / Installation Team,,,,,,,,,
Meter RTC found fail Hence meter is defective and replacement required for the same,Meter Replacement / Installation Team,,,,,,,,,
Meter display segments are not properly visible so meter is defective and need replacement,Meter Replacement / Installation Team,,,,,,,,,
Meter EL is ON on external load so meter is defective and need replacement,Meter Replacement / Installation Team,,,,,,,,,
Meter RTC Fail at the time of testing So meter needs to replacement required,Meter Replacement / Installation Team,,,,,,,,,
Meter RTC fail at the time of the testingso meter is defective meter needs to replace,Meter Replacement / Installation Team,,,,,,,,,
Meter RTC fail at the time of the testingso meter is defective meter needs to replace,Meter Replacement / Installation Team,,,,,,,,,
Meter RTC found fail Hence meter is defective and replacement required for the same,Meter Replacement / Installation Team,,,,,,,,,
meter rtc failed at the time of testing so meter need to be changed,Meter Replacement / Installation Team,,,,,,,,,
Meter RTC Failed at the time of testing so meter need to be changed,Meter Replacement / Installation Team,,,,,,,,,
Meter RTC Failed at the time of testing so meter need to be changed,Meter Replacement / Installation Team,,,,,,,,,
Back KWH Cumulative Reading is found high jump hence meter is defective therefore same needs to be replaced under defective category photographs has been attached,Meter Replacement / Installation Team,,,,,,,,,
Meter RTC Corrupted So Meter Defective Needs to be replacement At the time of testing,Meter Replacement / Installation Team,,,,,,,,,
Meter RTC Corrupted So Meter Defective Needs to be replacement At the time of testing,Meter Replacement / Installation Team,,,,,,,,,
Meter RTC Failed at the time of testing so meter need to be changed,Meter Replacement / Installation Team,,,,,,,,,
Meter RTC found fail Hence meter is defective and replacement required for the same,Meter Replacement / Installation Team,,,,,,,,,
Meter RTC found fail Hence meter is defective and replacement required for the same,Meter Replacement / Installation Team,,,,,,,,,
ELT SHOWING IN EXTERNAL LOAD SO METER REPLACEMENT REQUIRED AT SITE consumer not able to signature,Meter Replacement / Installation Team,,,,,,,,,
meter display segment is defective at the time of testing so meter needs to be replacement required,Meter Replacement / Installation Team,,,,,,,,,
meter RTC fail so meter deffective need replacement,Meter Replacement / Installation Team,,,,,,,,,
Meter RTC found fail Hence meter is defective and replacement required for the same,Meter Replacement / Installation Team,,,,,,,,,
Meter RTC fail at the time of the testingso meter is defective meter needs to replace,Meter Replacement / Installation Team,,,,,,,,,
meter rtc failed at the time of testing so meter need to be changed,Meter Replacement / Installation Team,,,,,,,,,
Meter RTC Fail at the time of testing So meter needs to replacement requiredExisting Meter number is mismatch actual Meter number is,Meter Replacement / Installation Team,,,,,,,,,
Meter RTC fail at the time of the testingso meter is defective meter needs to replace,Meter Replacement / Installation Team,,,,,,,,,
meter rtc failed at the time of testing so meter need to be changed,Meter Replacement / Installation Team,,,,,,,,,
Meter RTC fail at the time of the testingso meter is defective meter needs to replace,Meter Replacement / Installation Team,,,,,,,,,
Meter RTC Corrupted So Meter Defective Needs to be replacement At the time of testing,Meter Replacement / Installation Team,,,,,,,,,
meter display segment is defective at the time of testing so meter needs to be replacement required,Meter Replacement / Installation Team,,,,,,,,,
Meter RTC Corrupted So Meter Defective Needs to be replacement At the time of testing,Meter Replacement / Installation Team,,,,,,,,,
Meter RTC Failed at the time of testing so meter need to be changed,Meter Replacement / Installation Team,,,,,,,,,
Seven Segment display found defective therefore same needs to be replace under defective category Photograph has been attached for reference,Meter Replacement / Installation Team,,,,,,,,,
Nutral not present from pole at the time of testing so meter could not be test discuss with consumer sh Uamesh phone no,Network / Zone Maintenance Team,,,,,,,,,
Netural not present from pole at the time of testing so meter could not be test discuss with consumer sh Suresh Kumar phone no,Network / Zone Maintenance Team,,,,,,,,,
Netural not present from pole at the time of testing so meter could not be test discuss with consumer sh Satish phone no,Network / Zone Maintenance Team,,,,,,,,,
One phase missing in supply from pole so case refer to zone for further rectification,Network / Zone Maintenance Team,,,,,,,,,
B PHASE VOLTAGE MISSING,Network / Zone Maintenance Team,,,,,,,,,
Meter tested as per safety norms Low Voltage Found in Two phases v and v so meter could not be test Refer to zone,Network / Zone Maintenance Team,,,,,,,,,
One phase missing from pole at the time of testing so meter could not be test,Network / Zone Maintenance Team,,,,,,,,,
Two phases missing in supply from pole so case refer to zone for further rectification,Network / Zone Maintenance Team,,,,,,,,,
On phase missing from pole and two phases used only at the time of testing discuss with back office,Network / Zone Maintenance Team,,,,,,,,,
One phase voltage is very low so this case is referred to zone for rectification work,Network / Zone Maintenance Team,,,,,,,,,
One phase voltage is missing so this case is referred to Zone for rectification work,Network / Zone Maintenance Team,,,,,,,,,
y phase voltage low V,Network / Zone Maintenance Team,,,,,,,,,
one phase found missing so case reffered to zone,Network / Zone Maintenance Team,,,,,,,,,
One phase missing from pole at the time of testing so meter could not be test discuss with consumer sh Narsingh phone no,Network / Zone Maintenance Team,,,,,,,,,
One phase missing in supply from poleSo case refer to zone for further rectification,Network / Zone Maintenance Team,,,,,,,,,
Incoming voltage from Supply end found unbalanced therefore incoming supply needs to be rectified by the concerned department Photographs of reference voltage in all phases is been attached,Network / Zone Maintenance Team,,,,,,,,,
One Phase missing from pole at the time of testing so meter could not be test discuss with consumer sh Narsingh phone no,Network / Zone Maintenance Team,,,,,,,,,
one phase voltage is very low so this case is referred to zone for rectification work,Network / Zone Maintenance Team,,,,,,,,,
Solar Panel not working at the time of testing so meter could not be test discuss with consumer sh Jamshed phone no,Network / Zone Maintenance Team,,,,,,,,,
Low Voltage in R Phase from solar panel and hence no solar generation found due the same meter could not tested and rectication required from solar panel end Discuss with electrician sh Hawaldar,Network / Zone Maintenance Team,,,,,,,,,
Supply already disconnected relay status on,Network / Zone Maintenance Team,,,,,,,,,
Supply found disconnect from pole at the time of testing discuss with consumer sh nitesh on said phone,Network / Zone Maintenance Team,,,,,,,,,
Supply found disconnected at site,Network / Zone Maintenance Team,,,,,,,,,
SUPPLY FOUND TEMPORARY DISCONNECTED,Network / Zone Maintenance Team,,,,,,,,,
meter found disconnected at site,Network / Zone Maintenance Team,,,,,,,,,
Supply found disconnected at site meter found burnt and supply found bypass from meter,Network / Zone Maintenance Team,,,,,,,,,
supply found disconnected by relay,Network / Zone Maintenance Team,,,,,,,,,
SUPPLY FOUND TEMPORARY DISCONNECTED,Network / Zone Maintenance Team,,,,,,,,,
SUPPLY FOUND TEMPORARY DISCONNECTED,Network / Zone Maintenance Team,,,,,,,,,
Meter found disconnected at site hence same couldnt be tested,Network / Zone Maintenance Team,,,,,,,,,
supply found disconnected from pole,Network / Zone Maintenance Team,,,,,,,,,
SUPPLY FOUND TEMPORARY DISCONNECTED,Network / Zone Maintenance Team,,,,,,,,,
meter out going disconnected at site so meter couldnt be tested,Network / Zone Maintenance Team,,,,,,,,,
Meter RTC found fail Hence meter is defective and replacement required for the same,Network / Zone Maintenance Team,,,,,,,,,
meter couldnt be tested because supply found disconnected,Network / Zone Maintenance Team,,,,,,,,,
Supply found disconnected from solar at the time of testing so meter could not be test discuss with consumer shUdaysingh,Network / Zone Maintenance Team,,,,,,,,,
Supply found disconnect from Pole at the time of testing so meter could not be test discuss with Mrs Ragni,Network / Zone Maintenance Team,,,,,,,,,
meter couldnt be tested because supply found disconnected,Network / Zone Maintenance Team,,,,,,,,,
supply found disconnected at site solar not working at site so meter couldnt be tested,Network / Zone Maintenance Team,,,,,,,,,
Supply found disconnected at site from solar end hence meter couldnt be tested Also no seal has been found on Meter box,Network / Zone Maintenance Team,,,,,,,,,
Meter found disconnected from solar hence same couldnt be tested Also No Seal is been found on meter box,Network / Zone Maintenance Team,,,,,,,,,
Supply found Disconnected at site hence meter couldnt be tested,Network / Zone Maintenance Team,,,,,,,,,
Supply Already Disconnect At Site So Meter could not be Tested,Network / Zone Maintenance Team,,,,,,,,,
RTC is corrupt hence Meter replacement is required,Network / Zone Maintenance Team,,,,,,,,,
Supply found disconnected at site,Network / Zone Maintenance Team,,,,,,,,,
METER SUPPLY FOUND DISCONNECTED AT SITE,Network / Zone Maintenance Team,,,,,,,,,
Supply found disconnected from pole at the time of testing so meter could not be test discuss with consumer sh Raju phone no,Network / Zone Maintenance Team,,,,,,,,,
Supply found disconnected at site hence same couldnt be tested,Network / Zone Maintenance Team,,,,,,,,,
meter tested as per safety norms,No Action Needed,,,,,,,,,
meter tested as per safety norms and consumer used one Phase only,No Action Needed,,,,,,,,,
Meter tested as per safety norms,No Action Needed,,,,,,,,,
meter tested as per safety norms oftpddlaccuracy found within limitatatime oftesting,No Action Needed,,,,,,,,,
Meter tested as per safety norms,No Action Needed,,,,,,,,,
meter tested as per safety norms,No Action Needed,,,,,,,,,
Meter tested as per safety norms meter accuracy found within limit at the time of testing,No Action Needed,,,,,,,,,
meter tested as per safety norms,No Action Needed,,,,,,,,,
Meter tested as per all safety normsmeter accuracy found within limit at the time of testing,No Action Needed,,,,,,,,,
meter tested as per safety norms oftpddlaccuracy found within limitatatime oftesting,No Action Needed,,,,,,,,,
meter tested as per safety norms,No Action Needed,,,,,,,,,
meter tested as per safety norms oftpddlaccuracy found within limitatatime oftesting,No Action Needed,,,,,,,,,
meter tested as per safety norms oftpddlaccuracy found within limitatatime oftesting,No Action Needed,,,,,,,,,
Meter tested as per all safety norms All display parameter found OK at the time of meter testing,No Action Needed,,,,,,,,,
Meter tested as per safety normsmeter accuracy found within limit at the time of testing,No Action Needed,,,,,,,,,
meter tested as per safety norms,No Action Needed,,,,,,,,,
Meter Tested As Per Safety Norms And Accuracy Found Within Limit At the Time Of Testing,No Action Needed,,,,,,,,,
Meter tested as per all safety normsAll display parameters found OK at the time of meter testing,No Action Needed,,,,,,,,,
meter tested as per safety norms oftpddlaccuracy found within limitatatime oftesting,No Action Needed,,,,,,,,,
meter tested as per safety norms oftpddlaccuracy found within limitatatime oftesting,No Action Needed,,,,,,,,,
meter tested as per safety norms oftpddlaccuracy found within limitatatime oftesting,No Action Needed,,,,,,,,,
Meter tested as per all safety norms All display parameter found OK at the time of meter testing,No Action Needed,,,,,,,,,
Meter tested as per all safety norms All display parameter found OK at the time of meter testing,No Action Needed,,,,,,,,,
meter tested as per safety norms,No Action Needed,,,,,,,,,
Meter tested as per safety norms,No Action Needed,,,,,,,,,
Meter tested as per all safety norms All display parameter found OK at the time of meter testing,No Action Needed,,,,,,,,,
Meter tested as per safety norms meter accuracy found within limit at the time of testing,No Action Needed,,,,,,,,,
Meter tested as per safety normsmeter accuracy found within limit at the time of testing,No Action Needed,,,,,,,,,
meter tested as per safety norms oftpddlaccuracy found within limitatatime oftesting,No Action Needed,,,,,,,,,
Meter tested as per safety norms,No Action Needed,,,,,,,,,
Meter tested as per safety norms meter accuracy found within limit at the time of testing,No Action Needed,,,,,,,,,
meter tested as per safety norms,No Action Needed,,,,,,,,,
Meter tested as per all safety normsmeter accuracy found within limit at the time of testing,No Action Needed,,,,,,,,,
Meter tested as per safety normsmeter accuracy found within limit at the time of testing,No Action Needed,,,,,,,,,
Meter tested as per safety norms meter accuracy found within limit at the time of testingmeter not in use all elements are working,No Action Needed,,,,,,,,,
Meter tested as per safety norms meter accuracy found within limit at the time of testing,No Action Needed,,,,,,,,,
meter tested as per safety norms oftpddlaccuracy found within limitatatime oftesting,No Action Needed,,,,,,,,,
Meter tested as per all safety norms All display parameter found OK at the time of meter testing,No Action Needed,,,,,,,,,
Meter tested as per safety norms meter accuracy found within limit at the time of testing,No Action Needed,,,,,,,,,
Meter tested as per safety normsmeter accuracy found within limit at the time of testing,No Action Needed,,,,,,,,,
meter tested as per safety norms oftpddlaccuracy found within limitatatime oftesting,No Action Needed,,,,,,,,,
Meter tested as per all safety norms All display parameter found OK at the time of meter testing,No Action Needed,,,,,,,,,
Meter tested as per safety normsmeter accuracy found within limit at the time of testing,No Action Needed,,,,,,,,,
meter tested as per safety norms oftpddlaccuracy found within limitatatime oftesting,No Action Needed,,,,,,,,,
meter tested as per safty norms meter accuracy found within limit at the time of testing,No Action Needed,,,,,,,,,
Meter tested as per safety norms meter accuracy found within limit at the time of testing,No Action Needed,,,,,,,,,
meter tested as per safety norms oftpddlaccuracy found within limitatatime oftesting,No Action Needed,,,,,,,,,
meter tested as per safety norms,No Action Needed,,,,,,,,,
Meter tested as per all safety normsmeter accuracy found within limit at the time of testing,No Action Needed,,,,,,,,,
Meter tested as per safety normsmeter accuracy found within limit at the time of testing,No Action Needed,,,,,,,,,
meter tested as per safety norms oftpddlaccuracy found within limitatatime oftesting,No Action Needed,,,,,,,,,
Meter tested as per all safety norms All display parameter found OK at the time of meter testing,No Action Needed,,,,,,,,,
meter tested as per safety norms meter accuracy found within limit at the time of testing,No Action Needed,,,,,,,,,
meter tested as per safety norms oftpddlaccuracy found within limitatatime oftesting,No Action Needed,,,,,,,,,
meter tested as per safety norms oftpddlaccuracy found within limitatatime oftesting,No Action Needed,,,,,,,,,
meter tested as per safety norms,No Action Needed,,,,,,,,,
meter tested as per safety norms,No Action Needed,,,,,,,,,
meter tested as per safety norms and meter found already changed with New meter no,No Action Needed,,,,,,,,,
Meter tested as per all safety norms All display parameter found OK at the time of meter testing,No Action Needed,,,,,,,,,
Meter Tested As Per Safety Norms And Accuracy Found Within Limit At the Time Of Testing,No Action Needed,,,,,,,,,
meter tested as per safety norms oftpddlaccuracy found within limitatatime oftesting,No Action Needed,,,,,,,,,
meter tested as per safety norms oftpddlaccuracy found within limitatatime oftesting,No Action Needed,,,,,,,,,
meter tested as per safety norms oftpddlaccuracy found within limitatatime oftesting,No Action Needed,,,,,,,,,
Meter tested as per safety norms meter accuracy found within limit at the time of testing,No Action Needed,,,,,,,,,
Meter tested as per all safety norms All display parameter found OK at the time of meter testing,No Action Needed,,,,,,,,,
Meter Tested As Per Safety Norms And Accuracy Found Within Limit At the Time Of Testing,No Action Needed,,,,,,,,,
Meter tested as per safety normsmeter accuracy found within limit at the time of testing,No Action Needed,,,,,,,,,
Meter tested as per all safety norms All display parameter found OK at the time of meter testing Contacted Person Suman,No Action Needed,,,,,,,,,
meter tested as per safety norms oftpddlaccuracy found within limitatatime oftesting,No Action Needed,,,,,,,,,
meter tested as per safety norms oftpddlaccuracy found within limitatatime oftesting,No Action Needed,,,,,,,,,
Meter tested as per safety normsmeter accuracy found within limit at the time of testing,No Action Needed,,,,,,,,,
Meter tested as per safety normsmeter accuracy found within limit at the time of testing,No Action Needed,,,,,,,,,
Meter tested as per all safety norms All display parameter found OK at the time of meter testing,No Action Needed,,,,,,,,,
Meter tested as per all safety norms All display parameter found OK at the time of meter testing,No Action Needed,,,,,,,,,
Meter tested as per all safety norms All display parameter found OK at the time of meter testing,No Action Needed,,,,,,,,,
meter tested as per safety norms Meter accuracy found within limit at the time of testing,No Action Needed,,,,,,,,,
Meter tested as per safety norms meter accuracy found within limit at the time of testing,No Action Needed,,,,,,,,,
meter tested as per safety norms oftpddlaccuracy found within limitatatime oftesting,No Action Needed,,,,,,,,,
Meter tested as per safety normsmeter accuracy found within limit at the time of testing,No Action Needed,,,,,,,,,
Meter tested as per safety normsmeter accuracy found within limit at the time of testing,No Action Needed,,,,,,,,,
meter tested as per safety norms oftpddlaccuracy found within limitatatime oftesting,No Action Needed,,,,,,,,,
Meter tested as per all safety normsmeter accuracy found within limit at the time of testing,No Action Needed,,,,,,,,,
meter tested as per safety norms oftpddlaccuracy found within limitatatime oftesting,No Action Needed,,,,,,,,,
meter tested as per safety norms oftpddlaccuracy found within limitatatime oftesting,No Action Needed,,,,,,,,,
meter tested as per safety norms oftpddlaccuracy found within limitatatime oftesting,No Action Needed,,,,,,,,,
meter tested as per safety norms oftpddlaccuracy found within limitatatime oftesting,No Action Needed,,,,,,,,,
meter tested as per safety norms oftpddlaccuracy found within limitatatime oftesting,No Action Needed,,,,,,,,,
meter tested as per safety norms oftpddlaccuracy found within limitatatime oftesting,No Action Needed,,,,,,,,,
Meter tested as per all safety norms All display parameter found OK at the time of meter testing,No Action Needed,,,,,,,,,
meter tested as per safety norms Meter accuracy found within limit at the time of testing,No Action Needed,,,,,,,,,
Meter tested as per all safety norms All display parameter found OK at the time of meter testing,No Action Needed,,,,,,,,,
Meter tested as per all safety normsmeter accuracy found within limit at the time of testing,No Action Needed,,,,,,,,,
Meter tested as per all safety norms All display parameter found OK at the time of meter testing,No Action Needed,,,,,,,,,
Meter tested as per all safety norms All display parameter found OK at the time of meter testing,No Action Needed,,,,,,,,,
meter tested as per safety norms oftpddlaccuracy found within limitatatime oftesting,No Action Needed,,,,,,,,,
Meter tested as per safty norms meter accuracy found within limit at the time of testing,No Action Needed,,,,,,,,,
meter tested as per safety norms oftpddlaccuracy found within limitatatime oftesting,No Action Needed,,,,,,,,,
Meter tested as per all safety norms All display parameter found OK at the time of meter testing,No Action Needed,,,,,,,,,
meter tested as per safety norms,No Action Needed,,,,,,,,,
meter tested as per safety norms oftpddlaccuracy found within limitatatime oftesting,No Action Needed,,,,,,,,,
meter tested as per safety norms oftpddlaccuracy found within limitatatime oftesting,No Action Needed,,,,,,,,,
Meter tested as per safety normsmeter accuracy found within limit at the time of testing,No Action Needed,,,,,,,,,
meter tested as per safety norms oftpddlaccuracy found within limitatatime oftesting,No Action Needed,,,,,,,,,
meter tested as per safety norms oftpddlaccuracy found within limitatatime oftesting,No Action Needed,,,,,,,,,
meter tested as per safety norms oftpddlaccuracy found within limitatatime oftesting,No Action Needed,,,,,,,,,
meter tested as per safety norms,No Action Needed,,,,,,,,,
Meter tested as per all safety normsmeter accuracy found within limit at the time of testing,No Action Needed,,,,,,,,,
Meter tested as per safety normsmeter accuracy found within limit at the time of testing,No Action Needed,,,,,,,,,
meter tested as per safety norms,No Action Needed,,,,,,,,,
Meter Tested As Per Safety Norms And Accuracy Found Within Limit At the Time Of Testing,No Action Needed,,,,,,,,,
meter tested as per safety norms oftpddlaccuracy found within limitatatime oftesting,No Action Needed,,,,,,,,,
Meter tested as per safety norms meter accuracy found within limit at the time of testing,No Action Needed,,,,,,,,,
Meter tested as per all safety norms All display parameter found OK at the time of meter testing,No Action Needed,,,,,,,,,
Meter tested as per safety normsmeter accuracy found within limit at the time of testing,No Action Needed,,,,,,,,,
Meter Tested As Per Safety Norms And Accuracy Found Within Limit At the Time Of Testing,No Action Needed,,,,,,,,,
Meter tested as per all safety norms All display parameter found OK at the time of meter testing,No Action Needed,,,,,,,,,
Meter Tested As per Safety noms Meter Accuracy within limit At the time of testing,No Action Needed,,,,,,,,,
Meter tested as per all safety norms All display parameter found OK at the time of meter testing,No Action Needed,,,,,,,,,
Meter tested as per all safety norms All display parameter found OK at the time of meter testing,No Action Needed,,,,,,,,,
meter tested as per safety norms oftpddlaccuracy found within limitatatime oftesting,No Action Needed,,,,,,,,,
Meter tested as per safety norms meter accuracy found within limit at the time of testing consumer refused to sign,No Action Needed,,,,,,,,,
Meter Tested As per Safety noms Meter Accuracy within limit At the time of testing,No Action Needed,,,,,,,,,
Meter tested as per safety norms meter accuracy found within limit at the time of testing consumer refused to sign,No Action Needed,,,,,,,,,
Meter tested as per safety normsmeter accuracy found within limit at the time of testing,No Action Needed,,,,,,,,,
Meter Tested As Per Safety Norms And Accuracy Found Within Limit At the Time Of Testing,No Action Needed,,,,,,,,,
meter tested as per safety norms oftpddlaccuracy found within limitatatime oftesting,No Action Needed,,,,,,,,,
Meter tested as per safety norms meter accuracy found within limit at the time of testing,No Action Needed,,,,,,,,,
Meter tested as per all safety norms All display parameter found OK at the time of meter testing,No Action Needed,,,,,,,,,
Meter tested as per all safety norms All display parameter found OK at the time of meter testing,No Action Needed,,,,,,,,,
Meter tested as per safety norms meter accuracy found within limit at the time of testing,No Action Needed,,,,,,,,,
Meter Tested As Per Safety Norms And Accuracy Found Within Limit At the Time Of Testing,No Action Needed,,,,,,,,,
Meter tested as per all safety normsmeter accuracy found within limit at the time of testing,No Action Needed,,,,,,,,,
Meter tested as per safety norms meter accuracy found within limit at the time of testing,No Action Needed,,,,,,,,,
meter tested as per safety norms,No Action Needed,,,,,,,,,
meter tested as per safety norms oftpddlaccuracy found within limitatatime oftesting,No Action Needed,,,,,,,,,
Meter tested as per all safety normsAll display parameters found OK at the time of meter testing,No Action Needed,,,,,,,,,
meter tested as per safety norms oftpddlaccuracy found within limitatatime oftesting,No Action Needed,,,,,,,,,
Meter tested as per all safety norms All display parameter found OK at the time of meter testing,No Action Needed,,,,,,,,,
meter tested as per safety norms,No Action Needed,,,,,,,,,
Meter tested as per safety normsmeter accuracy found within limit at the time of testing,No Action Needed,,,,,,,,,
meter tested as per safety norms oftpddlaccuracy found within limitatatime oftesting,No Action Needed,,,,,,,,,
Meter tested as per safety norms meter accuracy found within limit at the time of testing meter not in use all elements are working,No Action Needed,,,,,,,,,
meter tested as per safety norms oftpddlaccuracy found within limitatatime oftesting,No Action Needed,,,,,,,,,
meter tested as per safety norms oftpddlaccuracy found within limitatatime oftesting,No Action Needed,,,,,,,,,
meter tested as per safety norms oftpddlaccuracy found within limitatatime oftesting,No Action Needed,,,,,,,,,
Meter tested as per all safety normsmeter accuracy found within limit at the time of testing,No Action Needed,,,,,,,,,
Meter tested as per safety norms meter accuracy found within limit at the time of testing,No Action Needed,,,,,,,,,
Meter tested as per safety norms,No Action Needed,,,,,,,,,
Meter tested as per safety norms meter accuracy found within limit at the time of testing,No Action Needed,,,,,,,,,
Meter tested as per all safety norms All display parameter found OK at the time of meter testing,No Action Needed,,,,,,,,,
Meter tested as per safety norms meter accuracy found within limit at the time of testing,No Action Needed,,,,,,,,,
Meter tested as per safety norms,No Action Needed,,,,,,,,,
meter tested as per safety norms oftpddlaccuracy found within limitatatime oftesting,No Action Needed,,,,,,,,,
meter tested as per safety norms oftpddlaccuracy found within limitatatime oftesting,No Action Needed,,,,,,,,,
meter tested as per safety norms oftpddlaccuracy found within limitatatime oftesting,No Action Needed,,,,,,,,,
Meter tested as per all safety normsAll display parameters found OK at the time of meter testing,No Action Needed,,,,,,,,,
Meter tested as per safety normsmeter accuracy found within limit at the time of testing,No Action Needed,,,,,,,,,
meter tested as per safty norms meter accuracy found within limit at the time of testing,No Action Needed,,,,,,,,,
Meter tested as per safety norms,No Action Needed,,,,,,,,,
Meter tested as per safety norms,No Action Needed,,,,,,,,,
meter tested as per safety norms oftpddlaccuracy found within limitatatime oftesting,No Action Needed,,,,,,,,,
meter tested as per safety norms oftpddlaccuracy found within limitatatime oftesting,No Action Needed,,,,,,,,,
Meter tested as per safety norms meter accuracy found within limit at the time of testing,No Action Needed,,,,,,,,,
Meter tested as per safety normsmeter accuracy found within limit at the time of testing,No Action Needed,,,,,,,,,
meter tested as per safety norms,No Action Needed,,,,,,,,,
Meter tested as per all safety normsAll display parameters found OK at the time of meter testing,No Action Needed,,,,,,,,,
meter tested as per safety norms oftpddlaccuracy found within limitatatime oftesting,No Action Needed,,,,,,,,,
meter tested as per safety norms oftpddlaccuracy found within limitatatime oftesting,No Action Needed,,,,,,,,,
meter tested as per safety norms oftpddlaccuracy found within limitatatime oftesting,No Action Needed,,,,,,,,,
Meter tested as per all safety normsAll display parameters found OK at the time of meter testing,No Action Needed,,,,,,,,,
meter tested as per safety norms oftpddlaccuracy found within limitatatime oftesting,No Action Needed,,,,,,,,,
meter tested as per safety norms,No Action Needed,,,,,,,,,
meter tested as per safety norms oftpddlaccuracy found within limitatatime oftesting,No Action Needed,,,,,,,,,
meter tested as per safety norms oftpddlaccuracy found within limitatatime oftesting,No Action Needed,,,,,,,,,
meter tested as per safety norms oftpddlaccuracy found within limitatatime oftesting,No Action Needed,,,,,,,,,
Meter tested as per safety normsmeter accuracy found within limit at the time of testing,No Action Needed,,,,,,,,,
Meter tested as per safety normsmeter accuracy found within limit at the time of testing,No Action Needed,,,,,,,,,
Meter tested as per safety norms meter accuracy found within limit at the time of testing,No Action Needed,,,,,,,,,
Meter tested as per all safety norms All display parameter found OK at the time of meter testing,No Action Needed,,,,,,,,,
meter tested as per safety norms oftpddlaccuracy found within limitatatime oftesting,No Action Needed,,,,,,,,,
meter tested as per safety norms oftpddlaccuracy found within limitatatime oftesting,No Action Needed,,,,,,,,,
Meter tested as per safety normsmeter accuracy found within limit at the time of testing,No Action Needed,,,,,,,,,
meter tested as per safty norms meter accuracy found within limit at the time of testing,No Action Needed,,,,,,,,,
Meter tested as per all safety normsmeter accuracy found within limit at the time of testing,No Action Needed,,,,,,,,,
Meter tested as per safety norms meter accuracy found within limit at the time of testing,No Action Needed,,,,,,,,,
meter tested as per safety norms oftpddlaccuracy found within limitatatime oftesting,No Action Needed,,,,,,,,,
meter tested as per safety norms,No Action Needed,,,,,,,,,
Meter tested as per safety norms meter accuracy found within limit at the time of testing,No Action Needed,,,,,,,,,
Meter tested as per all safety normsmeter accuracy found within limit at the time of testing,No Action Needed,,,,,,,,,
Meter tested as per all safety normsmeter accuracy found within limit at the time of testing,No Action Needed,,,,,,,,,
Meter tested as per all safety normsmeter accuracy found within limit at the time of testing,No Action Needed,,,,,,,,,
meter tested as per safety norms oftpddlaccuracy found within limitatatime oftesting,No Action Needed,,,,,,,,,
Meter tested as per safety normsmeter accuracy found within limit at the time of testing,No Action Needed,,,,,,,,,
Meter Tested As Per Safety Norms And Accuracy Found Within Limit At the Time Of Testing,No Action Needed,,,,,,,,,
Meter tested as per safety normsmeter accuracy found within limit at the time of testing,No Action Needed,,,,,,,,,
Meter tested as per safety normsmeter accuracy found within limit at the time of testing,No Action Needed,,,,,,,,,
Meter tested as per all safety norms All display parameter found OK at the time of meter testing,No Action Needed,,,,,,,,,
Meter tested as per safety normsmeter accuracy found within limit at the time of testing,No Action Needed,,,,,,,,,
meter tested as per safety norms,No Action Needed,,,,,,,,,
Meter Tested As Per Safety Norms And Accuracy Found Within Limit At the Time Of Testing,No Action Needed,,,,,,,,,
Meter tested as per safety norms meter accuracy found within limit at the time of testing,No Action Needed,,,,,,,,,
Meter Tested As Per Safety Norms And Accuracy Found Within Limit At the Time Of Testing,No Action Needed,,,,,,,,,
Meter tested as per safety normsmeter accuracy found within limit at the time of testing,No Action Needed,,,,,,,,,
meter tested as per safety norms oftpddlaccuracy found within limitatatime oftesting,No Action Needed,,,,,,,,,
meter tested as per safety norms,No Action Needed,,,,,,,,,
meter tested as per safety norms oftpddlaccuracy found within limitatatime oftesting,No Action Needed,,,,,,,,,
meter tested as per safety norms,No Action Needed,,,,,,,,,
Meter tested as per all safety normsmeter accuracy found within limit at the time of testing,No Action Needed,,,,,,,,,
meter tested as per safety norms And meter box seals remove due to reading not visible Removed seals no PTOPTO and Installed seals no AAAA Two seals only New seals no not installed in FFA Discuss with back office TL sh Prakash Jina,No Action Needed,,,,,,,,,
Meter tested as per safety norms,No Action Needed,,,,,,,,,
meter tested as per safety norms oftpddlaccuracy found within limitatatime oftesting,No Action Needed,,,,,,,,,
Meter tested as per all safety norms All display parameters found OK at the time of meter testing,No Action Needed,,,,,,,,,
Meter tested as per all safety normsmeter accuracy found within limit at the time of testing,No Action Needed,,,,,,,,,
Mechanical meter found at site accuracy of meter is within the limit but the meter needs to be replaced under mass meter category as meter is of Class,No Action Needed,,,,,,,,,
Meter tested as per all safety normsmeter accuracy found within limit at the time of testing,No Action Needed,,,,,,,,,
Meter tested as per all safety normsmeter accuracy found within limit at the time of Paper seal pasted on meter,No Action Needed,,,,,,,,,
Meter tested as per all safety normsmeter accuracy found within limit at the time of testing,No Action Needed,,,,,,,,,
Meter tested as per all safety normsmeter accuracy found within limit at the time of testing,No Action Needed,,,,,,,,,
Meter tested as per all safety normsAll display parameters found OK at the time of meter testing,No Action Needed,,,,,,,,,
Meter tested as per all safety normsmeter accuracy found within limit at the time of testing,No Action Needed,,,,,,,,,
Meter tested as per all safety normsmeter accuracy found within limit at the time of testing,No Action Needed,,,,,,,,,
Meter tested as per all safety norms All display parameter found OK at the time of meter testing,No Action Needed,,,,,,,,,
Meter tested as per all safety norms All display parameter found OK at the time of meter testing,No Action Needed,,,,,,,,,
meter tested as per safety norms oftpddlaccuracy found within limitatatime oftesting,No Action Needed,,,,,,,,,
meter tested as per safety norms oftpddlaccuracy found within limitatatime oftesting,No Action Needed,,,,,,,,,
Meter tested as per all safety normsmeter accuracy found within limit at the time of testing,No Action Needed,,,,,,,,,
Meter tested as per all safety normsmeter accuracy found within limit at the time of testing,No Action Needed,,,,,,,,,
Meter tested as per all safety normsmeter accuracy found within limit at the time of testing,No Action Needed,,,,,,,,,
Meter tested as per all safety normsmeter accuracy found within limit at the time of testing,No Action Needed,,,,,,,,,
Meter tested as per all safety normsmeter accuracy found within limit at the time of testing,No Action Needed,,,,,,,,,
Meter tested as per all safety normsmeter accuracy found within limit at the time of testing,No Action Needed,,,,,,,,,
Meter tested as per all safety normsmeter accuracy found within limit at the time of testing,No Action Needed,,,,,,,,,
Meter tested as per all safety normsmeter accuracy found within limit at the time of testing,No Action Needed,,,,,,,,,
Meter tested as per all safety normsAll display parameters found OK at the time of meter testing,No Action Needed,,,,,,,,,
Meter tested as per safety normsmeter accuracy found within limit at the time of testing,No Action Needed,,,,,,,,,
Meter tested as per all safety norms All display parameter found OK at the time of meter testing,No Action Needed,,,,,,,,,
Meter tested as per all safety normsmeter accuracy found within limit at the time of testing,No Action Needed,,,,,,,,,
meter tested as per safety norms oftpddlaccuracy found within limitatatime oftesting,No Action Needed,,,,,,,,,
Meter Tested As Per Safety Norms And Accuracy Found Within Limit At the Time Of Testing,No Action Needed,,,,,,,,,
meter tested as per safety norms oftpddlaccuracy found within limitatatime oftesting,No Action Needed,,,,,,,,,
meter tested as per safety norms oftpddlaccuracy found within limitatatime oftesting,No Action Needed,,,,,,,,,
meter tested as per safety norms oftpddlaccuracy found within limitatatime oftesting,No Action Needed,,,,,,,,,
Meter tested as per safety norms meter accuracy found within limit at the time of testing,No Action Needed,,,,,,,,,
meter tested as per safety norms oftpddlaccuracy found within limitatatime oftesting,No Action Needed,,,,,,,,,
Meter tested as per safty norms meter accuracy found within limit at the time of testing,No Action Needed,,,,,,,,,
Meter tested as per safety norms,No Action Needed,,,,,,,,,
Meter tested as per safety norms meter accuracy found within limit at the time of testing,No Action Needed,,,,,,,,,
Meter tested as per all safety normsAll display parameters found OK at the time of meter testing,No Action Needed,,,,,,,,,
Meter tested as per safty norms meter accuracy found within limit at the time of testing,No Action Needed,,,,,,,,,
meter tested as per safety norms oftpddlaccuracy found within limitatatime oftesting,No Action Needed,,,,,,,,,
Meter tested as per all safety normsmeter accuracy found within limit at the time of testing,No Action Needed,,,,,,,,,
meter tested as per safety norms,No Action Needed,,,,,,,,,
Meter tested as per all safety normsmeter accuracy found within limit at the time of testing,No Action Needed,,,,,,,,,
Meter tested as per all safety norms All display parameter found OK at the time of meter testing,No Action Needed,,,,,,,,,
Meter tested as per safety norms meter accuracy found within limit at the time of testing,No Action Needed,,,,,,,,,
Meter tested as per safety norms,No Action Needed,,,,,,,,,
Meter tested as per all safety normsAll display parameters found OK at the time of meter testing,No Action Needed,,,,,,,,,
Meter tested as per all safety normsmeter accuracy found within limit at the time of testing,No Action Needed,,,,,,,,,
Meter tested as per safety normsmeter accuracy found within limit at the time of testing,No Action Needed,,,,,,,,,
Meter tested as per safety norms meter accuracy found within limit at the time of testing,No Action Needed,,,,,,,,,
Meter tested as per safety norms meter accuracy found within limit at the time of testing meter not in use all elements are working,No Action Needed,,,,,,,,,
Meter tested as per all safety norms All display parameter found OK at the time of meter testing,No Action Needed,,,,,,,,,
meter tested as per safety norms oftpddlaccuracy found within limitatatime oftesting,No Action Needed,,,,,,,,,
Meter tested as per safety norms meter accuracy found within limit at the time of testing,No Action Needed,,,,,,,,,
Meter tested as per safety normsmeter accuracy found within limit at the time of testing,No Action Needed,,,,,,,,,
meter tested as per safety norms oftpddlaccuracy found within limitatatime oftesting,No Action Needed,,,,,,,,,
Meter tested as per all safety normsmeter accuracy found within limit at the time of testing,No Action Needed,,,,,,,,,
Meter tested as per all safety normsmeter accuracy found within limit at the time of testing,No Action Needed,,,,,,,,,
Meter tested as per safety norms meter accuracy found within limit at the time of testing,No Action Needed,,,,,,,,,
Meter tested as per safety norms meter accuracy found within limit at the time of testing,No Action Needed,,,,,,,,,
Meter tested as per safety normsmeter accuracy found within limit at the time of testing,No Action Needed,,,,,,,,,
meter tested as per safety norms,No Action Needed,,,,,,,,,
meter tested as per safety norms oftpddlaccuracy found within limitatatime oftesting,No Action Needed,,,,,,,,,
Meter tested as per all safety norms All display parameter found OK at the time of meter testing,No Action Needed,,,,,,,,,
Meter tested as per all safety norms All display parameter found OK at the time of meter testing,No Action Needed,,,,,,,,,
Meter tested as per safety normsmeter accuracy found within limit at the time of testing,No Action Needed,,,,,,,,,
meter accuracy found with in limit at the time of testing,No Action Needed,,,,,,,,,
Meter tested as per all safety norms All display parameter found OK at the time of meter testing,No Action Needed,,,,,,,,,
Meter tested as per safety norms meter accuracy found within limit at the time of testing,No Action Needed,,,,,,,,,
meter tested as per safety norms oftpddlaccuracy found within limitatatime oftesting,No Action Needed,,,,,,,,,
Meter tested as per all safety normsmeter accuracy found within limit at the time of testing,No Action Needed,,,,,,,,,
Meter Tested As Per Safety Norms And Accuracy Found Within Limit At the Time Of Testing,No Action Needed,,,,,,,,,
meter tested as per safety norms oftpddlaccuracy found within limitatatime oftesting,No Action Needed,,,,,,,,,
meter tested as per safety norms meter accuracy found within limit at the time of testing,No Action Needed,,,,,,,,,
Meter tested as per all safety norms All display parameters found OK at the time of meter testing,No Action Needed,,,,,,,,,
Meter tested as per safety norms meter accuracy found within limit at the time of testing,No Action Needed,,,,,,,,,
Meter tested as per all safety normsmeter accuracy found within limit at the time of testing,No Action Needed,,,,,,,,,
meter tested as per safety norms oftpddlaccuracy found within limitatatime oftesting,No Action Needed,,,,,,,,,
The incoming phase of the terminal meter is found melted therefore the same is suspected for theft hence the same is being referred to CEG for further analysis,No Action Needed,,,,,,,,,
Meter Tested As Per Safety Norms And Accuracy Found Within Limit At the Time Of Testing,No Action Needed,,,,,,,,,
Meter tested as per safety normsmeter accuracy found within limit at the time of testing,No Action Needed,,,,,,,,,
meter tested as per safety norms oftpddlaccuracy found within limitatatime oftesting,No Action Needed,,,,,,,,,
Meter tested as per all safety normsmeter accuracy found within limit at the time of testing,No Action Needed,,,,,,,,,
meter tested as per safety norms oftpddlaccuracy found within limitatatime oftesting,No Action Needed,,,,,,,,,
meter tested as per safety norms oftpddlaccuracy found within limitatatime oftesting,No Action Needed,,,,,,,,,
Meter tested as per all safety normsAll display parameters found OK at the time of meter testing,No Action Needed,,,,,,,,,
Meter tested as per all safety norms All display parameter found OK at the time of meter testing,No Action Needed,,,,,,,,,
meter tested as per safety norms oftpddlaccuracy found within limitatatime oftesting,No Action Needed,,,,,,,,,
Meter tested as per safety normsmeter accuracy found within limit at the time of testing,No Action Needed,,,,,,,,,
Meter tested as per safety norms meter accuracy found within limit at the time of testing,No Action Needed,,,,,,,,,
Meter tested as per safety norms meter accuracy found within limit at the time of testing,No Action Needed,,,,,,,,,
Meter Tested As per Safety noms Meter Accuracy within limit At the time of testing,No Action Needed,,,,,,,,,
meter tested ss per safely norms,No Action Needed,,,,,,,,,
meter tested as per safety norms,No Action Needed,,,,,,,,,
meter tested as per safety norms oftpddlaccuracy found within limitatatime oftesting,No Action Needed,,,,,,,,,
Meter tested as per safety normsmeter accuracy found within limit at the time of testing,No Action Needed,,,,,,,,,
Meter tested as per safety norms meter accuracy found within limit at the time of testing,No Action Needed,,,,,,,,,
Meter tested as per all safety norms All display parameter found OK at the time of meter testingMeter Box found damaged rectification required for the same photograph has been attached,No Action Needed,,,,,,,,,
meter tested as per safety norms oftpddlaccuracy found within limitatatime oftesting,No Action Needed,,,,,,,,,
Meter tested as per all safety normsmeter accuracy found within limit at the time of testing,No Action Needed,,,,,,,,,
meter tested as per safety norms oftpddlaccuracy found within limitatatime oftesting consumer not able to signature,No Action Needed,,,,,,,,,
meter tested as per safety norms oftpddlaccuracy found within limitatatime oftesting,No Action Needed,,,,,,,,,
Meter tested as per all safety normsmeter accuracy found within limit at the time of testing,No Action Needed,,,,,,,,,
Meter tested as per all safety norms All display parameter found OK at the time of meter testing,No Action Needed,,,,,,,,,
Meter tested as per all safety norms All display parameter found OK at the time of meter testing,No Action Needed,,,,,,,,,
Meter tested as per all safety normsmeter accuracy found within limit at the time of testing,No Action Needed,,,,,,,,,
Meter tested as per safety normsmeter accuracy found within limit at the time of testing,No Action Needed,,,,,,,,,
Meter Tested As per Safety noms Meter Accuracy within limit At the time of testing,No Action Needed,,,,,,,,,
Meter tested as per safety norms meter accuracy found within limit at the time of testing,No Action Needed,,,,,,,,,
Meter Tested As per Safety noms Meter Accuracy within limit At the time of testing,No Action Needed,,,,,,,,,
Meter Tested As per Safety noms Meter Accuracy within limit At the time of testing,No Action Needed,,,,,,,,,
Meter tested as per safety norms meter accuracy found within limit at the time of testing,No Action Needed,,,,,,,,,
meter tested as per safety norms oftpddlaccuracy found within limitatatime oftesting,No Action Needed,,,,,,,,,
Meter Tested As per Safety noms Meter Accuracy within limit At the time of testing,No Action Needed,,,,,,,,,
Meter Tested As per Safety noms Meter Accuracy within limit At the time of testing,No Action Needed,,,,,,,,,
Meter tested as per all safety norms All display parameter found OK at the time of meter testing,No Action Needed,,,,,,,,,
Meter tested as per safety normsmeter accuracy found within limit at the time of testing,No Action Needed,,,,,,,,,
Meter tested as per safety norms meter accuracy found within limit at the time of testing,No Action Needed,,,,,,,,,
Meter tested as per all safety norms All display parameter found OK at the time of meter testing Only one phase is in use meter not in use checked for one phase only,No Action Needed,,,,,,,,,
Meter tested as per all safety normsmeter accuracy found within limit at the time of testing,No Action Needed,,,,,,,,,
meter tested as per safety norms meter accuracy found within limit at the time of testing,No Action Needed,,,,,,,,,
Meter Tested As per Safety noms Meter Accuracy within limit At the time of testing,No Action Needed,,,,,,,,,
Meter Tested As per Safety noms Meter Accuracy within limit At the time of testing,No Action Needed,,,,,,,,,
meter tested as per safty norms meter accuracy found within limit at the time of testing,No Action Needed,,,,,,,,,
Meter Tested As per Safety noms Meter Accuracy within limit At the time of testing,No Action Needed,,,,,,,,,
Meter tested as per all safety norms All display parameter found OK at the time of meter testing,No Action Needed,,,,,,,,,
Meter tested as per safety norms,No Action Needed,,,,,,,,,
Meter tested as per safety normsmeter accuracy found within limit at the time of testing,No Action Needed,,,,,,,,,
Meter tested as per all safety norms All display parameter found OK at the time of meter testing,No Action Needed,,,,,,,,,
meter tested as per safety norms oftpddlaccuracy found within limitatatime oftesting,No Action Needed,,,,,,,,,
meter tested as per safety norms oftpddlaccuracy found within limitatatime oftesting,No Action Needed,,,,,,,,,
Meter tested as per all safety norms All display parameter found OK at the time of meter testing,No Action Needed,,,,,,,,,
meter tested as per safety norms,No Action Needed,,,,,,,,,
meter tested as per safty norms meter accuracy found within limit at the time of testing,No Action Needed,,,,,,,,,
meter tested as per safety norms oftpddlaccuracy found within limitatatime oftesting,No Action Needed,,,,,,,,,
meter tested as per safety norms oftpddlaccuracy found within limitatatime oftesting,No Action Needed,,,,,,,,,
meter tested as per safety norms,No Action Needed,,,,,,,,,
meter tested as per safety norms meter accuracy found within limit at the time of testing,No Action Needed,,,,,,,,,
meter tested as per safety norms oftpddlaccuracy found within limitatatime oftesting,No Action Needed,,,,,,,,,
Meter tested as per safety norms meter accuracy found within limit at the time of testing,No Action Needed,,,,,,,,,
meter tested as per safety norms oftpddlaccuracy found within limitatatime oftesting,No Action Needed,,,,,,,,,
meter tested as per safety norms oftpddlaccuracy found within limitatatime oftesting,No Action Needed,,,,,,,,,
meter tested as per safety norms on external load and Enforcement IR no Date Pasted on meter box Discuss with back office TL,No Action Needed,,,,,,,,,
Meter tested as per all safety norms All display parameter found OK at the time of meter testing,No Action Needed,,,,,,,,,
Meter tested as per all safety normsmeter accuracy found within limit at the time of testing,No Action Needed,,,,,,,,,
Meter Tested As Per Safety Norms And Accuracy Found Within Limit At the Time Of Testing,No Action Needed,,,,,,,,,
meter tested as per safety norms oftpddlaccuracy found within limitatatime oftesting,No Action Needed,,,,,,,,,
Meter tested as per safety norms meter accuracy found within limit at the time of testing,No Action Needed,,,,,,,,,
Meter tested as per all safety normsmeter accuracy found within limit at the time of testing,No Action Needed,,,,,,,,,
Meter tested as per all safety norms All display parameter found OK at the time of meter testing,No Action Needed,,,,,,,,,
Meter Tested As Per Safety Norms And Accuracy Found Within Limit At the Time Of Testing,No Action Needed,,,,,,,,,
Meter tested as per safety norms meter accuracy found within limit at the time of testing,No Action Needed,,,,,,,,,
meter tested as per safety norms,No Action Needed,,,,,,,,,
meter tested as per safety norms oftpddlaccuracy found within limitatatime oftesting,No Action Needed,,,,,,,,,
Meter tested as per all safety norms All display parameter found OK at the time of meter testing,No Action Needed,,,,,,,,,
meter tested as per safety norms,No Action Needed,,,,,,,,,
meter tested as per safety norms,No Action Needed,,,,,,,,,
Meter Tested As Per Safety Norms And Accuracy Found Within Limit At the Time Of Testing,No Action Needed,,,,,,,,,
Meter tested as per all safety norms All display parameter found OK at the time of meter testing,No Action Needed,,,,,,,,,
Meter tested as per safety norms meter accuracy found within limit at the time of testing,No Action Needed,,,,,,,,,
Meter tested as per safety norms meter accuracy found within limit at the time of testing,No Action Needed,,,,,,,,,
Meter tested as per safety norms,No Action Needed,,,,,,,,,
Meter tested as per safety norms,No Action Needed,,,,,,,,,
Meter tested as per all safety norms All display parameter found OK at the time of meter testing,No Action Needed,,,,,,,,,
meter tested as per safety norms,No Action Needed,,,,,,,,,
Meter tested as per safety norms meter accuracy found within limit at the time of testing,No Action Needed,,,,,,,,,
Meter tested as per all safety norms All display parameter found OK at the time of meter testing,No Action Needed,,,,,,,,,
meter tested as per safety norms oftpddlaccuracy found within limitatatime oftesting,No Action Needed,,,,,,,,,
Meter tested as per safety norms meter accuracy found within limit at the time of testing,No Action Needed,,,,,,,,,
meter tested as per safety norms oftpddlaccuracy found within limitatatime oftesting,No Action Needed,,,,,,,,,
meter tested as per safety norms oftpddlaccuracy found within limitatatime oftesting,No Action Needed,,,,,,,,,
Meter tested as per all safety norms All display parameter found OK at the time of meter testing,No Action Needed,,,,,,,,,
meter tested as per safety norms oftpddlaccuracy found within limitatatime oftesting,No Action Needed,,,,,,,,,
meter tested as per safety norms oftpddlaccuracy found within limitatatime oftesting,No Action Needed,,,,,,,,,
Meter tested as per all safety norms All display parameter found OK at the time of meter testing,No Action Needed,,,,,,,,,
Meter tested as per safety norms,No Action Needed,,,,,,,,,
Meter tested as per all safety normsAll display parameters found OK at the time of meter testing,No Action Needed,,,,,,,,,
Meter tested as per all safety normsmeter accuracy found within limit at the time of testing,No Action Needed,,,,,,,,,
Meter tested as per all safety norms All display parameters found OK at the time of meter testing,No Action Needed,,,,,,,,,
Meter tested as per all safety norms All display parameters found OK at the time of meter testing,No Action Needed,,,,,,,,,
Meter tested as per all safety normsAll display parameters found OK at the time of meter testing,No Action Needed,,,,,,,,,
Meter tested as per all safety norms All display parameter found OK at the time of meter testing,No Action Needed,,,,,,,,,
Meter Tested As Per Safety Norms And Accuracy Found Within Limit At the Time Of Testing,No Action Needed,,,,,,,,,
Meter Tested As Per Safety Norms And Accuracy Found Within Limit At the Time Of Testing,No Action Needed,,,,,,,,,
Meter tested as per all safety norms All display parameter found OK at the time of meter testing,No Action Needed,,,,,,,,,
Meter tested as per all safety norms All display parameter found OK at the time of meter testing,No Action Needed,,,,,,,,,
meter tested as per safety norms,No Action Needed,,,,,,,,,
Meter tested as per all safety normsAll display parameters found OK at the time of meter testing,No Action Needed,,,,,,,,,
Meter tested as per safety normsmeter accuracy found within limit at the time of testing,No Action Needed,,,,,,,,,
meter tested as per safety norms oftpddlaccuracy found within limitatatime oftesting,No Action Needed,,,,,,,,,
Meter tested as per safety norms meter accuracy found within limit at the time of testing,No Action Needed,,,,,,,,,
Meter tested as per all safety normsmeter accuracy found within limit at the time of testing,No Action Needed,,,,,,,,,
Meter tested as per all safety normsAll display parameters found OK at the time of meter testing,No Action Needed,,,,,,,,,
Meter tested as per all safety normsAll display parameters found OK at the time of meter testing,No Action Needed,,,,,,,,,
Meter tested as per safety norms meter accuracy found within limit at the time of testing,No Action Needed,,,,,,,,,
Meter Tested As Per Safety Norms And Accuracy Found Within Limit At the Time Of Testing,No Action Needed,,,,,,,,,
Meter tested as per all safety norms All display parameter found OK at the time of meter testing,No Action Needed,,,,,,,,,
meter tested as per safety norms oftpddlaccuracy found within limitatatime oftesting,No Action Needed,,,,,,,,,
meter tested as per safety norms oftpddlaccuracy found within limitatatime oftesting,No Action Needed,,,,,,,,,
Meter tested as per all safety norms All display parameter found OK at the time of meter testing,No Action Needed,,,,,,,,,
meter tested as per safety norms oftpddlaccuracy found within limitatatime oftesting,No Action Needed,,,,,,,,,
Meter tested as per safety norms meter accuracy found within limit at the time of testing,No Action Needed,,,,,,,,,
meter tested as per safety norms oftpddlaccuracy found within limitatatime oftesting,No Action Needed,,,,,,,,,
meter tested as per safety norms oftpddlaccuracy found within limitatatime oftesting,No Action Needed,,,,,,,,,
Meter Tested As Per Safety Norms And Accuracy Found Within Limit At the Time Of Testing,No Action Needed,,,,,,,,,
Meter tested as per all safety norms All display parameter found OK at the time of meter testing,No Action Needed,,,,,,,,,
Meter tested as per safty norms meter accuracy found within limit at the time of testing,No Action Needed,,,,,,,,,
meter tested as per safty norms meter accuracy found within limit at the time of testing,No Action Needed,,,,,,,,,
meter tested as per safety norms oftpddlaccuracy found within limitatatime oftesting,No Action Needed,,,,,,,,,
Meter tested as per all safety norms All display parameter found OK at the time of meter testing,No Action Needed,,,,,,,,,
Meter tested as per all safety normsmeter accuracy found within limit at the time of testing,No Action Needed,,,,,,,,,
Meter tested as per all safety normsmeter accuracy found within limit at the time of testing,No Action Needed,,,,,,,,,
Meter tested as per all safety normsmeter accuracy found within limit at the time of testing,No Action Needed,,,,,,,,,
Meter tested as per all safety norms All display parameters found OK at the time of meter testing,No Action Needed,,,,,,,,,
Meter tested as per all safety norms All display parameters found OK at the time of meter testing,No Action Needed,,,,,,,,,
Meter tested as per all safety norms All display parameter found OK at the time of meter testing,No Action Needed,,,,,,,,,
Meter tested as per safety norms meter accuracy found within limit at the time of testing,No Action Needed,,,,,,,,,
Meter tested as per all safety norms All display parameter found OK at the time of meter testing,No Action Needed,,,,,,,,,
Meter tested as per safety norms meter accuracy found within limit at the time of testing,No Action Needed,,,,,,,,,
Meter tested as per all safety norms All display parameter found OK at the time of meter testing,No Action Needed,,,,,,,,,
meter tested as per safety norms,No Action Needed,,,,,,,,,
Meter tested as per safety norms meter accuracy found within limit at the time of testing,No Action Needed,,,,,,,,,
Meter tested as per all safety norms All display parameter found OK at the time of meter testing,No Action Needed,,,,,,,,,
meter tested as per safety norms,No Action Needed,,,,,,,,,
Meter tested as per all safety norms All display parameter found OK at the time of meter testing,No Action Needed,,,,,,,,,
meter tested as per safety norms oftpddlaccuracy found within limitatatime oftesting,No Action Needed,,,,,,,,,
Meter tested as per all safety normsmeter accuracy found within limit at the time of testing,No Action Needed,,,,,,,,,
Meter tested as per all safety normsmeter accuracy found within limit at the time of testing,No Action Needed,,,,,,,,,
Meter tested as per all safety normsmeter accuracy found within limit at the time of testing,No Action Needed,,,,,,,,,
Meter tested as per all safety norms All display parameters found OK at the time of meter testing,No Action Needed,,,,,,,,,
Meter tested as per all safety normsAll display parameters found OK at the time of meter testing,No Action Needed,,,,,,,,,
Meter tested as per all safety norms All display parameters found OK at the time of meter testing,No Action Needed,,,,,,,,,
Meter tested as per all safety norms and accuracy found within limit at the time of testing,No Action Needed,,,,,,,,,
Meter tested as per all safety norms All display parameters found OK at the time of meter testing,No Action Needed,,,,,,,,,
Meter tested as per all safety norms and accuracy found within limit at the time of testing,No Action Needed,,,,,,,,,
Meter Tested As Per Safety Norms And Accuracy Found Within Limit At the Time Of Testing,No Action Needed,,,,,,,,,
Meter tested as per all safety norms All display parameter found OK at the time of meter testing,No Action Needed,,,,,,,,,
Meter tested as per all safety norms All display parameter found OK at the time of meter testing,No Action Needed,,,,,,,,,
meter tested as per safety norms oftpddlaccuracy found within limitatatime oftesting,No Action Needed,,,,,,,,,
meter tested as per safety norms,No Action Needed,,,,,,,,,
meter tested as per safety norms oftpddlaccuracy found within limitatatime oftesting,No Action Needed,,,,,,,,,
meter tested as per safety norms oftpddlaccuracy found within limitatatime oftesting,No Action Needed,,,,,,,,,
Meter tested as per safety norms meter accuracy found within limit at the time of testing,No Action Needed,,,,,,,,,
meter tested as per safety norms oftpddlaccuracy found within limitatatime oftesting,No Action Needed,,,,,,,,,
meter tested as per safety norms,No Action Needed,,,,,,,,,
meter tested as per safety norms oftpddlaccuracy found within limitatatime oftesting,No Action Needed,,,,,,,,,
Meter tested as per all safety norms All display parameter found OK at the time of meter testing,No Action Needed,,,,,,,,,
Meter tested as per all safety norms All display parameter found OK at the time of meter testing,No Action Needed,,,,,,,,,
Meter tested as per safety normsmeter accuracy found within limit at the time of testing,No Action Needed,,,,,,,,,
Meter Tested As Per Safety Norms And Accuracy Found Within Limit At the Time Of Testing,No Action Needed,,,,,,,,,
Meter tested as per all safety norms All display parameter found OK at the time of meter testing Only one phase is in use only,No Action Needed,,,,,,,,,
Meter Tested As Per Safety Norms And Accuracy Found Within Limit At the Time Of Testing,No Action Needed,,,,,,,,,
meter tested as per safety norms oftpddlaccuracy found within limitatatime oftesting,No Action Needed,,,,,,,,,
Meter tested as per all safety norms All display parameter found OK at the time of meter testing,No Action Needed,,,,,,,,,
Meter tested as per safety norms meter accuracy found within limit at the time of testing,No Action Needed,,,,,,,,,
Meter tested as per all safety norms All display parameter found OK at the time of meter testing,No Action Needed,,,,,,,,,
Meter tested as per safety normsmeter accuracy found within limit at the time of testing,No Action Needed,,,,,,,,,
Meter tested as per safety norms meter accuracy found within limit at the time of testing,No Action Needed,,,,,,,,,
Meter tested as per safety normsmeter accuracy found within limit at the time of testing,No Action Needed,,,,,,,,,
Meter tested as per safety normsmeter accuracy found within limit at the time of testing,No Action Needed,,,,,,,,,
meter tested as per safety norms oftpddlaccuracy found within limitatatime oftesting,No Action Needed,,,,,,,,,
Meter Tested As Per Safety Norms And Accuracy Found Within Limit At the Time Of Testing,No Action Needed,,,,,,,,,
meter tested as per safty norms meter accuracy found within limit at the time of testing,No Action Needed,,,,,,,,,
meter tested as per safty norms meter accuracy found within limit at the time of testing,No Action Needed,,,,,,,,,
Meter tested as per all safety normsmeter accuracy found within limit at the time of testing,No Action Needed,,,,,,,,,
Meter tested as per safety norms meter accuracy found within limit at the time of testing,No Action Needed,,,,,,,,,
meter tested as per safety norms,No Action Needed,,,,,,,,,
Meter tested as per safety norms meter accuracy found within limit at the time of testing,No Action Needed,,,,,,,,,
Meter tested as per all safety normsmeter accuracy found within limit at the time of testing,No Action Needed,,,,,,,,,
Meter tested as per all safety normsmeter accuracy found within limit at the time of testing,No Action Needed,,,,,,,,,
Meter tested as per safety norms meter accuracy found within limit at the time of testing,No Action Needed,,,,,,,,,
Meter tested as per safety norms meter accuracy found within limit at the time of testing,No Action Needed,,,,,,,,,
Meter tested as per all safety norms All display parameter found OK at the time of meter testing,No Action Needed,,,,,,,,,
meter tested as per safety norms oftpddlaccuracy found within limitatatime oftesting,No Action Needed,,,,,,,,,
Meter tested as per all safety normsmeter accuracy found within limit at the time of testing,No Action Needed,,,,,,,,,
meter tested as per safety norms oftpddlaccuracy found within limitatatime oftesting,No Action Needed,,,,,,,,,
Meter tested as per all safety norms All display parameter found OK at the time of meter testing,No Action Needed,,,,,,,,,
meter tested as per safety norms,No Action Needed,,,,,,,,,
Meter tested as per all safety normsmeter accuracy found within limit at the time of testing,No Action Needed,,,,,,,,,
meter accuracy found with in limit at the time of testing,No Action Needed,,,,,,,,,
Meter tested as per safety norms meter accuracy found within limit at the time of testing meter box found broken from front side so meter box needs to replacement required,No Action Needed,,,,,,,,,
Meter tested as per safety normsmeter accuracy found within limit at the time of testing,No Action Needed,,,,,,,,,
meter tested as per safety norms oftpddlaccuracy found within limitatatime oftesting,No Action Needed,,,,,,,,,
Meter tested as per safety normsmeter accuracy found within limit at the time of testing,No Action Needed,,,,,,,,,
Meter tested as per safety norms meter accuracy found within limit at the time of testing,No Action Needed,,,,,,,,,
meter tested as per safety norms,No Action Needed,,,,,,,,,
Meter tested as per all safety normsmeter accuracy found within limit at the time of testing,No Action Needed,,,,,,,,,
Meter Tested as per all safety norms All display parameters found OK at the time of meter testing,No Action Needed,,,,,,,,,
Meter Tested As Per Safety Norms And Accuracy Found Within Limit At the Time Of Testing,No Action Needed,,,,,,,,,
meter tested as per safety norms oftpddlaccuracy found within limitatatime oftesting,No Action Needed,,,,,,,,,
Meter tested as per all safety norms All display parameter found OK at the time of meter testing,No Action Needed,,,,,,,,,
Meter tested as per all safety norms All display parameter found OK at the time of meter testing,No Action Needed,,,,,,,,,
meter tested as per safety norms,No Action Needed,,,,,,,,,
Meter tested as per safety norms meter accuracy found within limit at the time of testing,No Action Needed,,,,,,,,,
Meter tested as per safty norms meter accuracy found within limit at the time of testing,No Action Needed,,,,,,,,,
Meter tested as per all safety norms All display parameter found OK at the time of meter testing,No Action Needed,,,,,,,,,
Meter tested as per all safety norms All display parameter found OK at the time of meter testing,No Action Needed,,,,,,,,,
Meter tested as per all safety norms All display parameter found OK at the time of meter testing,No Action Needed,,,,,,,,,
Meter tested as per safety norms meter accuracy found within limit at the time of testing,No Action Needed,,,,,,,,,
meter tested as per safety norms oftpddlaccuracy found within limitatatime oftesting,No Action Needed,,,,,,,,,
meter tested as per safety norms oftpddlaccuracy found within limitatatime oftesting,No Action Needed,,,,,,,,,
meter tested as per safety norms oftpddlaccuracy found within limitatatime oftesting,No Action Needed,,,,,,,,,
meter tested as per safety norms oftpddlaccuracy found within limitatatime oftesting,No Action Needed,,,,,,,,,
Meter tested as per safety norms meter accuracy found within limit at the time of testing,No Action Needed,,,,,,,,,
meter tested as per safety norms,No Action Needed,,,,,,,,,
Meter tested as per safety normsmeter accuracy found within limit at the time of testing,No Action Needed,,,,,,,,,
Meter tested as per all safety normsmeter accuracy found within limit at the time of testing,No Action Needed,,,,,,,,,
meter tested as per safety norms oftpddlaccuracy found within limitatatime oftesting,No Action Needed,,,,,,,,,
Meter Tested As Per Safety Norms And Accuracy Found Within Limit At the Time Of Testing,No Action Needed,,,,,,,,,
Meter tested as per all safety normsAll display parameters found OK at the time of meter testing,No Action Needed,,,,,,,,,
Meter tested as per all safety normsAll display parameters found OK at the time of meter testing,No Action Needed,,,,,,,,,
Meter tested as per all safety normsmeter accuracy found within limit at the time of testing,No Action Needed,,,,,,,,,
Meter tested as per all safety normsmeter accuracy found within limit at the time of testing,No Action Needed,,,,,,,,,
Meter tested as per all safety norms All display parameters found OK at the time of meter testing,No Action Needed,,,,,,,,,
Meter tested as per all safety normsmeter accuracy found within limit at the time of testing,No Action Needed,,,,,,,,,
Meter tested as per all safety normsmeter accuracy found within limit at the time of testing,No Action Needed,,,,,,,,,
meter tested as per safety norms oftpddlaccuracy found within limitatatime oftesting,No Action Needed,,,,,,,,,
Meter tested as per all safety norms All display parameter found OK at the time of meter testing,No Action Needed,,,,,,,,,
Meter tested as per all safety norms All display parameter found OK at the time of meter testing,No Action Needed,,,,,,,,,
Meter tested as per all safety normsAll display parameters found OK at the time of meter testing,No Action Needed,,,,,,,,,
Meter tested as per all safety norms All display parameter found OK at the time of meter testing,No Action Needed,,,,,,,,,
Meter tested as per all safety normsmeter accuracy found within limit at the time of testing,No Action Needed,,,,,,,,,
Meter tested as per all safety normsmeter accuracy found within limit at the time of testing,No Action Needed,,,,,,,,,
Meter tested as per safety norms meter accuracy found within limit at the time of testing,No Action Needed,,,,,,,,,
Meter tested as per all safety norms All display parameter found OK at the time of meter testing,No Action Needed,,,,,,,,,
Meter tested as per all safety norms All display parameter found OK at the time of meter testing,No Action Needed,,,,,,,,,
Meter Tested as per all safety norms All display parameters found OK at the time of meter testing,No Action Needed,,,,,,,,,
meter tested as per safety norms,No Action Needed,,,,,,,,,
Meter tested as per all safety normsmeter accuracy found within limit at the time of testing,No Action Needed,,,,,,,,,
Meter tested as per all safety normsmeter accuracy found within limit at the time of testing,No Action Needed,,,,,,,,,
Meter tested as per all safety normsmeter accuracy found within limit at the time of testing,No Action Needed,,,,,,,,,
Meter tested as per all safety normsAll display parameters found OK at the time of meter testing,No Action Needed,,,,,,,,,
Cover open event appear on meter displayrefer to CEG,No Action Needed,,,,,,,,,
Meter Tested As per Safety noms Meter Accuracy within limit At the time of testing,No Action Needed,,,,,,,,,
Meter tested as per all safety norms All display parameter found OK at the time of meter testing,No Action Needed,,,,,,,,,
Meter tested as per all safety norms All display parameter found OK at the time of meter testing,No Action Needed,,,,,,,,,
Meter tested as per all safety norms All display parameters found OK at the time of meter testing,No Action Needed,,,,,,,,,
Meter tested as per all safety norms All display parameters found OK at the time of meter testing,No Action Needed,,,,,,,,,
Meter Tested As per Safety noms Meter Accuracy within limit At the time of testing,No Action Needed,,,,,,,,,
Mechanical meter found at site accuracy of meter is within the limit but the meter needs to be replaced under mass meter category as meter is of Class,No Action Needed,,,,,,,,,
Meter tested as per all safety normsmeter accuracy found within limit at the time of testing,No Action Needed,,,,,,,,,
Meter tested as per all safety normsmeter accuracy found within limit at the time of testing,No Action Needed,,,,,,,,,
Meter tested as per all safety normsmeter accuracy found within limit at the time of testing,No Action Needed,,,,,,,,,
Meter tested as per all safety norms All display parameter found OK at the time of meter testing,No Action Needed,,,,,,,,,
meter tested as per safety norms oftpddlaccuracy found within limitatatime oftesting,No Action Needed,,,,,,,,,
Meter Tested As Per Safety Norms And Accuracy Found Within Limit At the Time Of Testing,No Action Needed,,,,,,,,,
meter tested as per safety norms,No Action Needed,,,,,,,,,
Meter tested as per all safety normsmeter accuracy found within limit at the time of testing,No Action Needed,,,,,,,,,
Meter tested as per all safety normsmeter accuracy found within limit at the time of testing,No Action Needed,,,,,,,,,
Meter tested as per all safety normsmeter accuracy found within limit at the time of testing,No Action Needed,,,,,,,,,
Meter tested as per all safety normsmeter accuracy found within limit at the time of testing,No Action Needed,,,,,,,,,
meter tested as per safty norms meter accuracy found within limit at the time of testing,No Action Needed,,,,,,,,,
Meter tested as per safety normsmeter accuracy found within limit at the time of testing,No Action Needed,,,,,,,,,
Meter Tested As per Safety noms Meter Accuracy within limit At the time of testing,No Action Needed,,,,,,,,,
Meter tested as per safety normsmeter accuracy found within limit at the time of testing,No Action Needed,,,,,,,,,
Meter tested as per all safety norms All display parameters found OK at the time of meter testing,No Action Needed,,,,,,,,,
Meter tested as per safety normsmeter accuracy found within limit at the time of testing,No Action Needed,,,,,,,,,
Meter Tested As Per Safety Norms And Accuracy Found Within Limit At the Time Of Testing,No Action Needed,,,,,,,,,
Meter tested as per all safety norms All display parameter found OK at the time of meter testingContacted Person Azam,No Action Needed,,,,,,,,,
meter tested as per safety norms oftpddlaccuracy found within limitatatime oftesting,No Action Needed,,,,,,,,,
Meter tested as per safty norms meter accuracy found within limit at the time of testing,No Action Needed,,,,,,,,,
Meter tested as per all safety norms All display parameter found OK at the time of meter testing,No Action Needed,,,,,,,,,
Meter Tested As per Safety noms Meter Accuracy within limit At the time of testing,No Action Needed,,,,,,,,,
Meter tested as per safety normsmeter accuracy found within limit at the time of testing,No Action Needed,,,,,,,,,
Meter tested as per safety normsmeter accuracy found within limit at the time of testing,No Action Needed,,,,,,,,,
meter tested as per safety norms oftpddlaccuracy found within limitatatime oftesting,No Action Needed,,,,,,,,,
meter tested as per safety norms oftpddlaccuracy found within limitatatime oftesting,No Action Needed,,,,,,,,,
meter tested as per safety norms,No Action Needed,,,,,,,,,
meter tested as per safety norms,No Action Needed,,,,,,,,,
Meter tested as per safety normsmeter accuracy found within limit at the time of testing,No Action Needed,,,,,,,,,
Meter tested as per all safety normsmeter accuracy found within limit at the time of testing,No Action Needed,,,,,,,,,
Meter Tested As per Safety noms Meter Accuracy within limit At the time of testing,No Action Needed,,,,,,,,,
Meter Tested As per Safety noms Meter Accuracy within limit At the time of testing,No Action Needed,,,,,,,,,
Meter Tested As per Safety noms Meter Accuracy within limit At the time of testing,No Action Needed,,,,,,,,,
Meter tested as per all safety norms All display parameter found OK at the time of meter testing,No Action Needed,,,,,,,,,
meter tested as per safety norms,No Action Needed,,,,,,,,,
Meter tested as per safety normsmeter accuracy found within limit at the time of testing,No Action Needed,,,,,,,,,
meter tested as per safety norms,No Action Needed,,,,,,,,,
meter tested as per safety norms oftpddlaccuracy found within limitatatime oftesting,No Action Needed,,,,,,,,,
Meter Tested As Per Safety Norms And Accuracy Found Within Limit At the Time Of Testing,No Action Needed,,,,,,,,,
meter tested as per safety norms oftpddlaccuracy found within limitatatime oftesting,No Action Needed,,,,,,,,,
Meter Tested As per Safety noms Meter Accuracy within limit At the time of testing,No Action Needed,,,,,,,,,
Meter tested as per safety normsmeter accuracy found within limit at the time of testing,No Action Needed,,,,,,,,,
Meter tested as per all safety normsmeter accuracy found within limit at the time of testing,No Action Needed,,,,,,,,,
Meter tested as per all safety normsmeter accuracy found within limit at the time of testing,No Action Needed,,,,,,,,,
Meter Tested As per Safety noms Meter Accuracy within limit At the time of testing,No Action Needed,,,,,,,,,
Meter tested as per safty norms meter accuracy found within limit at the time of testing,No Action Needed,,,,,,,,,
Meter Tested As Per Safety Norms And Accuracy Found Within Limit At the Time Of Testing,No Action Needed,,,,,,,,,
Meter tested as per all safety normsAll display parameters found OK at the time of meter testing,No Action Needed,,,,,,,,,
Meter tested as per all safety normsmeter accuracy found within limit at the time of testing,No Action Needed,,,,,,,,,
Meter tested as per all safety normsAll display parameters found OK at the time of meter testing,No Action Needed,,,,,,,,,
Meter tested as per safety norms meter accuracy found within limit at the time of testing meter number found mismatch at site actual meter number is net meter consumer want to test net meter,No Action Needed,,,,,,,,,
meter tested as per safety norms oftpddlaccuracy found within limitatatime oftesting,No Action Needed,,,,,,,,,
Meter tested as per safty norms meter accuracy found within limit at the time of testing,No Action Needed,,,,,,,,,
meter tested as per safety norms,No Action Needed,,,,,,,,,
meter tested as per safety norms oftpddlaccuracy found within limitatatime oftesting,No Action Needed,,,,,,,,,
Meter tested as per all safety normsmeter accuracy found within limit at the time of testing,No Action Needed,,,,,,,,,
Meter tested as per all safety normsmeter accuracy found within limit at the time of testing,No Action Needed,,,,,,,,,
Meter tested as per all safety normsAll display parameters found OK at the time of meter testing,No Action Needed,,,,,,,,,
meter tested as per safety norms oftpddlaccuracy found within limitatatime oftesting,No Action Needed,,,,,,,,,
Meter tested as per all safety norms All display parameter found OK at the time of meter testing,No Action Needed,,,,,,,,,
Meter tested as per safty norms meter accuracy found within limit at the time of testing,No Action Needed,,,,,,,,,
Meter tested as per all safety norms All display parameter found OK at the time of meter testing,No Action Needed,,,,,,,,,
Meter Tested As Per Safety Norms And Accuracy Found Within Limit At the Time Of Testing,No Action Needed,,,,,,,,,
Meter tested as per all safety normsmeter accuracy found within limit at the time of testing,No Action Needed,,,,,,,,,
Meter tested as per all safety normsmeter accuracy found within limit at the time of testing,No Action Needed,,,,,,,,,
Meter tested as per all safety normsAll display parameters found OK at the time of meter testing,No Action Needed,,,,,,,,,
Meter tested as per all safety normsAll display parameters found OK at the time of meter testing,No Action Needed,,,,,,,,,
meter tested as per safty norms meter accuracy found within limit at the time of testing,No Action Needed,,,,,,,,,
Meter tested as per safety norms meter accuracy found within limit at the time of testingCEG Paper seal pasted on meter box,No Action Needed,,,,,,,,,
Meter Tested As Per Safety Norms And Accuracy Found Within Limit At the Time Of Testing,No Action Needed,,,,,,,,,
Meter Tested As Per Safety Norms And Accuracy Found Within Limit At the Time Of Testing,No Action Needed,,,,,,,,,
meter tested as per safety norms,No Action Needed,,,,,,,,,
Meter tested as per all safety norms All display parameters found OK at the time of meter testing,No Action Needed,,,,,,,,,
Meter tested as per all safety norms All display parameters found OK at the time of meter testing,No Action Needed,,,,,,,,,
Meter tested as per all safety normsmeter accuracy found within limit at the time of testing,No Action Needed,,,,,,,,,
Meter tested as per all safety normsAll display parameters found OK at the time of meter testing,No Action Needed,,,,,,,,,
Meter tested as per all safety normsAll display parameters found OK at the time of meter testing,No Action Needed,,,,,,,,,
Meter tested as per all safety norms and accuracy found within limit at the time of testing,No Action Needed,,,,,,,,,
Meter tested as per all safety normsmeter accuracy found within limit at the time of testing,No Action Needed,,,,,,,,,
Meter tested as per all safety normsmeter accuracy found within limit at the time of testing,No Action Needed,,,,,,,,,
Meter tested as per safty norms meter accuracy found within limit at the time of testing,No Action Needed,,,,,,,,,
meter testedas per safety norms,No Action Needed,,,,,,,,,
Meter tested as per all safety norms All display parameter found OK at the time of meter testing,No Action Needed,,,,,,,,,
Meter Tested As Per Safety Norms And Accuracy Found Within Limit At the Time Of Testing,No Action Needed,,,,,,,,,
meter tested as per safety norms oftpddlaccuracy found within limitatatime oftesting,No Action Needed,,,,,,,,,
Meter tested as per safety norms meter accuracy found within limit at the time of testing,No Action Needed,,,,,,,,,
Meter tested as per all safety normsmeter accuracy found within limit at the time of testing,No Action Needed,,,,,,,,,
Meter tested as per all safety normsmeter accuracy found within limit at the time of testing,No Action Needed,,,,,,,,,
meter tested as per safety norms,No Action Needed,,,,,,,,,
Meter tested as per all safety norms All display parameter found OK at the time of meter testing V found on B Phase Voltage no incoming Phase voltage in BPhase from Pole end For other other Phase meter accuracy is within limit,No Action Needed,,,,,,,,,
Meter tested as per all safety normsmeter accuracy found within limit at the time of testing,No Action Needed,,,,,,,,,
Meter Tested As Per Safety Norms And Accuracy Found Within Limit At the Time Of Testing,No Action Needed,,,,,,,,,
Meter tested as per all safety normsmeter accuracy found within limit at the time of testing,No Action Needed,,,,,,,,,
Meter tested as per safety norms meter accuracy found within limit at the time of testing,No Action Needed,,,,,,,,,
Meter tested as per safety normsmeter accuracy found within limit at the time of testing,No Action Needed,,,,,,,,,
Meter tested as per safety normsmeter accuracy found within limit at the time of testing,No Action Needed,,,,,,,,,
Meter tested as per safety normsmeter accuracy found within limit at the time of testing,No Action Needed,,,,,,,,,
Meter tested as per all safety norms All display parameters found OK at the time of meter testing,No Action Needed,,,,,,,,,
Meter tested as per all safety normsmeter accuracy found within limit at the time of testing,No Action Needed,,,,,,,,,
Meter tested as per all safety normsmeter accuracy found within limit at the time of testing,No Action Needed,,,,,,,,,
Meter tested as per all safety normsmeter accuracy found within limit at the time of testing,No Action Needed,,,,,,,,,
Meter tested as per all safety normsmeter accuracy found within limit at the time of testing,No Action Needed,,,,,,,,,
Meter tested as per safety norms meter accuracy found within limit at the time of testing,No Action Needed,,,,,,,,,
Meter tested as per safety normsmeter accuracy found within limit at the time of testing,No Action Needed,,,,,,,,,
Meter tested as per safety norma on external load After discuss with consumer Smt Rakhi on phone no,No Action Needed,,,,,,,,,
Meter Tested As per Safety noms Meter Accuracy within limit At the time of testing,No Action Needed,,,,,,,,,
Meter Tested As Per Safety Norms And Accuracy Found Within Limit At the Time Of Testing,No Action Needed,,,,,,,,,
Meter tested as per all safety normsAll display parameters found OK at the time of meter testing,No Action Needed,,,,,,,,,
Meter tested as per all safety normsmeter accuracy found within limit at the time of testing,No Action Needed,,,,,,,,,
Meter tested as per all safety normsAll display parameters found OK at the time of meter testing,No Action Needed,,,,,,,,,
Meter tested as per safety normsmeter accuracy found within limit at the time of testing,No Action Needed,,,,,,,,,
Meter tested as per all safety normsmeter accuracy found within limit at the time of testing,No Action Needed,,,,,,,,,
Meter tested as per safety normsmeter accuracy found within limit at the time of testing,No Action Needed,,,,,,,,,
Meter tested as per safety norms meter accuracy found within limit at the time of testing,No Action Needed,,,,,,,,,
Meter Tested As Per Safety Norms And Accuracy Found Within Limit At the Time Of Testing,No Action Needed,,,,,,,,,
Meter Tested As per Safety noms Meter Accuracy within limit At the time of testing,No Action Needed,,,,,,,,,
Meter tested as per safety normsmeter accuracy found within limit at the time of testing,No Action Needed,,,,,,,,,
Meter tested as per all safety normsmeter accuracy found within limit at the time of testing,No Action Needed,,,,,,,,,
Meter tested as per all safety norms and accuracy found within limit at the time of testing,No Action Needed,,,,,,,,,
Meter tested as per all safety normsmeter accuracy found within limit at the time of testing,No Action Needed,,,,,,,,,
Meter tested as per all safety norms and accuracy found within limit at the time of testing,No Action Needed,,,,,,,,,
Meter Tested As Per Safety Norms And Accuracy Found Within Limit At the Time Of Testing,No Action Needed,,,,,,,,,
meter tested as per safety norms,No Action Needed,,,,,,,,,
Meter tested as per safety norms meter accuracy found within limit at the time of testing,No Action Needed,,,,,,,,,
meter tested as per safty norms meter accuracy found within limit at the time of testing,No Action Needed,,,,,,,,,
Meter tested as per safty norms meter accuracy found within limit at the time of testing,No Action Needed,,,,,,,,,
Meter tested as per safty norms meter accuracy found within limit at the time of testing,No Action Needed,,,,,,,,,
Meter tested as per all safety norms All display parameters found OK at the time of meter testing,No Action Needed,,,,,,,,,
Meter tested as per all safety norms and accuracy found within limit at the time of testing,No Action Needed,,,,,,,,,
Meter tested as per all safety norms and accuracy found within limit at the time of testing,No Action Needed,,,,,,,,,
Meter tested as per all safety normsmeter accuracy found within limit at the time of testing,No Action Needed,,,,,,,,,
Meter tested as per all safety norms All display parameters found OK at the time of meter testing,No Action Needed,,,,,,,,,
meter tested as per safety norms,No Action Needed,,,,,,,,,
meter tested as per safty meter accuracy found within limit at the time of testing,No Action Needed,,,,,,,,,
Meter tested as per safety normsmeter accuracy found within limit at the time of testing,No Action Needed,,,,,,,,,
meter tested as per safty norms meter accuracy found within limit at the time of testing,No Action Needed,,,,,,,,,
meter tested as per safety norms oftpddlaccuracy found within limitatatime oftesting,No Action Needed,,,,,,,,,
Meter Tested As Per Safety Norms And Accuracy Found Within Limit At the Time Of Testing,No Action Needed,,,,,,,,,
Meter tested as per all safety norms and accuracy found within limit at the time of testing,No Action Needed,,,,,,,,,
meter tested as per safety norms,No Action Needed,,,,,,,,,
meter tested as per safety norms oftpddlaccuracy found within limitatatime oftesting,No Action Needed,,,,,,,,,
Meter Tested As Per Safety Norms And Accuracy Found Within Limit At the Time Of Testing,No Action Needed,,,,,,,,,
meter tested as per safety norms,No Action Needed,,,,,,,,,
Meter tested as per all safety normsmeter accuracy found within limit at the time of testing,No Action Needed,,,,,,,,,
Meter tested as per safety norms,No Action Needed,,,,,,,,,
Meter tested as per all safety norms All display parameter found OK at the time of meter testing Contacted Person Mahi,No Action Needed,,,,,,,,,
Meter tested as per safety normsmeter accuracy found within limit at the time of testing,No Action Needed,,,,,,,,,
meter tested as per safety norms oftpddlaccuracy found within limitatatime oftesting composite meter testing,No Action Needed,,,,,,,,,
meter tested as per safety norms oftpddlaccuracy found within limitatatime oftesting,No Action Needed,,,,,,,,,
meter tested as per safety norms oftpddlaccuracy found within limitatatime oftesting,No Action Needed,,,,,,,,,
Meter tested as per safety normsmeter accuracy found within limit at the time of testing,No Action Needed,,,,,,,,,
Meter tested as per safety normsmeter accuracy found within limit at the time of testing,No Action Needed,,,,,,,,,
Meter tested as per all safety normsmeter accuracy found within limit at the time of testing,No Action Needed,,,,,,,,,
meter tested as per safety norms,No Action Needed,,,,,,,,,
Meter tested as per all safety norms All display parameter found OK at the time of meter testing Contacted Person VidyaNand Pandey,No Action Needed,,,,,,,,,
meter tested as per safety norms,No Action Needed,,,,,,,,,
Meter tested as per safety norms meter accuracy found within limit at the time of testing,No Action Needed,,,,,,,,,
Meter tested as per safety normsmeter accuracy found within limit at the time of testing,No Action Needed,,,,,,,,,
Meter tested as per all safety norms All display parameter found OK at the time of meter testing,No Action Needed,,,,,,,,,
meter tested as per safety norms oftpddlaccuracy found within limitatatime oftesting,No Action Needed,,,,,,,,,
Meter Tested As per Safety noms Meter Accuracy within limit At the time of testing,No Action Needed,,,,,,,,,
meter tested as per safety norms oftpddlaccuracy found within limitatatime oftesting,No Action Needed,,,,,,,,,
meter tested as per safty meter accuracy found within limit at the time of testing,No Action Needed,,,,,,,,,
Meter tested as per safety norms meter accuracy found within limit at the time of testing,No Action Needed,,,,,,,,,
Meter Tested As per Safety noms Meter Accuracy within limit At the time of testing,No Action Needed,,,,,,,,,
Meter tested as per safety norms meter accuracy found within limit at the time of testing,No Action Needed,,,,,,,,,
Meter tested as per safety norms meter accuracy found within limit at the time of testing,No Action Needed,,,,,,,,,
Meter tested as per all safety norms All display parameter found OK at the time of meter testing,No Action Needed,,,,,,,,,
Meter tested as per safety normsmeter accuracy found within limit at the time of testing,No Action Needed,,,,,,,,,
meter tested as per safety norms oftpddlaccuracy found within limitatatime oftesting,No Action Needed,,,,,,,,,
Meter Tested As per Safety noms Meter Accuracy within limit At the time of testing,No Action Needed,,,,,,,,,
Meter tested as per safety norms meter accuracy found within limit at the time of testing,No Action Needed,,,,,,,,,
meter tested as per safety norms,No Action Needed,,,,,,,,,
meter tested as per safety norms oftpddlaccuracy found within limitatatime oftesting,No Action Needed,,,,,,,,,
Meter tested as per safety normsmeter accuracy found within limit at the time of testing,No Action Needed,,,,,,,,,
Meter Tested As Per Safety noms Meter Accuracy within limit At the time of testing,No Action Needed,,,,,,,,,
Meter Tested As Per Safety noms Meter Accuracy within limit At the time of testing,No Action Needed,,,,,,,,,
Meter tested as per safety norms meter accuracy found within limit at the time of testing,No Action Needed,,,,,,,,,
meter tested as per safety norma,No Action Needed,,,,,,,,,
Meter tested as per all safety normsmeter accuracy found within limit at the time of testing,No Action Needed,,,,,,,,,
Meter Tested As Per Safety Norms And Accuracy Found Within Limit At the Time Of Testing,No Action Needed,,,,,,,,,
Meter Tested As Per Safety Norms And Accuracy Found Within Limit At the Time Of Testing,No Action Needed,,,,,,,,,
Meter tested as per all safety normsAll display parameters found OK at the time of meter testing,No Action Needed,,,,,,,,,
Meter tested as per all safety norms All display parameter found OK at the time of meter testing,No Action Needed,,,,,,,,,
Meter tested as per safety normsmeter accuracy found within limit at the time of testing,No Action Needed,,,,,,,,,
Meter Tested As per Safety noms Meter Accuracy within limit At the time of testing,No Action Needed,,,,,,,,,
Meter tested as per safety norms meter accuracy found within limit at the time of testing,No Action Needed,,,,,,,,,
Meter Tested As Per Safety Norms And Accuracy Found Within Limit At the Time Of Testing,No Action Needed,,,,,,,,,
meter tested as per safety norms oftpddlaccuracy found within limitatatime oftesting,No Action Needed,,,,,,,,,
Meter tested as per all safety normsmeter accuracy found within limit at the time of testing,No Action Needed,,,,,,,,,
Meter tested as per all safety norms All display parameter found OK at the time of meter testing,No Action Needed,,,,,,,,,
Meter tested as per all safety norms All display parameter found OK at the time of meter testing,No Action Needed,,,,,,,,,
meter tested as per safety norms oftpddlaccuracy found within limitatatime oftesting,No Action Needed,,,,,,,,,
Meter tested as per all safety normsAll display parameters found OK at the time of meter testing,No Action Needed,,,,,,,,,
Meter tested as per safety norms meter accuracy found within limit at the time of testing,No Action Needed,,,,,,,,,
Meter tested as per safety norms meter accuracy found within limit at the time of testing,No Action Needed,,,,,,,,,
meter tested as per safety norms,No Action Needed,,,,,,,,,
Meter tested as per all safety norms All display parameter found OK at the time of meter testing,No Action Needed,,,,,,,,,
Meter tested as per safety norms meter accuracy found within limit at the time of testing,No Action Needed,,,,,,,,,
Meter Tested As per Safety noms Meter Accuracy within limit At the time of testing,No Action Needed,,,,,,,,,
Meter Tested As per Safety noms Meter Accuracy within limit At the time of testing,No Action Needed,,,,,,,,,
meter tested as per safety norms,No Action Needed,,,,,,,,,
meter tested as per safety norms,No Action Needed,,,,,,,,,
Meter Tested As Per Safety Norms And Accuracy Found Within Limit At the Time Of Testing,No Action Needed,,,,,,,,,
meter tested as per safety norms,No Action Needed,,,,,,,,,
Meter tested as per safety normsmeter accuracy found within limit at the time of testing,No Action Needed,,,,,,,,,
Meter Tested As per Safety noms Meter Accuracy within limit At the time of testing,No Action Needed,,,,,,,,,
meter tested as per safety norms oftpddlaccuracy found within limitatatime oftesting,No Action Needed,,,,,,,,,
Meter tested as per safety norms,No Action Needed,,,,,,,,,
meter tested as per safety norms oftpddlaccuracy found within limitatatime oftesting,No Action Needed,,,,,,,,,
meter tested as per safety norms,No Action Needed,,,,,,,,,
Meter tested as per all safety norms All display parameter found OK at the time of meter testing,No Action Needed,,,,,,,,,
meter tested as per safety norms,No Action Needed,,,,,,,,,
Meter tested as per safety normsmeter accuracy found within limit at the time of testing,No Action Needed,,,,,,,,,
meter tested as per safty norms meter accuracy found within limit at the time of testing,No Action Needed,,,,,,,,,
meter tested as per safety norms,No Action Needed,,,,,,,,,
Meter Tested As Per Safety Norms And Accuracy Found Within Limit At the Time Of Testing,No Action Needed,,,,,,,,,
Meter tested as per safty norms meter accuracy found within limit at the time of testing,No Action Needed,,,,,,,,,
meter rested as per safety norms,No Action Needed,,,,,,,,,
Meter tested as per safety normsmeter accuracy found within limit at the time of testing,No Action Needed,,,,,,,,,
Meter tested as per all safety normsmeter accuracy found within limit at the time of testing,No Action Needed,,,,,,,,,
Meter tested as per safety normsmeter accuracy found within limit at the time of testing,No Action Needed,,,,,,,,,
Meter tested as per safety norms meter accuracy found within limit at the time of testing,No Action Needed,,,,,,,,,
Meter tested as per safety norms meter accuracy found within limit at the time of testing,No Action Needed,,,,,,,,,
Meter Tested As per Safety noms Meter Accuracy within limit At the time of testing,No Action Needed,,,,,,,,,
Meter Tested As per Safety noms Meter Accuracy within limit At the time of testing,No Action Needed,,,,,,,,,
meter tested as per safty norms meter accuracy found within limit at the time of testing,No Action Needed,,,,,,,,,
Meter tested as per all safety normsmeter accuracy found within limit at the time of testing,No Action Needed,,,,,,,,,
Meter tested as per all safety norms All display parameters found OK at the time of meter testing,No Action Needed,,,,,,,,,
meter tested as per safety norms,No Action Needed,,,,,,,,,
Meter tested as per all safety normsmeter accuracy found within limit at the time of testing,No Action Needed,,,,,,,,,
Meter tested as per safety norms meter accuracy found within limit at the time of testing,No Action Needed,,,,,,,,,
Meter tested as per safety norms meter accuracy found within limit at the time of testing,No Action Needed,,,,,,,,,
Meter Tested As Per Safety Norms And Accuracy Found Within Limit At the Time Of Testing,No Action Needed,,,,,,,,,
Meter Tested As Per Safety Norms And Accuracy Found Within Limit At the Time Of Testing,No Action Needed,,,,,,,,,
Meter tested as per safety normsmeter accuracy found within limit at the time of testing,No Action Needed,,,,,,,,,
Meter tested as per all safety normsmeter accuracy found within limit at the time of testing,No Action Needed,,,,,,,,,
Meter tested as per all safety norms All display parameters found OK at the time of meter testing,No Action Needed,,,,,,,,,
Meter tested as per all safety norms and accuracy found within limit at the time of testing,No Action Needed,,,,,,,,,
Meter RTC Failed at the time of testing so meter need to be changed,No Action Needed,,,,,,,,,
Meter tested as per all safety norms All display parameters found OK at the time of meter testing,No Action Needed,,,,,,,,,
meter tested as per safety norms meter accuracy found within limit at the time of testing,No Action Needed,,,,,,,,,
Meter tested as per all safety norms All display parameters found OK at the time of meter testing,No Action Needed,,,,,,,,,
Meter tested as per all safety normsmeter accuracy found within limit at the time of testing,No Action Needed,,,,,,,,,
meter tested as per safety norms meter accuracy found within limit at the time of testing,No Action Needed,,,,,,,,,
meter tested as per safety norms,No Action Needed,,,,,,,,,
Meter tested as per safety normsmeter accuracy found within limit at the time of testing,No Action Needed,,,,,,,,,
meter tested as per safety norms,No Action Needed,,,,,,,,,
meter tested as per safety norms oftpddlaccuracy found within limitatatime oftesting,No Action Needed,,,,,,,,,
Meter tested as per all safety normsmeter accuracy found within limit at the time of testing,No Action Needed,,,,,,,,,
Meter tested as per all safety normsmeter accuracy found within limit at the time of testing,No Action Needed,,,,,,,,,
Meter tested as per safety norms meter accuracy found within limit at the time of testing,No Action Needed,,,,,,,,,
Meter tested as per all safety normsmeter accuracy found within limit at the time of testing,No Action Needed,,,,,,,,,
Meter tested as per safety norms meter accuracy found within limit at the time of testing,No Action Needed,,,,,,,,,
Meter tested as per all safety normsmeter accuracy found within limit at the time of testing,No Action Needed,,,,,,,,,
Meter tested as per all safety normsmeter accuracy found within limit at the time of testing,No Action Needed,,,,,,,,,
Meter tested as per safety normsmeter accuracy found within limit at the time of testing,No Action Needed,,,,,,,,,
Meter tested as per all safety normsmeter accuracy found within limit at the time of testing,No Action Needed,,,,,,,,,
Meter tested as per all safety normsmeter accuracy found within limit at the time of testing,No Action Needed,,,,,,,,,
Meter tested as per all safety normsmeter accuracy found within limit at the time of testing,No Action Needed,,,,,,,,,
Meter tested as per all safety normsmeter accuracy found within limit at the time of testing,No Action Needed,,,,,,,,,
Meter tested as per all safety normsmeter accuracy found within limit at the time of testing,No Action Needed,,,,,,,,,
Meter tested as per safty norms meter accuracy found within limit at the time of testing,No Action Needed,,,,,,,,,
meter tested as per safety norms,No Action Needed,,,,,,,,,
Meter tested as per safety normsmeter accuracy found within limit at the time of testing,No Action Needed,,,,,,,,,
Meter tested as per safety normsmeter accuracy found within limit at the time of testing,No Action Needed,,,,,,,,,
Meter tested as per all safety norms All display parameters found OK at the time of meter testing,No Action Needed,,,,,,,,,
meter tested as per safety norms oftpddlaccuracy found within limitatatime oftesting,No Action Needed,,,,,,,,,
Meter Tested As Per Safety Norms And Accuracy Found Within Limit At the Time Of Testing,No Action Needed,,,,,,,,,
Meter tested as per safety normsmeter accuracy found within limit at the time of testing,No Action Needed,,,,,,,,,
Meter Tested As per Safety noms Meter Accuracy within limit At the time of testing,No Action Needed,,,,,,,,,
meter tested as per safty norms meter accuracy found within limit at the time of testing,No Action Needed,,,,,,,,,
Meter tested as per all safety normsmeter accuracy found within limit at the time of testing,No Action Needed,,,,,,,,,
meter tested as per safety norms oftpddlaccuracy found within limitatatime oftesting,No Action Needed,,,,,,,,,
Meter tested as per all safety norms All display parameter found OK at the time of meter testing,No Action Needed,,,,,,,,,
meter tested as per safety norms oftpddlaccuracy found within limitatatime oftesting,No Action Needed,,,,,,,,,
Meter tested as per all safety norms All display parameter found OK at the time of meter testing,No Action Needed,,,,,,,,,
Meter tested as per safety normsmeter accuracy found within limit at the time of testing,No Action Needed,,,,,,,,,
meter tested as per safety norms,No Action Needed,,,,,,,,,
Meter tested as per all safety normsmeter accuracy found within limit at the time of testing,No Action Needed,,,,,,,,,
meter tested as per safety norms,No Action Needed,,,,,,,,,
Meter tested as per safety norms meter accuracy found within limit at the time of testing,No Action Needed,,,,,,,,,
meter tested as per safety norms oftpddlaccuracy found within limitatatime oftesting,No Action Needed,,,,,,,,,
meter tested as per safety norms oftpddlaccuracy found within limitatatime oftesting,No Action Needed,,,,,,,,,
Meter tested as per safety norms meter accuracy found within limit at the time of testing,No Action Needed,,,,,,,,,
meter tested as per safety norms,No Action Needed,,,,,,,,,
Meter tested as per safety norms meter accuracy found within limit at the time of testing,No Action Needed,,,,,,,,,
Meter tested as per safety normsmeter accuracy found within limit at the time of testing,No Action Needed,,,,,,,,,
meter tested as per safety norms oftpddlaccuracy found within limitatatime oftesting,No Action Needed,,,,,,,,,
Meter tested as per all safety norms All display parameter found OK at the time of meter testing,No Action Needed,,,,,,,,,
Meter tested as per safety norms meter accuracy found within limit at the time of testing,No Action Needed,,,,,,,,,
Meter tested as per safety norms meter accuracy found within limit at the time of testing,No Action Needed,,,,,,,,,
meter tested as per safety norms,No Action Needed,,,,,,,,,
meter tested as per safety norms,No Action Needed,,,,,,,,,
Meter Tested As Per Safety Norms And Accuracy Found Within Limit At the Time Of Testing,No Action Needed,,,,,,,,,
Meter tested as per all safety norms All display parameter found OK at the time of meter testing,No Action Needed,,,,,,,,,
meter accuracy found with in limit at the time of testing,No Action Needed,,,,,,,,,
Meter tested as per all safety normsmeter accuracy found within limit at the time of testing,No Action Needed,,,,,,,,,
Meter Tested As per Safety noms Meter Accuracy within limit At the time of testing Meter not in use,No Action Needed,,,,,,,,,
Meter tested as per all safety normsmeter accuracy found within limit at the time of testing,No Action Needed,,,,,,,,,
Meter tested as per safety normsmeter accuracy found within limit at the time of testing,No Action Needed,,,,,,,,,
Meter tested as per safety normsmeter accuracy found within limit at the time of testing,No Action Needed,,,,,,,,,
Meter Tested As Per Safety Norms And Accuracy Found Within Limit At the Time Of Testing,No Action Needed,,,,,,,,,
meter tested as per safty norms meter accuracy found within limit at the time of testing,No Action Needed,,,,,,,,,
Meter Tested As per Safety noms Meter Accuracy within limit At the time of testing,No Action Needed,,,,,,,,,
Meter tested as per all safety norms All display parameter found OK at the time of meter testing Meter tested for only R phase only V found on Y phase and V found on B Phase,No Action Needed,,,,,,,,,
Meter tested as per safety normsmeter accuracy found within limit at the time of testing,No Action Needed,,,,,,,,,
meter tested as per safety norms oftpddlaccuracy found within limitatatime oftesting,No Action Needed,,,,,,,,,
Meter tested as per safety normsmeter accuracy found within limit at the time of testing,No Action Needed,,,,,,,,,
Meter tested as per all safety normsmeter accuracy found within limit at the time of testing,No Action Needed,,,,,,,,,
meter accuracy found with in limit at the time of testing so,No Action Needed,,,,,,,,,
Meter tested as per all safety normsmeter accuracy found within limit at the time of testing,No Action Needed,,,,,,,,,
Meter Tested As per Safety noms Meter Tested An External Load Meter Accuracy within limit At the time of testing,No Action Needed,,,,,,,,,
meter tested as per safety norms,No Action Needed,,,,,,,,,
Meter tested as per safety normsmeter accuracy found within limit at the time of testing,No Action Needed,,,,,,,,,
Meter Tested As Per Safety Norms And Accuracy Found Within Limit At the Time Of Testing,No Action Needed,,,,,,,,,
Meter Tested As Per Safety Norms And Accuracy Found Within Limit At the Time Of Testing,No Action Needed,,,,,,,,,
Meter tested as per all safety normsmeter accuracy found within limit at the time of testing,No Action Needed,,,,,,,,,
Meter Tested As Per Safety Norms And Accuracy Found Within Limit At the Time Of Testing,No Action Needed,,,,,,,,,
meter tested as per safty norms meter accuracy found within limit at the time of testing,No Action Needed,,,,,,,,,
Meter tested as per all safety norms All display parameter found OK at the time of meter testingComposite testing done all result are under permissible limits,No Action Needed,,,,,,,,,
meter tested as per safety norms oftpddlaccuracy found within limitatatime oftesting,No Action Needed,,,,,,,,,
meter tested as per safety norms,No Action Needed,,,,,,,,,
Meter Tested As per Safety noms Meter Accuracy within limit At the time of testing,No Action Needed,,,,,,,,,
Meter Tested As Per Safety Norms And Accuracy Found Within Limit At the Time Of Testing,No Action Needed,,,,,,,,,
Meter tested as per all safety normsmeter accuracy found within limit at the time of testing,No Action Needed,,,,,,,,,
Meter tested as per safety norms meter accuracy found within limit at the time of testing,No Action Needed,,,,,,,,,
Meter tested as per all safety normsmeter accuracy found within limit at the time of testing,No Action Needed,,,,,,,,,
Meter Tested As per Safety noms Meter Accuracy within limit At the time of testing,No Action Needed,,,,,,,,,
Meter tested as per all safety norms All display parameter found OK at the time of meter testing Comtactwd Person Mukesh,No Action Needed,,,,,,,,,
Meter tested as per all safety normsmeter accuracy found within limit at the time of testing,No Action Needed,,,,,,,,,
Meter tested as per safety normsmeter accuracy found within limit at the time of testing,No Action Needed,,,,,,,,,
Meter Tested As Per Safety Norms And Accuracy Found Within Limit At the Time Of Testing,No Action Needed,,,,,,,,,
Meter tested as per safety normsmeter accuracy found within limit at the time of testing,No Action Needed,,,,,,,,,
Meter tested as per safty norms meter accuracy found within limit at the time of testing,No Action Needed,,,,,,,,,
Meter tested as per safety norms meter accuracy found within limit at the time of testing,No Action Needed,,,,,,,,,
Meter Tested As per Safety noms Meter Accuracy within limit At the time of testing,No Action Needed,,,,,,,,,
Meter tested as per all safety normsmeter accuracy found within limit at the time of testing,No Action Needed,,,,,,,,,
Meter Tested As Per Safety Norms And Accuracy Found Within Limit At the Time Of Testing,No Action Needed,,,,,,,,,
meter tested as per safety norms oftpddlaccuracy found within limitatatime oftesting,No Action Needed,,,,,,,,,
Meter Tested As per Safety noms Meter Accuracy within limit At the time of testing,No Action Needed,,,,,,,,,
Meter Tested As per Safety noms Meter Accuracy within limit At the time of testing,No Action Needed,,,,,,,,,
Meter Tested As per Safety noms Meter Accuracy within limit At the time of testing,No Action Needed,,,,,,,,,
Meter Tested As Per Safety Norms And Accuracy Found Within Limit At the Time Of Testing,No Action Needed,,,,,,,,,
Meter tested as per all safety normsmeter accuracy found within limit at the time of testing,No Action Needed,,,,,,,,,
meter tested as per safety norms oftpddlaccuracy found within limitatatime oftesting,No Action Needed,,,,,,,,,
meter tested as per safty norms meter accuracy found within limit at the time of testing,No Action Needed,,,,,,,,,
Meter Tested As per Safety noms Meter Accuracy within limit At the time of testing,No Action Needed,,,,,,,,,
meter tested as per safty norms meter accuracy found within limit at the time of testing,No Action Needed,,,,,,,,,
Meter tested as per safety norms meter accuracy found within limit at the time of testing,No Action Needed,,,,,,,,,
Meter tested as per all safety normsmeter accuracy found within limit at the time of testing,No Action Needed,,,,,,,,,
Meter tested as per all safety norms All display parameters found OK at the time of meter testing,No Action Needed,,,,,,,,,
Meter tested as per all safety normsmeter accuracy found within limit at the time of testing,No Action Needed,,,,,,,,,
Meter tested as per all safety normsAll display parameters found OK at the time of meter testing,No Action Needed,,,,,,,,,
Meter tested as per all safety normsmeter accuracy found within limit at the time of testing,No Action Needed,,,,,,,,,
Meter tested as per all safety norms and accuracy found within limit at the time of testing,No Action Needed,,,,,,,,,
Meter tested as per safety normsmeter accuracy found within limit at the time of testing,No Action Needed,,,,,,,,,
Meter tested as per all safety norms and accuracy found within limit at the time of testing,No Action Needed,,,,,,,,,
Meter tested as per all safety norms and accuracy found within limit at the time of testing,No Action Needed,,,,,,,,,
Meter tested as per all safety normsAll display parameters found OK at the time of meter testing,No Action Needed,,,,,,,,,
Meter tested as per all safety norms All display parameters found OK at the time of meter testing,No Action Needed,,,,,,,,,
Meter tested as per all safety norms and accuracy found within limit at the time of testing,No Action Needed,,,,,,,,,
Meter tested as per all safety norms All display parameters found OK at the time of meter testing,No Action Needed,,,,,,,,,
Meter tested as per all safety normsAll display parameters found OK at the time of meter testing,No Action Needed,,,,,,,,,
Meter tested as per all safety norms All display parameters found OK at the time of meter testing,No Action Needed,,,,,,,,,
Meter tested as per all safety normsmeter accuracy found within limit at the time of testing,No Action Needed,,,,,,,,,
Meter tested as per all safety normsmeter accuracy found within limit at the time of testing,No Action Needed,,,,,,,,,
Meter tested as per all safety normsmeter accuracy found within limit at the time of testing,No Action Needed,,,,,,,,,
Meter tested as per all safety normsmeter accuracy found within limit at the time of testing,No Action Needed,,,,,,,,,
Meter tested as per all safety norms and accuracy found within limit at the time of testing,No Action Needed,,,,,,,,,
Meter tested as per all safety normsmeter accuracy found within limit at the time of testing,No Action Needed,,,,,,,,,
Meter tested as per all safety normsmeter accuracy found within limit at the time of testing,No Action Needed,,,,,,,,,
Meter tested as per all safety norms All display parameter found OK at the time of meter testing,No Action Needed,,,,,,,,,
Meter tested as per all safety norms All display parameter found OK at the time of meter testing,No Action Needed,,,,,,,,,
meter tested as per safety norms,No Action Needed,,,,,,,,,
Meter Tested As Per Safety Norms And Accuracy Found Within Limit At the Time Of Testing,No Action Needed,,,,,,,,,
meter tested as per safety norms,No Action Needed,,,,,,,,,
meter tested as per safety norms oftpddlaccuracy found within limitatatime oftesting,No Action Needed,,,,,,,,,
Meter tested as per safety normsmeter accuracy found within limit at the time of testing,No Action Needed,,,,,,,,,
meter tested as per safety norms,No Action Needed,,,,,,,,,
Meter Pulse Abnormal Blinking Continue So Meter Defective Needs to be replacement At the time of testing,No Action Needed,,,,,,,,,
Meter tested as per safety normsmeter accuracy found within limit at the time of testing,No Action Needed,,,,,,,,,
Meter tested as per safety normsmeter accuracy found within limit at the time of testing,No Action Needed,,,,,,,,,
Meter tested as per all safety normsmeter accuracy found within limit at the time of testing,No Action Needed,,,,,,,,,
Meter Tested As Per Safety Norms And Accuracy Found Within Limit At the Time Of Testing,No Action Needed,,,,,,,,,
Meter Tested As Per Safety Norms And Accuracy Found Within Limit At the Time Of Testing,No Action Needed,,,,,,,,,
Meter Tested As Per Safety Norms And Accuracy Found Within Limit At the Time Of Testing,No Action Needed,,,,,,,,,
meter tested as per safty norms meter accuracy found within limit at the time of testing,No Action Needed,,,,,,,,,
Meter tested as per all safety normsmeter accuracy found within limit at the time of testing,No Action Needed,,,,,,,,,
Meter tested as per safety normsmeter accuracy found within limit at the time of testing,No Action Needed,,,,,,,,,
meter tested as per safety norms oftpddlaccuracy found within limitatatime oftesting,No Action Needed,,,,,,,,,
meter tested as per safety norms oftpddlaccuracy found within limitatatime oftesting,No Action Needed,,,,,,,,,
meter tested as per safety norms oftpddlaccuracy found within limitatatime oftesting,No Action Needed,,,,,,,,,
Meter tested as per safty norms meter accuracy found within limit at the time of testing,No Action Needed,,,,,,,,,
Meter Tested As per Safety noms Meter Accuracy within limit At the time of testing,No Action Needed,,,,,,,,,
Meter tested as per all safety norms and accuracy found within limit at the time of testing,No Action Needed,,,,,,,,,
Meter Tested As per Safety noms Meter Accuracy within limit At the time of testing Meter not in use,No Action Needed,,,,,,,,,
meter tested as per safety norms oftpddlaccuracy found within limitatatime oftesting,No Action Needed,,,,,,,,,
Meter Tested As Per Safety Norms And Accuracy Found Within Limit At the Time Of Testing,No Action Needed,,,,,,,,,
meter tested as per safety norms,No Action Needed,,,,,,,,,
Meter Tested As Per Safety Norms And Accuracy Found Within Limit At the Time Of Testing,No Action Needed,,,,,,,,,
Meter tested as per safety normsmeter accuracy found within limit at the time of testing,No Action Needed,,,,,,,,,
Meter tested as per safety normsmeter accuracy found within limit at the time of testing,No Action Needed,,,,,,,,,
Meter Tested as per all safety norms All display parameters found OK at the time of meter testing Voltage of All phase is as follows R Y B,No Action Needed,,,,,,,,,
Meter Tested As per Safety noms Meter Accuracy within limit At the time of testing,No Action Needed,,,,,,,,,
Meter tested as per safety norms meter accuracy found within limit at the time of testing consumer refused to sign,No Action Needed,,,,,,,,,
Meter Tested As per Safety noms Meter Accuracy within limit At the time of testing,No Action Needed,,,,,,,,,
meter tested as per safety norms,No Action Needed,,,,,,,,,
Meter tested as per safety norms meter accuracy found within limit at the time of testing,No Action Needed,,,,,,,,,
Meter tested as per all safety norms All display parameter found OK at the time of meter testing,No Action Needed,,,,,,,,,
Meter Tested As Per Safety Norms And Accuracy Found Within Limit At the Time Of Testing,No Action Needed,,,,,,,,,
Meter tested as per safety norms meter accuracy found within limit at the time of testing,No Action Needed,,,,,,,,,
Meter tested as per safety norms meter accuracy found within limit at the time of testing,No Action Needed,,,,,,,,,
meter tested as per safety norms,No Action Needed,,,,,,,,,
Meter tested as per all safety norms All display parameter found OK at the time of meter testing,No Action Needed,,,,,,,,,
meter tested as per safety norms oftpddlaccuracy found within limitatatime oftesting,No Action Needed,,,,,,,,,
Meter tested as per safety normsmeter accuracy found within limit at the time of testing,No Action Needed,,,,,,,,,
meter tested as per safety norms,No Action Needed,,,,,,,,,
meter tested as per safety norms,No Action Needed,,,,,,,,,
Meter tested as per safety normsmeter accuracy found within limit at the time of testing,No Action Needed,,,,,,,,,
meter tested as per safety norms oftpddlaccuracy found within limitatatime oftesting,No Action Needed,,,,,,,,,
Meter tested as per all safety normsmeter accuracy found within limit at the time of testing,No Action Needed,,,,,,,,,
Meter tested as per all safety normsmeter accuracy found within limit at the time of testing,No Action Needed,,,,,,,,,
Meter tested as per all safety norms All display parameters found OK at the time of meter testing,No Action Needed,,,,,,,,,
Meter tested as per all safety norms All display parameters found OK at the time of meter testing,No Action Needed,,,,,,,,,
Meter tested as per all safety normsAll display parameters found OK at the time of meter testing,No Action Needed,,,,,,,,,
Meter tested as per safety norma,No Action Needed,,,,,,,,,
meter tested as per safety norms,No Action Needed,,,,,,,,,
Meter Tested As per Safety noms Meter Accuracy within limit At the time of testing,No Action Needed,,,,,,,,,
Meter tested as per safety norms meter accuracy found within limit at the time of testing,No Action Needed,,,,,,,,,
Meter tested as per safty norms meter accuracy found within limit at the time of testing,No Action Needed,,,,,,,,,
Meter tested as per all safety normsmeter accuracy found within limit at the time of testing,No Action Needed,,,,,,,,,
Meter tested as per all safety norms and accuracy found within limit at the time of testing,No Action Needed,,,,,,,,,
Meter tested as per all safety norms and accuracy found within limit at the time of testing,No Action Needed,,,,,,,,,
meter tested as per safety norms Meter accuracy found within limit at the time of testing,No Action Needed,,,,,,,,,
Meter Tested As Per Safety Norms And Accuracy Found Within Limit At the Time Of Testing,No Action Needed,,,,,,,,,
Meter Tested As Per Safety Norms And Accuracy Found Within Limit At the Time Of Testing,No Action Needed,,,,,,,,,
Meter tested as per safety normsmeter accuracy found within limit at the time of testing,No Action Needed,,,,,,,,,
meter tested as per safety norms,No Action Needed,,,,,,,,,
Meter tested as per all safety normsmeter accuracy found within limit at the time of testing,No Action Needed,,,,,,,,,
Meter tested as per all safety normsmeter accuracy found within limit at the time of testing,No Action Needed,,,,,,,,,
Meter tested as per safety norms meter accuracy found within limit at the time of testing,No Action Needed,,,,,,,,,
meter tested as per safety norms,No Action Needed,,,,,,,,,
Meter tested as per safety normsmeter accuracy found within limit at the time of testing,No Action Needed,,,,,,,,,
Meter tested as per safety normsmeter accuracy found within limit at the time of testing,No Action Needed,,,,,,,,,
Meter tested as per all safety norms All display parameter found OK at the time of meter testing,No Action Needed,,,,,,,,,
Meter tested as per all safety normsmeter accuracy found within limit at the time of testing,No Action Needed,,,,,,,,,
meter tested as per safety norms oftpddlaccuracy found within limitatatime oftesting,No Action Needed,,,,,,,,,
meter tested as per safety norms oftpddlaccuracy found within limitatatime oftesting,No Action Needed,,,,,,,,,
Meter tested as per safety norms meter accuracy found within limit at the time of testing,No Action Needed,,,,,,,,,
Meter Tested As per Safety noms Meter Accuracy within limit At the time of testing,No Action Needed,,,,,,,,,
meter tested as per safety norms oftpddlaccuracy found within limitatatime oftesting,No Action Needed,,,,,,,,,
Meter tested as per all safety normsmeter accuracy found within limit at the time of testing,No Action Needed,,,,,,,,,
Meter tested as per all safety normsmeter accuracy found within limit at the time of testing,No Action Needed,,,,,,,,,
Meter tested as per all safety normsmeter accuracy found within limit at the time of testing,No Action Needed,,,,,,,,,
Meter tested as per all safety normsmeter accuracy found within limit at the time of testing,No Action Needed,,,,,,,,,
Meter tested as per all safety norms and accuracy found within limit at the time of testing,No Action Needed,,,,,,,,,
Meter tested as per all safety norms All display parameter found OK at the time of meter testing,No Action Needed,,,,,,,,,
meter tested as per safety norms,No Action Needed,,,,,,,,,
Meter Tested As Per Safety Norms And Accuracy Found Within Limit At the Time Of Testing,No Action Needed,,,,,,,,,
Meter Tested As per Safety noms Meter Accuracy within limit At the time of testing,No Action Needed,,,,,,,,,
Meter tested as per safety norms meter accuracy found within limit at the time of testing,No Action Needed,,,,,,,,,
Meter Tested As Per Safety Norms And Accuracy Found Within Limit At the Time Of Testing,No Action Needed,,,,,,,,,
Meter tested as per all safety normsmeter accuracy found within limit at the time of testing,No Action Needed,,,,,,,,,
Meter tested as per safety norms meter accuracy found within limit at the time of testing,No Action Needed,,,,,,,,,
Meter tested as per all safety normsmeter accuracy found within limit at the time of testing,No Action Needed,,,,,,,,,
Meter tested as per safety normsmeter accuracy found within limit at the time of testing,No Action Needed,,,,,,,,,
Meter tested as per all safety normsmeter accuracy found within limit at the time of testing,No Action Needed,,,,,,,,,
Meter tested as per all safety normsmeter accuracy found within limit at the time of testing,No Action Needed,,,,,,,,,
Meter tested as per all safety normsmeter accuracy found within limit at the time of testing,No Action Needed,,,,,,,,,
Meter tested as per all safety normsmeter accuracy found within limit at the time of testing,No Action Needed,,,,,,,,,
Meter tested as per all safety norms All display parameters found OK at the time of meter testing,No Action Needed,,,,,,,,,
Meter Tested As Per Safety Norms And Accuracy Found Within Limit At the Time Of Testing,No Action Needed,,,,,,,,,
Meter Tested As Per Safety Norms And Accuracy Found Within Limit At the Time Of Testing,No Action Needed,,,,,,,,,
Meter Tested As Per Safety Norms And Accuracy Found Within Limit At the Time Of Testing,No Action Needed,,,,,,,,,
Meter tested as per safety norms meter accuracy found within limit at the time of testing,No Action Needed,,,,,,,,,
Meter Tested As per Safety noms Meter Accuracy within limit At the time of testing,No Action Needed,,,,,,,,,
Meter tested as per all safety normsmeter accuracy found within limit at the time of testing,No Action Needed,,,,,,,,,
meter tested as per safety norms meter accuracy found within limit at the time of testing,No Action Needed,,,,,,,,,
Meter tested as per all safety normsmeter accuracy found within limit at the time of testing,No Action Needed,,,,,,,,,
Meter tested as per all safety norms All display parameters found OK at the time of meter testing,No Action Needed,,,,,,,,,
meter tested as per safety norms meter accuracy found within limit at the time of testing,No Action Needed,,,,,,,,,
Meter tested as per safety norms meter accuracy found within limit at the time of testing,No Action Needed,,,,,,,,,
meter tested as per safety norms oftpddlaccuracy found within limitatatime oftesting,No Action Needed,,,,,,,,,
Meter Tested As Per Safety Norms And Accuracy Found Within Limit At the Time Of Testing,No Action Needed,,,,,,,,,
Meter tested as per all safety norms All display parameter found OK at the time of meter testing Contacted Person Kamlesh telecommunication done via Yoginder Singh,No Action Needed,,,,,,,,,
meter tested as per safety norms oftpddlaccuracy found within limitatatime oftesting,No Action Needed,,,,,,,,,
meter tested as per safety norms,No Action Needed,,,,,,,,,
Meter tested as per all safety normsmeter accuracy found within limit at the time of testing,No Action Needed,,,,,,,,,
Meter tested as per all safety normsmeter accuracy found within limit at the time of testing,No Action Needed,,,,,,,,,
Meter tested as per safty norms meter accuracy found within limit at the time of testing,No Action Needed,,,,,,,,,
meter tested as per safety norms oftpddlaccuracy found within limitatatime oftesting,No Action Needed,,,,,,,,,
Meter tested as per all safety norms All display parameter found OK at the time of meter testing,No Action Needed,,,,,,,,,
Meter tested as per safety normsmeter accuracy found within limit at the time of testing,No Action Needed,,,,,,,,,
Meter tested as per all safety norms All display parameters found OK at the time of meter testing,No Action Needed,,,,,,,,,
Meter tested as per all safety normsmeter accuracy found within limit at the time of testing,No Action Needed,,,,,,,,,
Meter tested as per all safety normsmeter accuracy found within limit at the time of testing,No Action Needed,,,,,,,,,
Meter tested as per all safety normsmeter accuracy found within limit at the time of testing,No Action Needed,,,,,,,,,
Meter tested as per all safety normsmeter accuracy found within limit at the time of testing,No Action Needed,,,,,,,,,
meter tested as per safety norms oftpddlaccuracy found within limitatatime oftesting,No Action Needed,,,,,,,,,
meter tested as per safety norms,No Action Needed,,,,,,,,,
meter tested as per safety norms oftpddlaccuracy found within limitatatime oftesting,No Action Needed,,,,,,,,,
Meter tested as per safety normsmeter accuracy found within limit at the time of testing,No Action Needed,,,,,,,,,
meter tested as per safety norms oftpddlaccuracy found within limitatatime oftesting,No Action Needed,,,,,,,,,
Meter tested as per safety norms meter accuracy found within limit at the time of testing,No Action Needed,,,,,,,,,
Meter tested as per all safety normsAll display parameters found OK at the time of meter testing,No Action Needed,,,,,,,,,
Meter tested as per all safety norms All display parameters found OK at the time of meter testing,No Action Needed,,,,,,,,,
Meter tested as per all safety normsmeter accuracy found within limit at the time of testing,No Action Needed,,,,,,,,,
Meter tested as per all safety normsmeter accuracy found within limit at the time of testing,No Action Needed,,,,,,,,,
Meter tested as per all safety normsmeter accuracy found within limit at the time of testing,No Action Needed,,,,,,,,,
Meter tested as per all safety normsmeter accuracy found within limit at the time of testing,No Action Needed,,,,,,,,,
Meter tested as per all safety normsmeter accuracy found within limit at the time of testing,No Action Needed,,,,,,,,,
Meter tested as per safety norms,No Action Needed,,,,,,,,,
meter tested as per safety norms,No Action Needed,,,,,,,,,
Meter Tested As Per Safety Norms And Accuracy Found Within Limit At the Time Of Testing,No Action Needed,,,,,,,,,
meter tested as per safety norms oftpddlaccuracy found within limitatatime oftesting,No Action Needed,,,,,,,,,
meter tested as per safety norms oftpddlaccuracy found within limitatatime oftesting,No Action Needed,,,,,,,,,
Meter tested as per all safety normsAll display parameters found OK at the time of meter testing,No Action Needed,,,,,,,,,
Meter tested as per all safety normsmeter accuracy found within limit at the time of testing,No Action Needed,,,,,,,,,
Meter tested as per all safety normsmeter accuracy found within limit at the time of testing,No Action Needed,,,,,,,,,
Meter tested as per safety norms meter accuracy found within limit at the time of testing,No Action Needed,,,,,,,,,
meter tested as per safety norms oftpddlaccuracy found within limitatatime oftesting,No Action Needed,,,,,,,,,
meter tested as per safety norms oftpddlaccuracy found within limitatatime oftesting,No Action Needed,,,,,,,,,
Meter Tested As per Safety noms Meter Accuracy within limit At the time of testing,No Action Needed,,,,,,,,,
Meter Tested As Per Safety Norms And Accuracy Found Within Limit At the Time Of Testing,No Action Needed,,,,,,,,,
meter tested as per safety norms,No Action Needed,,,,,,,,,
Meter tested as per safety norms meter accuracy found within limit at the time of testing,No Action Needed,,,,,,,,,
Meter tested as per safety norms meter accuracy found within limit at the time of testing,No Action Needed,,,,,,,,,
Meter tested as per safety normsmeter accuracy found within limit at the time of testing,No Action Needed,,,,,,,,,
meter tested as per safety norms oftpddlaccuracy found within limitatatime oftesting,No Action Needed,,,,,,,,,
Meter tested as per safety normsmeter accuracy found within limit at the time of testing,No Action Needed,,,,,,,,,
Meter tested as per all safety normsmeter accuracy found within limit at the time of testing,No Action Needed,,,,,,,,,
Meter tested as per safety normsmeter accuracy found within limit at the time of testing,No Action Needed,,,,,,,,,
Meter Tested As Per Safety Norms And Accuracy Found Within Limit At the Time Of Testing,No Action Needed,,,,,,,,,
Meter tested as per all safety normsmeter accuracy found within limit at the time of testing,No Action Needed,,,,,,,,,
Meter tested as per all safety normsmeter accuracy found within limit at the time of testing,No Action Needed,,,,,,,,,
Meter tested as per all safety normsAll display parameters found OK at the time of meter testing,No Action Needed,,,,,,,,,
Meter tested as per all safety normsmeter accuracy found within limit at the time of testing,No Action Needed,,,,,,,,,
Meter Tested As Per Safety Norms And Accuracy Found Within Limit At the Time Of Testing,No Action Needed,,,,,,,,,
Meter Tested As Per Safety Norms And Accuracy Found Within Limit At the Time Of Testing,No Action Needed,,,,,,,,,
Meter tested as per safety norms meter accuracy found within limit at the time of testing,No Action Needed,,,,,,,,,
Meter tested as per safety norms meter accuracy found within limit at the time of testingconsumer used only single phase load,No Action Needed,,,,,,,,,
Meter tested as per safty norms meter accuracy found within limit at the time of testing,No Action Needed,,,,,,,,,
Meter tested as per all safety norms All display parameter found OK at the time of meter testing,No Action Needed,,,,,,,,,
meter tested as per safety norms oftpddlaccuracy found within limitatatime oftesting,No Action Needed,,,,,,,,,
Meter Tested As Per Safety Norms And Accuracy Found Within Limit At the Time Of Testing,No Action Needed,,,,,,,,,
Meter tested as per all safety normsmeter accuracy found within limit at the time of testing,No Action Needed,,,,,,,,,
Meter tested as per all safety norms All display parameter found OK at the time of meter testing,No Action Needed,,,,,,,,,
Meter tested as per safety norms meter accuracy found within limit at the time of testing,No Action Needed,,,,,,,,,
Meter tested as per all safety norms All display parameter found OK at the time of meter testing,No Action Needed,,,,,,,,,
meter tested as per safety norms oftpddlaccuracy found within limitatatime oftesting,No Action Needed,,,,,,,,,
Meter Tested As Per Safety Norms And Accuracy Found Within Limit At the Time Of Testing,No Action Needed,,,,,,,,,
Meter Tested As Per Safety Norms And Accuracy Found Within Limit At the Time Of Testing,No Action Needed,,,,,,,,,
Meter Tested As per Safety noms Meter Accuracy within limit At the time of testing,No Action Needed,,,,,,,,,
Meter tested as per safety norms meter accuracy found within limit at the time of testing,No Action Needed,,,,,,,,,
Meter Tested As per Safety noms Meter Accuracy within limit At the time of testing,No Action Needed,,,,,,,,,
Meter Tested As Per Safety Norms And Accuracy Found Within Limit At the Time Of Testing,No Action Needed,,,,,,,,,
meter tested as per safety norms oftpddlaccuracy found within limitatatime oftesting,No Action Needed,,,,,,,,,
Meter Tested As per Safety noms Meter Accuracy within limit At the time of testing,No Action Needed,,,,,,,,,
Meter Tested As per Safety noms Meter Accuracy within limit At the time of testing,No Action Needed,,,,,,,,,
Meter tested as per safety normsmeter accuracy found within limit at the time of testing,No Action Needed,,,,,,,,,
Meter tested as per safety norms meter accuracy found within limit at the time of testing,No Action Needed,,,,,,,,,
Meter tested as per safety normsmeter accuracy found within limit at the time of testing,No Action Needed,,,,,,,,,
Meter tested as per safety normsmeter accuracy found within limit at the time of testing,No Action Needed,,,,,,,,,
Meter tested as per safety norms meter accuracy found within limit at the time of testing,No Action Needed,,,,,,,,,
Meter tested as per all safety norms All display parameter found OK at the time of meter testing,No Action Needed,,,,,,,,,
Meter tested as per safety norms meter accuracy found within limit at the time of testing,No Action Needed,,,,,,,,,
Meter tested as per all safety normsmeter accuracy found within limit at the time of testing,No Action Needed,,,,,,,,,
meter tested as per safety norms,No Action Needed,,,,,,,,,
Meter tested as per safety norms meter accuracy found within limit at the time of testing,No Action Needed,,,,,,,,,
meter tested as per safety norms oftpddlaccuracy found within limitatatime oftesting,No Action Needed,,,,,,,,,
Meter Tested As Per Safety Norms And Accuracy Found Within Limit At the Time Of Testing,No Action Needed,,,,,,,,,
Meter Tested As Per Safety Norms And Accuracy Found Within Limit At the Time Of Testing,No Action Needed,,,,,,,,,
Meter Tested As per Safety noms Meter Accuracy within limit At the time of testing,No Action Needed,,,,,,,,,
Meter Tested As per Safety noms Meter Accuracy within limit At the time of testing,No Action Needed,,,,,,,,,
meter tested as per safety norms meter accuracy found within limit at the time of testing,No Action Needed,,,,,,,,,
Meter Tested As Per Safety Norms And Accuracy Found Within Limit At the Time Of Testing,No Action Needed,,,,,,,,,
Meter tested as per safety normsmeter accuracy found within limit at the time of testing,No Action Needed,,,,,,,,,
Meter tested as per safety norms meter accuracy found within limit at the time of testing,No Action Needed,,,,,,,,,
Meter tested as per all safety norms All display parameter found OK at the time of meter testing,No Action Needed,,,,,,,,,
Meter tested as per all safety norms All display parameter found OK at the time of meter testing,No Action Needed,,,,,,,,,
meter accuracy found with in limit at the time of testing,No Action Needed,,,,,,,,,
Meter Tested As Per Safety Norms And Accuracy Found Within Limit At the Time Of Testing,No Action Needed,,,,,,,,,
Meter tested as per safety normsmeter accuracy found within limit at the time of testing,No Action Needed,,,,,,,,,
Meter tested as per all safety norms and accuracy found within limit at the time of testing,No Action Needed,,,,,,,,,
Meter Tested As Per Safety Norms And Accuracy Found Within Limit At the Time Of Testing,No Action Needed,,,,,,,,,
Meter tested as per all safety normsmeter accuracy found within limit at the time of testingpaper seal found,No Action Needed,,,,,,,,,
meter tested as per safety norms meter accuracy found within limit at the time of testing,No Action Needed,,,,,,,,,
Meter tested as per all safety norms and accuracy found within limit at the time of testing,No Action Needed,,,,,,,,,
Meter tested as per safety normsmeter accuracy found within limit at the time of testing,No Action Needed,,,,,,,,,
Meter Tested As Per Safety Norms And Accuracy Found Within Limit At the Time Of Testing,No Action Needed,,,,,,,,,
meter tested as per safty norms meter accuracy found within limit at the time of testing,No Action Needed,,,,,,,,,
meter tested as per safety norms meter accuracy found within limit at the time of testing,No Action Needed,,,,,,,,,
Meter tested as per all safety normsmeter accuracy found within limit at the time of testing,No Action Needed,,,,,,,,,
Meter tested as per all safety normsmeter accuracy found within limit at the time of testing,No Action Needed,,,,,,,,,
Meter tested as per all safety normsAll display parameters found OK at the time of meter testing,No Action Needed,,,,,,,,,
Meter tested as per all safety normsAll display parameters found OK at the time of meter testing,No Action Needed,,,,,,,,,
Meter tested as per all safety norms All display parameters found OK at the time of meter testing,No Action Needed,,,,,,,,,
Meter tested as per safety norms meter accuracy found within limit at the time of testing,No Action Needed,,,,,,,,,
meter tested as per safty norms meter accuracy found within limit at the time of testing,No Action Needed,,,,,,,,,
meter tested as per safety norms oftpddlaccuracy found within limitatatime oftesting,No Action Needed,,,,,,,,,
Meter tested as per safety norms meter accuracy found within limit at the time of testing,No Action Needed,,,,,,,,,
Meter tested as per all safety normsmeter accuracy found within limit at the time of testing,No Action Needed,,,,,,,,,
Meter tested as per all safety norms All display parameters found OK at the time of meter testing,No Action Needed,,,,,,,,,
Meter tested as per all safety normsAll display parameters found OK at the time of meter testing,No Action Needed,,,,,,,,,
Meter tested as per all safety normsmeter accuracy found within limit at the time of testing,No Action Needed,,,,,,,,,
Meter tested as per all safety norms All display parameters found OK at the time of meter testing but meter not in use,No Action Needed,,,,,,,,,
Meter tested as per all safety norms All display parameters found OK at the time of meter testing,No Action Needed,,,,,,,,,
Meter Tested As Per Safety Norms And Accuracy Found Within Limit At the Time Of Testing,No Action Needed,,,,,,,,,
Meter tested as per all safety norms All display parameters found OK at the time of meter testing,No Action Needed,,,,,,,,,
Meter tested as per safety norms meter accuracy found within limit at the time of testing,No Action Needed,,,,,,,,,
Meter tested as per all safety normsAll display parameters found OK at the time of meter testing,No Action Needed,,,,,,,,,
Meter tested as per all safety normsAll display parameters found OK at the time of meter testing,No Action Needed,,,,,,,,,
Meter tested as per all safety normsAll display parameters found OK at the time of meter testing,No Action Needed,,,,,,,,,
Meter tested as per all safety normsmeter accuracy found within limit at the time of testing,No Action Needed,,,,,,,,,
Meter tested as per all safety normsmeter accuracy found within limit at the time of testing,No Action Needed,,,,,,,,,
Meter tested as per all safety normsAll display parameters found OK at the time of meter testing,No Action Needed,,,,,,,,,
Meter tested as per all safety normsmeter accuracy found within limit at the time of testing,No Action Needed,,,,,,,,,
Meter tested as per all safety normsmeter accuracy found within limit at the time of testing,No Action Needed,,,,,,,,,
Meter Tested As Per Safety Norms And Accuracy Found Within Limit At the Time Of Testing,No Action Needed,,,,,,,,,
Meter tested as per all safety norms and accuracy found within limit at the time of testing,No Action Needed,,,,,,,,,
Meter tested as per all safety normsmeter accuracy found within limit at the time of testing,No Action Needed,,,,,,,,,
Meter tested as per all safety norms All display parameters found OK at the time of meter testing,No Action Needed,,,,,,,,,
Meter tested as per all safety normsmeter accuracy found within limit at the time of testing,No Action Needed,,,,,,,,,
Meter tested as per all safety norms All display parameters found OK at the time of meter testing,No Action Needed,,,,,,,,,
Meter tested as per all safety normsmeter accuracy found within limit at the time of testing,No Action Needed,,,,,,,,,
Meter Tested As Per Safety Norms And Accuracy Found Within Limit At the Time Of Testing,No Action Needed,,,,,,,,,
Meter tested as per all safety norms and accuracy found within limit at the time of testing,No Action Needed,,,,,,,,,
Meter tested as per all safety norms All display parameters found OK at the time of meter testing,No Action Needed,,,,,,,,,
Meter tested as per all safety normsAll display parameters found OK at the time of meter testing,No Action Needed,,,,,,,,,
Meter tested as per all safety normsmeter accuracy found within limit at the time of testing,No Action Needed,,,,,,,,,
Meter tested as per all safety normsmeter accuracy found within limit at the time of testing,No Action Needed,,,,,,,,,
Meter tested as per all safety norms and accuracy found within limit at the time of testing,No Action Needed,,,,,,,,,
Meter tested as per all safety normsAll display parameters found OK at the time of meter testing,No Action Needed,,,,,,,,,
Meter tested as per all safety norms All display parameters found OK at the time of meter testing,No Action Needed,,,,,,,,,
Meter tested as per all safety norms All display parameters found OK at the time of meter testing,No Action Needed,,,,,,,,,
Meter tested as per all safety norms and accuracy found within limit at the time of testing,No Action Needed,,,,,,,,,
Meter tested as per all safety normsmeter accuracy found within limit at the time of testing,No Action Needed,,,,,,,,,
Meter tested as per all safety norms All display parameters found OK at the time of meter testing,No Action Needed,,,,,,,,,
Meter tested as per all safety normsmeter accuracy found within limit at the time of testing,No Action Needed,,,,,,,,,
Meter tested as per all safety normsmeter accuracy found within limit at the time of testing,No Action Needed,,,,,,,,,
Meter tested as per all safety norms All display parameters found OK at the time of meter testing,No Action Needed,,,,,,,,,
Meter tested as per all safety normsmeter accuracy found within limit at the time of testing,No Action Needed,,,,,,,,,
Meter tested as per safety norms meter accuracy found within limit at the time of testing,No Action Needed,,,,,,,,,
Meter tested as per all safety normsmeter accuracy found within limit at the time of testing,No Action Needed,,,,,,,,,
Meter tested as per all safety normsmeter accuracy found within limit at the time of testing,No Action Needed,,,,,,,,,
Meter tested as per all safety normsmeter accuracy found within limit at the time of testing,No Action Needed,,,,,,,,,
Meter tested as per all safety normsmeter accuracy found within limit at the time of testing,No Action Needed,,,,,,,,,
Meter tested as per all safety normsmeter accuracy found within limit at the time of testing,No Action Needed,,,,,,,,,
meter tested as per safety norms,No Action Needed,,,,,,,,,
Meter tested as per all safety normsmeter accuracy found within limit at the time of testing,No Action Needed,,,,,,,,,
Meter tested as per all safety norms and accuracy found within limit at the time of testing,No Action Needed,,,,,,,,,
Meter tested as per all safety normsmeter accuracy found within limit at the time of testing,No Action Needed,,,,,,,,,
Meter tested as per all safety norms All display parameters found OK at the time of meter testing,No Action Needed,,,,,,,,,
Meter tested as per all safety norms and accuracy found within limit at the time of testing,No Action Needed,,,,,,,,,
Meter tested as per all safety normsmeter accuracy found within limit at the time of testing,No Action Needed,,,,,,,,,
meter rested as per safety norms,No Action Needed,,,,,,,,,
meter tested as per safety norms,No Action Needed,,,,,,,,,
meter tested as per safety norms,No Action Needed,,,,,,,,,
Meter tested as per safety norma on external load,No Action Needed,,,,,,,,,
Meter tested as per safety norma,No Action Needed,,,,,,,,,
Meter Tested As Per Safety Norms And Accuracy Found Within Limit At the Time Of Testing,No Action Needed,,,,,,,,,
Meter Tested As Per Safety Norms And Accuracy Found Within Limit At the Time Of Testing,No Action Needed,,,,,,,,,
Meter tested as per safety normsmeter accuracy found within limit at the time of testing,No Action Needed,,,,,,,,,
Meter tested as per safety normsmeter accuracy found within limit at the time of testing,No Action Needed,,,,,,,,,
Meter tested as per safety norms meter accuracy found within limit at the time of testing,No Action Needed,,,,,,,,,
Meter tested as per safety norms meter accuracy found within limit at the time of testing consumer refused to sign,No Action Needed,,,,,,,,,
Meter tested as per safety normsmeter accuracy found within limit at the time of testing,No Action Needed,,,,,,,,,
Meter tested as per safety normsmeter accuracy found within limit at the time of testing,No Action Needed,,,,,,,,,
Meter tested as per all safety normsmeter accuracy found within limit at the time of testing,No Action Needed,,,,,,,,,
Meter tested as per safty norms meter accuracy found within limit at the time of testing,No Action Needed,,,,,,,,,
Meter tested as per safety normsmeter accuracy found within limit at the time of testing,No Action Needed,,,,,,,,,
meter tested as per safety norms,No Action Needed,,,,,,,,,
Meter tested as per safety norms meter accuracy found within limit at the time of testing,No Action Needed,,,,,,,,,
Meter tested as per all safety normsmeter accuracy found within limit at the time of testing,No Action Needed,,,,,,,,,
Meter tested as per safety norms meter accuracy found within limit at the time of testing,No Action Needed,,,,,,,,,
meter tested as per safety norms oftpddlaccuracy found within limitatatime oftesting,No Action Needed,,,,,,,,,
Meter tested as per safety norms meter accuracy found within limit at the time of testing,No Action Needed,,,,,,,,,
Meter Tested as per all safety norms All display parameters found OK at the time of meter testing,No Action Needed,,,,,,,,,
Meter tested as per all safety normsmeter accuracy found within limit at the time of testing,No Action Needed,,,,,,,,,
meter tested as per safty norms meter accuracy found within limit at the time of testing,No Action Needed,,,,,,,,,
Meter Tested As per Safety noms Meter Accuracy within limit At the time of testing,No Action Needed,,,,,,,,,
Meter tested as per all safety normsmeter accuracy found within limit at the time of testing,No Action Needed,,,,,,,,,
Meter Tested As per Safety noms Meter Accuracy within limit At the time of testing,No Action Needed,,,,,,,,,
meter tested as per safty norms meter accuracy found within limit at the time of testing,No Action Needed,,,,,,,,,
Meter Tested As per Safety noms Meter Accuracy within limit At the time of testing,No Action Needed,,,,,,,,,
meter tested as per safety norms,No Action Needed,,,,,,,,,
Meter tested as per all safety norms All display parameter found OK at the time of meter testing,No Action Needed,,,,,,,,,
Meter tested as per all safety normsmeter accuracy found within limit at the time of testing,No Action Needed,,,,,,,,,
meter tested as per safety norms oftpddlaccuracy found within limitatatime oftesting,No Action Needed,,,,,,,,,
Meter tested as per safety normsmeter accuracy found within limit at the time of testing,No Action Needed,,,,,,,,,
meter tested as per safety norms oftpddlaccuracy found within limitatatime oftesting,No Action Needed,,,,,,,,,
meter tested as per safety norms oftpddlaccuracy found within limitatatime oftesting COMPOSITE METER TESTING,No Action Needed,,,,,,,,,
meter tested as per safety norms oftpddlaccuracy found within limitatatime oftesting,No Action Needed,,,,,,,,,
Meter tested as per safety normsmeter accuracy found within limit at the time of testing,No Action Needed,,,,,,,,,
meter tested as per safety norms oftpddlaccuracy found within limitatatime oftesting,No Action Needed,,,,,,,,,
Meter tested as per safety normsmeter accuracy found within limit at the time of testing,No Action Needed,,,,,,,,,
meter tested as per safety norms,No Action Needed,,,,,,,,,
Meter tested as per safty norms meter accuracy found within limit at the time of testing,No Action Needed,,,,,,,,,
Meter tested as per safety normsmeter accuracy found within limit at the time of testing,No Action Needed,,,,,,,,,
Meter Tested As Per Safety Norms And Accuracy Found Within Limit At the Time Of Testing,No Action Needed,,,,,,,,,
meter tested as per safty norms meter accuracy found within limit at the time of testing,No Action Needed,,,,,,,,,
meter tested as per safety norms oftpddlaccuracy found within limitatatime oftesting,No Action Needed,,,,,,,,,
meter tested as per safety norms,No Action Needed,,,,,,,,,
Meter Tested As per Safety noms Meter Accuracy within limit At the time of testing,No Action Needed,,,,,,,,,
meter tested as per safety norms oftpddlaccuracy found within limitatatime oftesting,No Action Needed,,,,,,,,,
Meter Tested As per Safety noms Meter Accuracy within limit At the time of testing,No Action Needed,,,,,,,,,
Meter tested as per safty norms meter accuracy found within limit at the time of testing,No Action Needed,,,,,,,,,
meter tested as per safty norms meter accuracy found within limit at the time of testing,No Action Needed,,,,,,,,,
Meter tested as per safety norms meter accuracy found within limit at the time of testing,No Action Needed,,,,,,,,,
meter tested as per safety norms,No Action Needed,,,,,,,,,
meter tested as per safety norms oftpddlaccuracy found within limitatatime oftesting,No Action Needed,,,,,,,,,
Meter tested as per safety norms meter accuracy found within limit at the time of testing,No Action Needed,,,,,,,,,
meter tested as per safty norms meter accuracy found within limit at the time of testing,No Action Needed,,,,,,,,,
Meter Tested As Per Safety Norms And Accuracy Found Within Limit At the Time Of Testing,No Action Needed,,,,,,,,,
Meter tested as per all safety normsmeter accuracy found within limit at the time of testing,No Action Needed,,,,,,,,,
meter tested as per safty norms meter accuracy found within limit at the time of testing,No Action Needed,,,,,,,,,
Meter tested as per safty norms meter accuracy found within limit at the time of testing,No Action Needed,,,,,,,,,
Meter Tested As Per Safety Norms And Accuracy Found Within Limit At the Time Of Testing,No Action Needed,,,,,,,,,
Meter tested as per safety norms meter accuracy found within limit at the time of testing,No Action Needed,,,,,,,,,
meter tested as per safety norms,No Action Needed,,,,,,,,,
meter tested as per safety norms oftpddlaccuracy found within limitatatime oftesting,No Action Needed,,,,,,,,,
Meter tested as per all safety norms All display parameter found OK at the time of meter testing Also supply of same meter has been misused for Commercial Activities Contacted Person Geetu Hasija,No Action Needed,,,,,,,,,
Meter Tested As Per Safety Norms And Accuracy Found Within Limit At the Time Of Testing,No Action Needed,,,,,,,,,
meter tested as per safety norms oftpddlaccuracy found within limitatatime oftesting,No Action Needed,,,,,,,,,
Meter Tested As per Safety noms Meter Accuracy within limit At the time of testing,No Action Needed,,,,,,,,,
Meter Tested As Per Safety Norms And Accuracy Found Within Limit At the Time Of Testing,No Action Needed,,,,,,,,,
meter tested as per safety norms,No Action Needed,,,,,,,,,
Meter tested as per safety normsmeter accuracy found within limit at the time of testing,No Action Needed,,,,,,,,,
Meter tested as per all safety norms All display parameter found OK at the time of meter testing,No Action Needed,,,,,,,,,
meter tested as per safty norms meter accuracy found within limit at the time of testing,No Action Needed,,,,,,,,,
meter tested as per safety norms,No Action Needed,,,,,,,,,
Meter tested as per safety norms meter accuracy found within limit at the time of testing,No Action Needed,,,,,,,,,
Meter Tested As Per Safety Norms And Accuracy Found Within Limit At the Time Of Testing,No Action Needed,,,,,,,,,
Meter Tested As Per Safety Norms And Accuracy Found Within Limit At the Time Of Testing,No Action Needed,,,,,,,,,
Meter Tested as per all safety norms All display parameters found OK at the time of meter testing Contacted PersonAkash,No Action Needed,,,,,,,,,
Meter Tested As Per Safety Norms And Accuracy Found Within Limit At the Time Of Testing,No Action Needed,,,,,,,,,
Meter Tested As per Safety noms Meter Accuracy within limit At the time of testing,No Action Needed,,,,,,,,,
Meter Tested As per Safety noms Meter Accuracy within limit At the time of testing,No Action Needed,,,,,,,,,
meter tested as per safety norms oftpddlaccuracy found within limitatatime oftesting,No Action Needed,,,,,,,,,
Meter Tested As Per Safety Norms And Accuracy Found Within Limit At the Time Of Testing,No Action Needed,,,,,,,,,
Meter Tested As Per Safety Norms And Accuracy Found Within Limit At the Time Of Testing,No Action Needed,,,,,,,,,
Meter Tested As per Safety noms Meter Accuracy within limit At the time of testing,No Action Needed,,,,,,,,,
Meter Tested As per Safety noms Meter Accuracy within limit At the time of testing,No Action Needed,,,,,,,,,
Meter Tested As per Safety noms Meter Accuracy within limit At the time of testing,No Action Needed,,,,,,,,,
meter tested as per safety norms oftpddlaccuracy found within limitatatime oftesting,No Action Needed,,,,,,,,,
Meter tested as per all safety norms All display parameters found OK at the time of meter testing,No Action Needed,,,,,,,,,
meter tested as per safety norms meter accuracy found within limit at the time of testing,No Action Needed,,,,,,,,,
meter rested as per safety norms,No Action Needed,,,,,,,,,
meter tested as per safety norms and consumerTwo phase used only,No Action Needed,,,,,,,,,
Meter Tested as per all safety norms All display parameters found OK at the time of meter testing Contacted Person Ashish singh,No Action Needed,,,,,,,,,
Meter tested as per all safety normsmeter accuracy found within limit at the time of testing,No Action Needed,,,,,,,,,
Meter tested as per all safety norms All display parameters found OK at the time of meter testing,No Action Needed,,,,,,,,,
Meter tested as per all safety norms All display parameters found OK at the time of meter testing,No Action Needed,,,,,,,,,
Meter tested as per all safety norms and accuracy found within limit at the time of testing,No Action Needed,,,,,,,,,
meter tested as per safety norms,No Action Needed,,,,,,,,,
meter tested as per safety norms,No Action Needed,,,,,,,,,
Meter Tested As per Safety noms Meter Accuracy within limit At the time of testing,No Action Needed,,,,,,,,,
meter tested as per safety norms,No Action Needed,,,,,,,,,
meter tested as per safety norms oftpddlaccuracy found within limitatatime oftesting,No Action Needed,,,,,,,,,
meter tested as per safety norms meter accuracy found within limit at the time of testing,No Action Needed,,,,,,,,,
Meter tested as per all safety normsmeter accuracy found within limit at the time of testing,No Action Needed,,,,,,,,,
Meter tested as per all safety norms All display parameters found OK at the time of meter testing,No Action Needed,,,,,,,,,
Meter tested as per all safety norms and accuracy found within limit at the time of testing,No Action Needed,,,,,,,,,
Meter tested as per safety normsmeter accuracy found within limit at the time of testing,No Action Needed,,,,,,,,,
Meter tested as per safty norms meter accuracy found within limit at the time of testing,No Action Needed,,,,,,,,,
Meter tested as per all safety norms All display parameters found OK at the time of meter testing,No Action Needed,,,,,,,,,
Meter tested as per safety normsmeter accuracy found within limit at the time of testing,No Action Needed,,,,,,,,,
Meter tested as per all safety norms and accuracy found within limit at the time of testing,No Action Needed,,,,,,,,,
Meter tested as per all safety norms All display parameters found OK at the time of meter testing,No Action Needed,,,,,,,,,
Meter tested as per all safety normsmeter accuracy found within limit at the time of testing,No Action Needed,,,,,,,,,
Meter tested as per all safety normsmeter accuracy found within limit at the time of testing,No Action Needed,,,,,,,,,
Meter tested as per all safety norms All display parameters found OK at the time of meter testing,No Action Needed,,,,,,,,,
Meter tested as per all safety norms All display parameters found OK at the time of meter testing,No Action Needed,,,,,,,,,
Meter tested as per all safety norms All display parameters found OK at the time of meter testing,No Action Needed,,,,,,,,,
Meter tested as per all safety normsmeter accuracy found within limit at the time of testing,No Action Needed,,,,,,,,,
Meter tested as per all safety norms All display parameters found OK at the time of meter testing,No Action Needed,,,,,,,,,
Meter tested as per all safety norms and accuracy found within limit at the time of testing,No Action Needed,,,,,,,,,
Meter tested as per all safety normsmeter accuracy found within limit at the time of testing,No Action Needed,,,,,,,,,
Meter tested as per all safety normsmeter accuracy found within limit at the time of testing,No Action Needed,,,,,,,,,
meter tested as per safety norms oftpddlaccuracy found within limitatatime oftesting,No Action Needed,,,,,,,,,
Meter Tested as per all safety norms All display parameters found OK at the time of meter testing Contacted Person Sanju,No Action Needed,,,,,,,,,
Meter Tested As Per Safety Norms And Accuracy Found Within Limit At the Time Of Testing,No Action Needed,,,,,,,,,
Meter Tested As per Safety noms Meter Accuracy within limit At the time of testing,No Action Needed,,,,,,,,,
Meter tested as per safety normsmeter accuracy found within limit at the time of testing,No Action Needed,,,,,,,,,
Meter tested as per safety norms meter accuracy found within limit at the time of testing,No Action Needed,,,,,,,,,
Meter tested as per safety norms meter accuracy found within limit at the time of testing,No Action Needed,,,,,,,,,
Meter Tested As per Safety noms Meter Accuracy within limit At the time of testing,No Action Needed,,,,,,,,,
Meter tested as per all safety norms and accuracy found within limit at the time of testing,No Action Needed,,,,,,,,,
Meter tested as per all safety normsmeter accuracy found within limit at the time of testingpaper seal pasted on meter,No Action Needed,,,,,,,,,
Meter tested as per all safety normsmeter accuracy found within limit at the time of testing,No Action Needed,,,,,,,,,
Meter tested as per all safety normsmeter accuracy found within limit at the time of testing,No Action Needed,,,,,,,,,
Meter tested as per safty norms meter accuracy found within limit at the time of testing,No Action Needed,,,,,,,,,
Meter tested as per all safety norms All display parameter found OK at the time of meter testing,No Action Needed,,,,,,,,,
meter tested as per safety norms oftpddlaccuracy found within limitatatime oftesting,No Action Needed,,,,,,,,,
Meter tested as per safety norms meter accuracy found within limit at the time of testing,No Action Needed,,,,,,,,,
Meter tested as per all safety norms All display parameter found OK at the time of meter testing Composite testing on consumer load executed and results are within permissible limit Error in Composite Testing is also Contacted on site with Shri Sumit,No Action Needed,,,,,,,,,
Meter tested as per all safety norms and accuracy found within limit at the time of testing,No Action Needed,,,,,,,,,
Meter tested as per all safety normsmeter accuracy found within limit at the time of testing,No Action Needed,,,,,,,,,
Meter tested as per all safety norms All display parameters found OK at the time of meter testing,No Action Needed,,,,,,,,,
Meter Tested As Per Safety Norms And Accuracy Found Within Limit At the Time Of Testing,No Action Needed,,,,,,,,,
Meter tested as per all safety norms All display parameters found OK at the time of meter testing,No Action Needed,,,,,,,,,
Meter tested as per safety normsmeter accuracy found within limit at the time of testing,No Action Needed,,,,,,,,,
Meter tested as per safety norms meter accuracy found within limit at the time of testing,No Action Needed,,,,,,,,,
Meter tested as per all safety norms All display parameter found OK at the time of meter testing,No Action Needed,,,,,,,,,
meter tested as per safety norms oftpddlaccuracy found within limitatatime oftesting,No Action Needed,,,,,,,,,
Meter tested as per all safety norms All display parameter found OK at the time of meter testing,No Action Needed,,,,,,,,,
Meter tested as per all safety norms and accuracy found within limit at the time of testing,No Action Needed,,,,,,,,,
Meter tested as per all safety normsmeter accuracy found within limit at the time of testing,No Action Needed,,,,,,,,,
Meter Tested As per Safety noms Meter Accuracy within limit At the time of testing,No Action Needed,,,,,,,,,
Meter Tested As per Safety noms Meter Accuracy within limit At the time of testing,No Action Needed,,,,,,,,,
Meter Tested As per Safety noms Meter Accuracy within limit At the time of testing,No Action Needed,,,,,,,,,
meter tested as per safty norms meter accuracy found within limit at the time of testing,No Action Needed,,,,,,,,,
meter tested as per safety norms,No Action Needed,,,,,,,,,
Meter tested as per all safety norms All display parameter found OK at the time of meter testing,No Action Needed,,,,,,,,,
meter tested as per safety norms,No Action Needed,,,,,,,,,
meter tested as per safety norms,No Action Needed,,,,,,,,,
meter tested as per safety norms,No Action Needed,,,,,,,,,
meter tested as per safety norms,No Action Needed,,,,,,,,,
meter tested as per safety norms,No Action Needed,,,,,,,,,
meter tested as per safety norms meter accuracy found within limit at the time of testing,No Action Needed,,,,,,,,,
meter tested as per safety norms meter accuracy found within limit at the time of testing,No Action Needed,,,,,,,,,
Meter tested as per all safety norms All display parameters found OK at the time of meter testing,No Action Needed,,,,,,,,,
Meter Tested As Per Safety Norms And Accuracy Found Within Limit At the Time Of Testing,No Action Needed,,,,,,,,,
Meter tested as per safety norms meter accuracy found within limit at the time of testing,No Action Needed,,,,,,,,,
meter tested as per safety norms oftpddlaccuracy found within limitatatime oftesting,No Action Needed,,,,,,,,,
Meter tested as per all safety norms All display parameter found OK at the time of meter testing,No Action Needed,,,,,,,,,
Meter tested as per safety normsmeter accuracy found within limit at the time of testing,No Action Needed,,,,,,,,,
Meter tested as per all safety normsmeter accuracy found within limit at the time of testing,No Action Needed,,,,,,,,,
Meter tested as per all safety normsmeter accuracy found within limit at the time of testing,No Action Needed,,,,,,,,,
Meter tested as per all safety normsmeter accuracy found within limit at the time of testing,No Action Needed,,,,,,,,,
Meter tested as per all safety norms and accuracy found within limit at the time of testing,No Action Needed,,,,,,,,,
Meter tested as per all safety normsmeter accuracy found within limit at the time of testing,No Action Needed,,,,,,,,,
Meter tested as per all safety norms All display parameters found OK at the time of meter testing,No Action Needed,,,,,,,,,
Meter Tested As per Safety noms Meter Accuracy within limit At the time of testing Meter not in use,No Action Needed,,,,,,,,,
Meter tested as per all safety norms All display parameter found OK at the time of meter testing,No Action Needed,,,,,,,,,
Meter tested as per safety normsmeter accuracy found within limit at the time of testing,No Action Needed,,,,,,,,,
meter tested as per safty norms meter accuracy found within limit at the time of testing,No Action Needed,,,,,,,,,
meter tested as per safety norms,No Action Needed,,,,,,,,,
meter tested as per safety norms oftpddlaccuracy found within limitatatime oftesting meter box damage meter box replacement required,No Action Needed,,,,,,,,,
meter tested as per safety norms,No Action Needed,,,,,,,,,
Meter Tested As per Safety noms Meter Accuracy within limit At the time of testing,No Action Needed,,,,,,,,,
meter tested as per safety norms oftpddlaccuracy found within limitatatime oftesting,No Action Needed,,,,,,,,,
Meter tested as per all safety normsmeter accuracy found within limit at the time of testing,No Action Needed,,,,,,,,,
Meter tested as per safety normsmeter accuracy found within limit at the time of testing,No Action Needed,,,,,,,,,
Meter tested as per all safety normsmeter accuracy found within limit at the time of testing,No Action Needed,,,,,,,,,
Meter tested as per all safety norms All display parameters found OK at the time of meter testing,No Action Needed,,,,,,,,,
Meter tested as per safety normsmeter accuracy found within limit at the time of testing,No Action Needed,,,,,,,,,
Meter tested as per safety norms meter accuracy found within limit at the time of testing,No Action Needed,,,,,,,,,
Meter tested as per safety normsmeter accuracy found within limit at the time of testing,No Action Needed,,,,,,,,,
Meter tested as per all safety norms All display parameter found OK at the time of meter testing,No Action Needed,,,,,,,,,
Meter tested as per safety norms meter accuracy found within limit at the time of testing,No Action Needed,,,,,,,,,
meter tested as per safety norms,No Action Needed,,,,,,,,,
meter tested as per safety norms,No Action Needed,,,,,,,,,
meter tested as per safety norms,No Action Needed,,,,,,,,,
Meter tested as per safety norms meter accuracy found within limit at the time of testing,No Action Needed,,,,,,,,,
Meter tested as per safety norms meter accuracy found within limit at the time of testing,No Action Needed,,,,,,,,,
meter tested as per safety norms oftpddlaccuracy found within limitatatime oftesting,No Action Needed,,,,,,,,,
Meter Tested As per Safety noms Meter Accuracy within limit At the time of testing,No Action Needed,,,,,,,,,
Meter tested as per safety normsmeter accuracy found within limit at the time of testing,No Action Needed,,,,,,,,,
Meter tested as per safety normsmeter accuracy found within limit at the time of testing,No Action Needed,,,,,,,,,
Meter tested as per all safety norms All display parameter found OK at the time of meter testing,No Action Needed,,,,,,,,,
meter tested as per safety norms,No Action Needed,,,,,,,,,
Meter Tested As Per Safety Norms And Accuracy Found Within Limit At the Time Of Testing,No Action Needed,,,,,,,,,
meter accuracy found with in limit at the time of testing,No Action Needed,,,,,,,,,
Meter tested as per all safety normsmeter accuracy found within limit at the time of testing,No Action Needed,,,,,,,,,
metertested as per safety norms,No Action Needed,,,,,,,,,
Meter Tested As per Safety noms Meter Accuracy within limit At the time of testing,No Action Needed,,,,,,,,,
Meter tested as per safty norms meter accuracy found within limit at the time of testing,No Action Needed,,,,,,,,,
meter accuracy found with in limit at the time of testing,No Action Needed,,,,,,,,,
Meter tested as per all safety norms All display parameters found OK at the time of meter testing,No Action Needed,,,,,,,,,
Meter tested as per all safety normsmeter accuracy found within limit at the time of testing,No Action Needed,,,,,,,,,
Meter tested as per all safety norms and accuracy found within limit at the time of testing,No Action Needed,,,,,,,,,
Meter Tested As Per Safety Norms And Accuracy Found Within Limit At the Time Of Testing,No Action Needed,,,,,,,,,
meter tested as per safety norms oftpddlaccuracy found within limitatatime oftesting,No Action Needed,,,,,,,,,
Meter tested as per safety norms meter accuracy found within limit at the time of testing,No Action Needed,,,,,,,,,
Meter Tested As Per Safety Norms And Accuracy Found Within Limit At the Time Of Testing,No Action Needed,,,,,,,,,
Meter tested as per all safety normsAll display parameters found OK at the time of meter testing,No Action Needed,,,,,,,,,
Meter tested as per safty norms meter accuracy found within limit at the time of testing,No Action Needed,,,,,,,,,
Meter tested as per safety normsmeter accuracy found within limit at the time of testing Correct Meter NoNDP,No Action Needed,,,,,,,,,
Meter tested as per safety norms meter accuracy found within limit at the time of testing,No Action Needed,,,,,,,,,
Meter Tested As per Safety noms Meter Accuracy within limit At the time of testing,No Action Needed,,,,,,,,,
Meter Tested As per Safety noms Meter Accuracy within limit At the time of testing,No Action Needed,,,,,,,,,
Meter tested as per all safety norms and accuracy found within limit at the time of testing,No Action Needed,,,,,,,,,
Meter Tested as per all safety norms All display parameters found OK at the time of meter Contacted Person Sunil Singhal,No Action Needed,,,,,,,,,
meter tested as per safety norms oftpddlaccuracy found within limitatatime oftesting consumer refuse for photograph,No Action Needed,,,,,,,,,
Meter tested as per safety norms meter accuracy found within limit at the time of testing,No Action Needed,,,,,,,,,
meter tested as per safety norms oftpddlaccuracy found within limitatatime oftesting,No Action Needed,,,,,,,,,
Meter tested as per safety normsmeter accuracy found within limit at the time of testing,No Action Needed,,,,,,,,,
Meter tested as per all safety normsmeter accuracy found within limit at the time of testing,No Action Needed,,,,,,,,,
Meter tested as per all safety normsmeter accuracy found within limit at the time of testing,No Action Needed,,,,,,,,,
Meter tested as per all safety normsmeter accuracy found within limit at the time of testing,No Action Needed,,,,,,,,,
Meter tested as per safety norms meter accuracy found within limit at the time of testing,No Action Needed,,,,,,,,,
Meter tested as per all safety normsmeter accuracy found within limit at the time of testing,No Action Needed,,,,,,,,,
meter tested as per safety norms,No Action Needed,,,,,,,,,
meter tested as per safety norms,No Action Needed,,,,,,,,,
meter tested as per safety norms oftpddlaccuracy found within limitatatime oftesting,No Action Needed,,,,,,,,,
meter tested as per safety norms oftpddlaccuracy found within limitatatime oftesting,No Action Needed,,,,,,,,,
meter tested as per safety norms oftpddlaccuracy found within limitatatime oftesting,No Action Needed,,,,,,,,,
Meter tested as per safety norms meter accuracy found within limit at the time of testing,No Action Needed,,,,,,,,,
Meter tested as per safety norms meter accuracy found within limit at the time of testing,No Action Needed,,,,,,,,,
meter tested as per safety norms,No Action Needed,,,,,,,,,
meter tested as per safety norms meter accuracy found within limit at the time of testing,No Action Needed,,,,,,,,,
Meter tested as per all safety norms All display parameters found OK at the time of meter testing,No Action Needed,,,,,,,,,
Meter tested as per all safety normsmeter accuracy found within limit at the time of testing,No Action Needed,,,,,,,,,
Meter tested as per all safety normsAll display parameters found OK at the time of meter testing,No Action Needed,,,,,,,,,
Meter tested as per all safety norms All display parameter found OK at the time of meter testing,No Action Needed,,,,,,,,,
meter tested as per safety norms oftpddlaccuracy found within limitatatime oftesting,No Action Needed,,,,,,,,,
meter tested as per safety norms oftpddlaccuracy found within limitatatime oftesting,No Action Needed,,,,,,,,,
meter tested as per safety norms oftpddlaccuracy found within limitatatime oftesting,No Action Needed,,,,,,,,,
Meter Tested As per Safety noms Meter Accuracy within limit At the time of testing,No Action Needed,,,,,,,,,
Meter tested as per safety normsmeter accuracy found within limit at the time of testing,No Action Needed,,,,,,,,,
Meter Tested As Per Safety Norms And Accuracy Found Within Limit At the Time Of Testing,No Action Needed,,,,,,,,,
Meter tested as per all safety norms All display parameters found OK at the time of meter testing,No Action Needed,,,,,,,,,
Meter tested as per all safety norms All display parameters found OK at the time of meter testing,No Action Needed,,,,,,,,,
meter tested as per safety norms oftpddlaccuracy found within limitatatime oftesting,No Action Needed,,,,,,,,,
Meter tested as per safty norms meter accuracy found within limit at the time of testing,No Action Needed,,,,,,,,,
meter accuracy found with in limit at the time of testing,No Action Needed,,,,,,,,,
meter tested as per safty norms meter accuracy found within limit at the time of testing,No Action Needed,,,,,,,,,
Meter tested as per all safety norms All display parameters found OK at the time of meter testing,No Action Needed,,,,,,,,,
Meter tested as per all safety normsmeter accuracy found within limit at the time of testing,No Action Needed,,,,,,,,,
Meter tested as per all safety normsmeter accuracy found within limit at the time of testing,No Action Needed,,,,,,,,,
Meter tested as per all safety normsmeter accuracy found within limit at the time of testingpaper seal pasted on meter,No Action Needed,,,,,,,,,
Meter tested as per all safety norms and accuracy found within limit at the time of testing,No Action Needed,,,,,,,,,
Meter tested as per all safety normsmeter accuracy found within limit at the time of testing,No Action Needed,,,,,,,,,
Meter tested as per all safety normsmeter accuracy found within limit at the time of testing,No Action Needed,,,,,,,,,
Meter tested as per all safety norms All display parameters found OK at the time of meter testing,No Action Needed,,,,,,,,,
Meter tested as per all safety normsAll display parameters found OK at the time of meter testing,No Action Needed,,,,,,,,,
Meter tested as per all safety norms and accuracy found within limit at the time of testing,No Action Needed,,,,,,,,,
Meter tested as per all safety normsmeter accuracy found within limit at the time of testing,No Action Needed,,,,,,,,,
Meter tested as per all safety normsmeter accuracy found within limit at the time of testing,No Action Needed,,,,,,,,,
Meter tested as per all safety normsmeter accuracy found within limit at the time of testing,No Action Needed,,,,,,,,,
Meter tested as per all safety norms All display parameters found OK at the time of meter testing,No Action Needed,,,,,,,,,
meter tested as per safety norms oftpddlaccuracy found within limitatatime oftesting,No Action Needed,,,,,,,,,
Meter Tested As Per Safety Norms Accuracy Found within Limit At The Time But Consumer refused to sign on testing report,No Action Needed,,,,,,,,,
Meter tested as per all safety norms All display parameter found OK at the time of meter testing,No Action Needed,,,,,,,,,
Meter tested as per safety norms meter accuracy found within limit at the time of testing,No Action Needed,,,,,,,,,
Meter tested as per all safety norms All display parameter found OK at the time of meter testing,No Action Needed,,,,,,,,,
Meter tested as per all safety normsmeter accuracy found within limit at the time of testing,No Action Needed,,,,,,,,,
Meter tested as per all safety normsmeter accuracy found within limit at the time of testing,No Action Needed,,,,,,,,,
Meter tested as per all safety normsmeter accuracy found within limit at the time of testing,No Action Needed,,,,,,,,,
Meter tested as per all safety norms and accuracy found within limit at the time of testing,No Action Needed,,,,,,,,,
Meter tested as per all safety norms All display parameters found OK at the time of meter testing,No Action Needed,,,,,,,,,
Meter tested as per all safety normsmeter accuracy found within limit at the time of testing,No Action Needed,,,,,,,,,
Meter tested as per all safety normsmeter accuracy found within limit at the time of testing,No Action Needed,,,,,,,,,
Meter tested as per safety normsmeter accuracy found within limit at the time of testing,No Action Needed,,,,,,,,,
Meter tested as per safety norms meter accuracy found within limit at the time of testing,No Action Needed,,,,,,,,,
Meter tested as per all safety normsmeter accuracy found within limit at the time of testing,No Action Needed,,,,,,,,,
Meter Tested As per Safety noms Meter Accuracy within limit At the time of Testing,No Action Needed,,,,,,,,,
Meter Tested As Per Safety Norms And Accuracy Found Within Limit At the Time Of Testing,No Action Needed,,,,,,,,,
Meter Tested As Per Safety Norms And Accuracy Found Within Limit At the Time Of Testing,No Action Needed,,,,,,,,,
Meter tested as per all safety normsmeter accuracy found within limit at the time of testing,No Action Needed,,,,,,,,,
Meter tested as per all safety normsAll display parameters found OK at the time of meter testing,No Action Needed,,,,,,,,,
Meter Tested As Per Safety Norms And Accuracy Found Within Limit At the Time Of Testing,No Action Needed,,,,,,,,,
Meter tested as per all safety normsmeter accuracy found within limit at the time of testing,No Action Needed,,,,,,,,,
Meter Tested As Per Safety Norms And Accuracy Found Within Limit At the Time Of Testing,No Action Needed,,,,,,,,,
Meter tested as per all safety normsmeter accuracy found within limit at the time of testing,No Action Needed,,,,,,,,,
meter accuracy found with in limit at the time of testing,No Action Needed,,,,,,,,,
Meter tested as per all safety normsmeter accuracy found within limit at the time of testing,No Action Needed,,,,,,,,,
meter tested as per safty norms meter accuracy found within limit at the time of testing,No Action Needed,,,,,,,,,
meter accuracy found with in limit at the time of testing,No Action Needed,,,,,,,,,
Meter tested as per safety norms meter accuracy found within limit at the time of testing,No Action Needed,,,,,,,,,
Meter tested as per safety norms meter accuracy found within limit at the time of testing,No Action Needed,,,,,,,,,
meter tested as per safety norms,No Action Needed,,,,,,,,,
meter tested as per safety norms meter accuracy found within limit at the time of testing,No Action Needed,,,,,,,,,
meter tested as per safety norms meter accuracy found within limit at the time of testing,No Action Needed,,,,,,,,,
Meter tested as per all safety norms and accuracy found within limit at the time of testing,No Action Needed,,,,,,,,,
Meter tested as per all safety norms and accuracy found within limit at the time of testing,No Action Needed,,,,,,,,,
Meter tested as per safety norms meter accuracy found within limit at the time of testing,No Action Needed,,,,,,,,,
Meter Tested As per Safety noms Meter Accuracy within limit At the time of testing,No Action Needed,,,,,,,,,
Meter Tested As Per Safety Norms And Accuracy Found Within Limit At the Time Of Testing,No Action Needed,,,,,,,,,
Meter Tested as per all safety norms All display parameters found OK at the time of meter testing,No Action Needed,,,,,,,,,
Meter Tested as per all safety norms All display parameters found OK at the time of meter testing,No Action Needed,,,,,,,,,
Meter tested as per safety norms,No Action Needed,,,,,,,,,
Meter tested as per safety norms meter accuracy found within limit at the time of testing,No Action Needed,,,,,,,,,
Meter tested as per safety normsmeter accuracy found within limit at the time of testing,No Action Needed,,,,,,,,,
Meter tested as per all safety normsmeter accuracy found within limit at the time of testing,No Action Needed,,,,,,,,,
Meter tested as per all safety norms All display parameters found OK at the time of meter testing,No Action Needed,,,,,,,,,
Meter tested as per all safety normsmeter accuracy found within limit at the time of testing,No Action Needed,,,,,,,,,
Meter tested as per all safety norms All display parameters found OK at the time of meter testing,No Action Needed,,,,,,,,,
meter tested as per safety norms oftpddlaccuracy found within limitatatime oftesting,No Action Needed,,,,,,,,,
Meter Tested As per Safety noms Meter Accuracy within limit At the time of testing,No Action Needed,,,,,,,,,
Meter Tested as per all safety norms All display parameters found OK at the time of meter testing Contacted Person Sudha,No Action Needed,,,,,,,,,
Meter tested as per safety norms meter accuracy found within limit at the time of testing,No Action Needed,,,,,,,,,
Meter Tested As per Safety noms Meter Accuracy within limit At the time of testing,No Action Needed,,,,,,,,,
Meter tested as per all safety normsmeter accuracy found within limit at the time of testing,No Action Needed,,,,,,,,,
Meter Tested As Per Safety Norms And Accuracy Found Within Limit At the Time Of Testing,No Action Needed,,,,,,,,,
Meter tested as per safety normsmeter accuracy found within limit at the time of testing,No Action Needed,,,,,,,,,
Meter tested as per safety normsmeter accuracy found within limit at the time of testing,No Action Needed,,,,,,,,,
Meter Tested as per all safety norms All display parameters found OK at the time of meter testing,No Action Needed,,,,,,,,,
Meter tested as per all safety normsmeter accuracy found within limit at the time of testing,No Action Needed,,,,,,,,,
Meter tested as per all safety norms All display parameter found OK at the time of meter testing,No Action Needed,,,,,,,,,
Meter tested as per safety normsmeter accuracy found within limit at the time of testing,No Action Needed,,,,,,,,,
Meter tested as per all safety normsmeter accuracy found within limit at the time of testing,No Action Needed,,,,,,,,,
meter tested as per safty norms meter accuracy found within limit at the time of testing zone paper seal pasted on meter box,No Action Needed,,,,,,,,,
Meter Tested As per Safety noms Meter Accuracy within limit At the time of testing,No Action Needed,,,,,,,,,
Meter tested as per safety norms meter accuracy found within limit at the time of testing,No Action Needed,,,,,,,,,
Meter tested as per all safety norms All display parameter found OK at the time of meter testing,No Action Needed,,,,,,,,,
Meter tested as per all safety norms All display parameter found OK at the time of meter testing,No Action Needed,,,,,,,,,
Meter tested as per safety normsmeter accuracy found within limit at the time of testing,No Action Needed,,,,,,,,,
Meter tested as per safety normsmeter accuracy found within limit at the time of testing Composit Meter testing done,No Action Needed,,,,,,,,,
Meter tested as per all safety norms All display parameter found OK at the time of meter testing,No Action Needed,,,,,,,,,
meter tested as per safety norms,No Action Needed,,,,,,,,,
meter tested as per safety norms oftpddlaccuracy found within limitatatime oftesting,No Action Needed,,,,,,,,,
Meter tested as per all safety normsAll display parameters found OK at the time of meter testing,No Action Needed,,,,,,,,,
Meter tested as per safety norms meter accuracy found within limit at the time of testing,No Action Needed,,,,,,,,,
Meter tested as per all safety normsmeter accuracy found within limit at the time of testing,No Action Needed,,,,,,,,,
Meter tested as per all safety normsAll display parameters found OK at the time of meter testing Meter nont in use,No Action Needed,,,,,,,,,
meter tested as per safety norms,No Action Needed,,,,,,,,,
meter tested as per safety norms,No Action Needed,,,,,,,,,
Meter tested as per safety norms meter accuracy found within limit at the time of testing,No Action Needed,,,,,,,,,
meter tested as per safety norms,No Action Needed,,,,,,,,,
meter tested as per safety norms,No Action Needed,,,,,,,,,
Meter tested as per safety normsmeter accuracy found within limit at the time of testing,No Action Needed,,,,,,,,,
Meter Tested As per Safety noms Meter Accuracy within limit At the time of testing,No Action Needed,,,,,,,,,
Meter tested as per safty norms meter accuracy found within limit at the time of testing,No Action Needed,,,,,,,,,
Meter Tested As per Safety noms Meter Accuracy within limit At the time of testing,No Action Needed,,,,,,,,,
meter tested as per safety norms,No Action Needed,,,,,,,,,
Meter Tested As per Safety noms Meter Accuracy within limit At the time of testing,No Action Needed,,,,,,,,,
meter tested as per safety norms meter accuracy found within limit at the time of testing,No Action Needed,,,,,,,,,
meter tested as per safety norms,No Action Needed,,,,,,,,,
Meter tested as per all safety normsmeter accuracy found within limit at the time of testing,No Action Needed,,,,,,,,,
Meter tested as per all safety normsAll display parameters found OK at the time of meter testing,No Action Needed,,,,,,,,,
Meter tested as per all safety normsmeter accuracy found within limit at the time of testing,No Action Needed,,,,,,,,,
Meter tested as per all safety normsmeter accuracy found within limit at the time of testing,No Action Needed,,,,,,,,,
Meter tested as per all safety norms All display parameters found OK at the time of meter testing,No Action Needed,,,,,,,,,
Meter Tested as per all safety norms All display parameters found OK at the time of meter testing,No Action Needed,,,,,,,,,
Meter tested as per all safety normsmeter accuracy found within limit at the time of testing,No Action Needed,,,,,,,,,
meter tested as per safety norms oftpddlaccuracy found within limitatatime oftesting,No Action Needed,,,,,,,,,
Meter tested as per safety normsmeter accuracy found within limit at the time of testing,No Action Needed,,,,,,,,,
Meter tested as per all safety normsmeter accuracy found within limit at the time of testing,No Action Needed,,,,,,,,,
Meter Tested As Per Safety Norms And Accuracy Found Within Limit At the Time Of Testing,No Action Needed,,,,,,,,,
Meter tested as per safety norms meter accuracy found within limit at the time of testing,No Action Needed,,,,,,,,,
Meter Tested As per Safety noms Meter Accuracy within limit At the time of testing,No Action Needed,,,,,,,,,
Meter tested as per all safety norms and accuracy found within limit at the time of testing,No Action Needed,,,,,,,,,
meter tested as per safety norms meter accuracy found within limit at the time of testing,No Action Needed,,,,,,,,,
Meter tested as per safety normsmeter accuracy found within limit at the time of testing,No Action Needed,,,,,,,,,
meter tested as per safety norms,No Action Needed,,,,,,,,,
Meter Tested As per Safety noms Meter Accuracy within limit At the time of testing,No Action Needed,,,,,,,,,
meter tested as per safety norms,No Action Needed,,,,,,,,,
Meter tested as per all safety norms All display parameters found OK at the time of meter testing,No Action Needed,,,,,,,,,
Meter tested as per all safety normsAll display parameters found OK at the time of meter testing,No Action Needed,,,,,,,,,
Meter Tested As Per Safety Norms And Accuracy Found Within Limit At the Time Of Testing,No Action Needed,,,,,,,,,
Meter tested as per safety norms meter accuracy found within limit at the time of testing,No Action Needed,,,,,,,,,
Meter tested as per safety normsmeter accuracy found within limit at the time of testing,No Action Needed,,,,,,,,,
Meter tested as per safety norms meter accuracy found within limit at the time of testing,No Action Needed,,,,,,,,,
Meter tested as per all safety normsmeter accuracy found within limit at the time of testing,No Action Needed,,,,,,,,,
Meter tested as per all safety norms and accuracy found within limit at the time of testing,No Action Needed,,,,,,,,,
Meter tested as per all safety normsmeter accuracy found within limit at the time of testing,No Action Needed,,,,,,,,,
Meter tested as per all safety normsmeter accuracy found within limit at the time of testing,No Action Needed,,,,,,,,,
Meter tested as per all safety norms All display parameters found OK at the time of meter testing,No Action Needed,,,,,,,,,
meter tested as per safty norms meter accuracy found within limit at the time of testing,No Action Needed,,,,,,,,,
Meter Tested As per Safety noms Meter Accuracy within limit At the time of testing,No Action Needed,,,,,,,,,
meter tested as per safety norms,No Action Needed,,,,,,,,,
Meter Tested As Per Safety Norms And Accuracy Found Within Limit At the Time Of Testing,No Action Needed,,,,,,,,,
meter tested as per safety norms,No Action Needed,,,,,,,,,
Meter tested as per safety norms meter accuracy found within limit at the time of testing,No Action Needed,,,,,,,,,
Meter tested as per all safety norms and accuracy found within limit at the time of testing,No Action Needed,,,,,,,,,
Meter tested as per all safety normsAll display parameters found OK at the time of meter testing,No Action Needed,,,,,,,,,
Meter tested as per all safety normsmeter accuracy found within limit at the time of testing,No Action Needed,,,,,,,,,
Meter tested as per all safety norms All display parameters found OK at the time of meter testing,No Action Needed,,,,,,,,,
meter tested as per safety norms oftpddlaccuracy found within limitatatime oftesting,No Action Needed,,,,,,,,,
Meter Tested As Per Safety Norms And Accuracy Found Within Limit At the Time Of Testing,No Action Needed,,,,,,,,,
Meter Tested As Per Safety Norms And Accuracy Found Within Limit At the Time Of Testing,No Action Needed,,,,,,,,,
meter tested as per safety norms meter accuracy found within limit at the time of testing,No Action Needed,,,,,,,,,
Meter tested as per all safety normsmeter accuracy found within limit at the time of testing,No Action Needed,,,,,,,,,
Meter tested as per all safety normsmeter accuracy found within limit at the time of testing,No Action Needed,,,,,,,,,
meter tested as per safety norms,No Action Needed,,,,,,,,,
Meter tested as per safety normsmeter accuracy found within limit at the time of testing,No Action Needed,,,,,,,,,
meter tested as per safety norms and Discuss with back office TL Enf IR no date Closed,No Action Needed,,,,,,,,,
meter tested as per safety norms,No Action Needed,,,,,,,,,
Meter Tested as per all safety norms All display parameters found OK at the time of meter testing,No Action Needed,,,,,,,,,
Meter Tested As per Safety noms Meter Accuracy within limit At the time of testing,No Action Needed,,,,,,,,,
meter tested as per safety norms meter accuracy founde within limit at the time of testing,No Action Needed,,,,,,,,,
Meter Tested As Per Safety Norms And Accuracy Found Within Limit At the Time Of Testing,No Action Needed,,,,,,,,,
Meter Tested As per Safety noms Meter Accuracy within limit At the time of testing,No Action Needed,,,,,,,,,
Meter tested as per all safety norms and accuracy found within limit at the time of testing,No Action Needed,,,,,,,,,
Meter tested as per all safety normsAll display parameters found OK at the time of meter testing,No Action Needed,,,,,,,,,
Meter tested as per all safety normsAll display parameters found OK at the time of meter testing,No Action Needed,,,,,,,,,
Meter Tested As Per Safety Norms And Accuracy Found Within Limit At the Time Of Testing,No Action Needed,,,,,,,,,
Meter tested as per all safety norms and accuracy found within limit at the time of testing,No Action Needed,,,,,,,,,
Meter tested as per all safety norms All display parameters found OK at the time of meter testing,No Action Needed,,,,,,,,,
Meter tested as per all safety normsmeter accuracy found within limit at the time of testing,No Action Needed,,,,,,,,,
Meter tested as per all safety normsmeter accuracy found within limit at the time of testing,No Action Needed,,,,,,,,,
Meter tested as per all safety normsmeter accuracy found within limit at the time of testing,No Action Needed,,,,,,,,,
Meter tested as per safety norms meter accuracy found within limit at the time of testing,No Action Needed,,,,,,,,,
Meter Tested As Per Safety Norms And Accuracy Found Within Limit At the Time Of Testing,No Action Needed,,,,,,,,,
Meter tested as per safety normsmeter accuracy found within limit at the time of testing,No Action Needed,,,,,,,,,
meter testedas per safety norms,No Action Needed,,,,,,,,,
meter tested as per safety norms oftpddlaccuracy found within limitatatime oftesting,No Action Needed,,,,,,,,,
Meter tested as per all safety norms All display parameters found OK at the time of meter testing,No Action Needed,,,,,,,,,
Meter tested as per all safety normsmeter accuracy found within limit at the time of testing,No Action Needed,,,,,,,,,
Meter tested as per all safety norms All display parameters found OK at the time of meter testing,No Action Needed,,,,,,,,,
Meter tested as per all safety norms and accuracy found within limit at the time of testing,No Action Needed,,,,,,,,,
Meter tested as per all safety normsmeter accuracy found within limit at the time of testing,No Action Needed,,,,,,,,,
Meter tested as per all safety normsmeter accuracy found within limit at the time of testing,No Action Needed,,,,,,,,,
Meter tested as per all safety norms All display parameters found OK at the time of meter testing,No Action Needed,,,,,,,,,
Meter tested as per all safety normsmeter accuracy found within limit at the time of testing,No Action Needed,,,,,,,,,
Meter tested as per all safety norms All display parameters found OK at the time of meter testing,No Action Needed,,,,,,,,,
Meter tested as per all safety norms All display parameters found OK at the time of meter testing,No Action Needed,,,,,,,,,
Meter tested as per all safety norms and accuracy found within limit at the time of testing,No Action Needed,,,,,,,,,
Meter tested as per all safety normsmeter accuracy found within limit at the time of testing,No Action Needed,,,,,,,,,
Meter tested as per all safety normsmeter accuracy found within limit at the time of testing,No Action Needed,,,,,,,,,
Meter tested as per all safety norms and accuracy found within limit at the time of testing,No Action Needed,,,,,,,,,
Meter tested as per all safety normsmeter accuracy found within limit at the time of testing,No Action Needed,,,,,,,,,
Meter tested as per all safety normsmeter accuracy found within limit at the time of testing,No Action Needed,,,,,,,,,
Meter tested as per all safety norms All display parameters found OK at the time of meter testing,No Action Needed,,,,,,,,,
Meter tested as per all safety norms and accuracy found within limit at the time of testing,No Action Needed,,,,,,,,,
Meter tested as per all safety normsAll display parameters found OK at the time of meter testing,No Action Needed,,,,,,,,,
Meter tested as per all safety normsmeter accuracy found within limit at the time of testing,No Action Needed,,,,,,,,,
meter tested as per safety norms,No Action Needed,,,,,,,,,
Meter tested as per safety norms meter accuracy found within limit at the time of testing,No Action Needed,,,,,,,,,
Meter tested as per all safety norms All display parameters found OK at the time of meter testing,No Action Needed,,,,,,,,,
Meter tested as per all safety norms and accuracy found within limit at the time of testing,No Action Needed,,,,,,,,,
Meter tested as per all safety normsmeter accuracy found within limit at the time of testing,No Action Needed,,,,,,,,,
Meter tested as per all safety norms All display parameters found OK at the time of meter testing,No Action Needed,,,,,,,,,
Meter tested as per all safety normsmeter accuracy found within limit at the time of testing,No Action Needed,,,,,,,,,
Meter tested as per all safety norms All display parameters found OK at the time of meter testing,No Action Needed,,,,,,,,,
meter abnormal pulse blinking so meter defective need replacement,No Action Needed,,,,,,,,,
meter tested as per safety norms oftpddlaccuracy found within limitatatime oftesting,No Action Needed,,,,,,,,,
Meter tested as per safety normsmeter accuracy found within limit at the time of testing,No Action Needed,,,,,,,,,
Meter tested as per all safety norms All display parameters found OK at the time of meter testing,No Action Needed,,,,,,,,,
meter tested as per safety norms meter accuracy found within limit at the time of testing,No Action Needed,,,,,,,,,
Meter tested as per all safety norms and accuracy found within limit at the time of testing,No Action Needed,,,,,,,,,
Meter tested as per all safety normsmeter accuracy found within limit at the time of testing,No Action Needed,,,,,,,,,
Meter tested as per all safety norms All display parameters found OK at the time of meter testing,No Action Needed,,,,,,,,,
meter tested as per safety norms oftpddlaccuracy found within limitatatime oftesting,No Action Needed,,,,,,,,,
meter tested as per safety norms,No Action Needed,,,,,,,,,
Meter tested as per all safety norms All display parameters found OK at the time of meter testing,No Action Needed,,,,,,,,,
Meter tested as per safety normsmeter accuracy found within limit at the time of testing,No Action Needed,,,,,,,,,
meter testing as per safety norms,No Action Needed,,,,,,,,,
Meter tested as per all safety norms All display parameter found OK at the time of meter testing,No Action Needed,,,,,,,,,
Meter tested as per all safety normsmeter accuracy found within limit at the time of testing,No Action Needed,,,,,,,,,
Meter tested as per all safety norms All display parameters found OK at the time of meter testing,No Action Needed,,,,,,,,,
Meter tested as per all safety norms All display parameters found OK at the time of meter testing,No Action Needed,,,,,,,,,
Meter tested as per all safety norms All display parameters found OK at the time of meter testing,No Action Needed,,,,,,,,,
meter tested as per safety norms,No Action Needed,,,,,,,,,
meter tested as per safety norms,No Action Needed,,,,,,,,,
meter tested as per safety norms and meter box seals found missing discuss with back office and consumer Meter already tested on,No Action Needed,,,,,,,,,
Meter tested as per all safety normsmeter accuracy found within limit at the time of testing,No Action Needed,,,,,,,,,
Meter tested as per all safety normsmeter accuracy found within limit at the time of testing,No Action Needed,,,,,,,,,
Meter tested as per safety normsmeter accuracy found within limit at the time of testing,No Action Needed,,,,,,,,,
meter tested as per safety norms,No Action Needed,,,,,,,,,
Meter tested as per safety norma,No Action Needed,,,,,,,,,
Meter tested as per safety normsmeter accuracy found within limit at the time of testing,No Action Needed,,,,,,,,,
meter tested as per safety norms,No Action Needed,,,,,,,,,
meter tested as per safety norms,No Action Needed,,,,,,,,,
Meter tested as per all safety normsmeter accuracy found within limit at the time of testing,No Action Needed,,,,,,,,,
Meter tested as per all safety norms All display parameters found OK at the time of meter testing,No Action Needed,,,,,,,,,
meter tested as per safety norms meter accuracy found within limit at the time of testing,No Action Needed,,,,,,,,,
Meter tested as per all safety norms All display parameters found OK at the time of meter testing,No Action Needed,,,,,,,,,
Meter tested as per all safety norms All display parameters found OK at the time of meter testing,No Action Needed,,,,,,,,,
Meter tested as per all safety norms All display parameters found OK at the time of meter testing,No Action Needed,,,,,,,,,
Meter tested as per safety normsmeter accuracy found within limit at the time of testing,No Action Needed,,,,,,,,,
Meter Tested As per Safety noms Meter Accuracy within limit At the time of testing,No Action Needed,,,,,,,,,
Meter Tested As per Safety noms Meter Accuracy within limit At the time of testing,No Action Needed,,,,,,,,,
Meter tested as per safety norms meter accuracy found within limit at the time of testing,No Action Needed,,,,,,,,,
Meter tested as per all safety normsmeter accuracy found within limit at the time of testing,No Action Needed,,,,,,,,,
Meter tested as per all safety norms All display parameters found OK at the time of meter testing,No Action Needed,,,,,,,,,
Meter tested as per all safety normsmeter accuracy found within limit at the time of testing,No Action Needed,,,,,,,,,
Meter tested as per all safety normsmeter accuracy found within limit at the time of testing,No Action Needed,,,,,,,,,
Meter tested as per all safety normsmeter accuracy found within limit at the time of testing,No Action Needed,,,,,,,,,
Meter tested as per all safety norms All display parameters found OK at the time of meter testing,No Action Needed,,,,,,,,,
Meter tested as per all safety normsmeter accuracy found within limit at the time of testing,No Action Needed,,,,,,,,,
Meter tested as per all safety normsmeter accuracy found within limit at the time of testing,No Action Needed,,,,,,,,,
Meter tested as per all safety norms and accuracy found within limit at the time of testing,No Action Needed,,,,,,,,,
Meter tested as per all safety normsmeter accuracy found within limit at the time of testing,No Action Needed,,,,,,,,,
Meter tested as per all safety normsmeter accuracy found within limit at the time of testing,No Action Needed,,,,,,,,,
Meter Tested As Per Safety Norms And Accuracy Found Within Limit At the Time Of Testing,No Action Needed,,,,,,,,,
Meter Tested As Per Safety Norms And Accuracy Found Within Limit At the Time Of Testing,No Action Needed,,,,,,,,,
meter tested as per safty norms meter accuracy found within limit at the time of testing,No Action Needed,,,,,,,,,
meter tested as per safty norms meter accuracy found within limit at the time of testing,No Action Needed,,,,,,,,,
Meter tested as per all safety norms All display parameters found OK at the time of meter testing,No Action Needed,,,,,,,,,
Meter tested as per all safety normsmeter accuracy found within limit at the time of testing,No Action Needed,,,,,,,,,
Meter tested as per all safety norms All display parameters found OK at the time of meter testing,No Action Needed,,,,,,,,,
Meter Tested As Per Safety Norms And Accuracy Found Within Limit At the Time Of Testing,No Action Needed,,,,,,,,,
Meter tested as per safety normsmeter accuracy found within limit at the time of testing,No Action Needed,,,,,,,,,
Meter tested as per safety norms meter accuracy found within limit at the time of testing,No Action Needed,,,,,,,,,
meter tested as per safty norms meter accuracy found within limit at the time of testing,No Action Needed,,,,,,,,,
Meter tested as per safety normsmeter accuracy found within limit at the time of testing,No Action Needed,,,,,,,,,
Meter tested as per safety norms meter accuracy found within limit at the time of testing,No Action Needed,,,,,,,,,
Meter tested as per all safety normsmeter accuracy found within limit at the time of testing,No Action Needed,,,,,,,,,
Meter Tested As Per Safety Norms And Accuracy Found Within Limit At the Time Of Testing,No Action Needed,,,,,,,,,
meter tested as per safety,No Action Needed,,,,,,,,,
meter tested as per safety norms oftpddlaccuracy found within limitatatime oftesting,No Action Needed,,,,,,,,,
Meter tested as per safety norma on external load,No Action Needed,,,,,,,,,
Meter tested as per safety norms meter accuracy found within limit at the time of testing,No Action Needed,,,,,,,,,
meter tested as per safety norms oftpddlaccuracy found within limitatatime oftesting,No Action Needed,,,,,,,,,
Meter tested as per safety normsmeter accuracy found within limit at the time of testing,No Action Needed,,,,,,,,,
Meter Tested As Per Safety Norms And Accuracy Found Within Limit At the Time Of Testing,No Action Needed,,,,,,,,,
Meter tested as per safety normsmeter accuracy found within limit at the time of testing,No Action Needed,,,,,,,,,
Meter Tested As Per Safety Norms And Accuracy Found Within Limit At the Time Of Testing,No Action Needed,,,,,,,,,
meter tested as per safety norms,No Action Needed,,,,,,,,,
Meter Tested As Per Safety Norms And Accuracy Found Within Limit At the Time Of Testing,No Action Needed,,,,,,,,,
Meter tested as per safety norms meter accuracy found within limit at the time of testing,No Action Needed,,,,,,,,,
Meter tested as per safety norms meter accuracy found within limit at the time of testing,No Action Needed,,,,,,,,,
Meter RTC Curruped So Meter Defective Needs to be replacement At the time of testing,No Action Needed,,,,,,,,,
Meter tested as per safety normsmeter accuracy found within limit at the time of testing,No Action Needed,,,,,,,,,
meter tested as per safety norms Meter accuracy found within limit at the time of testing,No Action Needed,,,,,,,,,
meter tested as per safety norms oftpddlaccuracy found within limitatatime oftesting,No Action Needed,,,,,,,,,
meter tested as per safety norms oftpddlaccuracy found within limitatatime oftesting,No Action Needed,,,,,,,,,
meter tested as per safety norms oftpddlaccuracy found within limitatatime oftesting,No Action Needed,,,,,,,,,
meter tested as per safety norms oftpddlaccuracy found within limitatatime oftesting,No Action Needed,,,,,,,,,
Meter Tested As Per Safety Norms And Accuracy Found Within Limit At the Time Of Testing,No Action Needed,,,,,,,,,
meter tested as per safety norms,No Action Needed,,,,,,,,,
Meter tested as per safety norms meter accuracy found within limit at the time of testing meter not in use all elements are working,No Action Needed,,,,,,,,,
Meter tested as per all safety normsmeter accuracy found within limit at the time of testing,No Action Needed,,,,,,,,,
Meter tested as per all safety normsmeter accuracy found within limit at the time of testing,No Action Needed,,,,,,,,,
Meter tested as per all safety norms All display parameters found OK at the time of meter testing,No Action Needed,,,,,,,,,
Meter tested as per all safety normsmeter accuracy found within limit at the time of testing,No Action Needed,,,,,,,,,
Meter tested as per safety norms meter accuracy found within limit at the time of testing meter not in use all elements are working,No Action Needed,,,,,,,,,
Meter Tested As Per Safety Norms And Accuracy Found Within Limit At the Time Of Testing,No Action Needed,,,,,,,,,
Meter tested as per safety normsmeter accuracy found within limit at the time of testing,No Action Needed,,,,,,,,,
Meter Tested As per Safety noms Meter Accuracy within limit At the time of testing,No Action Needed,,,,,,,,,
Meter Tested As Per Safety Norms And Accuracy Found Within Limit At the Time Of Testing,No Action Needed,,,,,,,,,
Meter tested as per all safety normsmeter accuracy found within limit at the time of testing,No Action Needed,,,,,,,,,
Meter tested as per all safety norms All display parameters found OK at the time of meter testing,No Action Needed,,,,,,,,,
meter tested as per safety norms,No Action Needed,,,,,,,,,
meter tested as per safety norms,No Action Needed,,,,,,,,,
meter tested as per safety norms oftpddlaccuracy found within limitatatime oftesting,No Action Needed,,,,,,,,,
meter tested as per safety norms,No Action Needed,,,,,,,,,
meter tested as per safety norms,No Action Needed,,,,,,,,,
Meter tested as per all safety norms and accuracy found within limit at the time of testingMeter not is use,No Action Needed,,,,,,,,,
Meter tested as per all safety normsmeter accuracy found within limit at the time of testing,No Action Needed,,,,,,,,,
Meter tested as per all safety norms All display parameters found OK at the time of meter testing,No Action Needed,,,,,,,,,
Meter tested as per all safety norms and accuracy found within limit at the time of testing,No Action Needed,,,,,,,,,
Meter tested as per all safety normsmeter accuracy found within limit at the time of testing,No Action Needed,,,,,,,,,
Meter tested as per all safety normsmeter accuracy found within limit at the time of testing,No Action Needed,,,,,,,,,
Meter tested as per all safety normsmeter accuracy found within limit at the time of testing,No Action Needed,,,,,,,,,
Meter tested as per all safety normsmeter accuracy found within limit at the time of testing,No Action Needed,,,,,,,,,
Meter tested as per safety norms meter accuracy found within limit at the time of testing,No Action Needed,,,,,,,,,
meter tested as per safety norms,No Action Needed,,,,,,,,,
Meter tested as per safety norma,No Action Needed,,,,,,,,,
meter tested as per safety norms,No Action Needed,,,,,,,,,
Meter tested as per safety normsmeter accuracy found within limit at the time of testing,No Action Needed,,,,,,,,,
meter tested as per safety norms,No Action Needed,,,,,,,,,
meter tested as per safety norms,No Action Needed,,,,,,,,,
meter rested as per safety norms,No Action Needed,,,,,,,,,
meter tested as per safety norms oftpddlaccuracy found within limitatatime oftesting,No Action Needed,,,,,,,,,
Meter Tested As Per Safety Norms And Accuracy Found Within Limit At the Time Of Testing,No Action Needed,,,,,,,,,
Meter Tested As per Safety noms Meter Accuracy within limit At the time of testing,No Action Needed,,,,,,,,,
Meter Tested As Per Safety Norms And Accuracy Found Within Limit At the Time Of Testing,No Action Needed,,,,,,,,,
meter tested as per safety norms,No Action Needed,,,,,,,,,
Meter tested as per safety normsmeter accuracy found within limit at the time of testing,No Action Needed,,,,,,,,,
meter tested as per safety norms,No Action Needed,,,,,,,,,
Meter tested as per all safety normsAll display parameters found OK at the time of meter testing,No Action Needed,,,,,,,,,
Meter tested as per safety norms meter accuracy found within limit at the time of testing,No Action Needed,,,,,,,,,
Meter tested as per safety normsmeter accuracy found within limit at the time of testing,No Action Needed,,,,,,,,,
Meter tested as per safty norms meter accuracy found within limit at the time of testing,No Action Needed,,,,,,,,,
Meter tested as per all safety normsmeter accuracy found within limit at the time of testing,No Action Needed,,,,,,,,,
Meter tested as per all safety normsmeter accuracy found within limit at the time of testing,No Action Needed,,,,,,,,,
meter tested as per safety norms,No Action Needed,,,,,,,,,
meter tested as per safety norms Meter accuracy found within limit at the time of testing,No Action Needed,,,,,,,,,
meter tested as per safety norms oftpddlaccuracy found within limitatatime oftesting,No Action Needed,,,,,,,,,
meter tested as per safety norms meter accuracy found within limit at the time of testing,No Action Needed,,,,,,,,,
Meter tested as per all safety norms and accuracy found within limit at the time of testing,No Action Needed,,,,,,,,,
Meter tested as per all safety norms and accuracy found within limit at the time of testing,No Action Needed,,,,,,,,,
Meter tested as per all safety norms and accuracy found within limit at the time of testing,No Action Needed,,,,,,,,,
Meter tested as per all safety norms and accuracy found within limit at the time of testing,No Action Needed,,,,,,,,,
meter tested as per safety norms oftpddlaccuracy found within limitatatime oftesting,No Action Needed,,,,,,,,,
Meter Tested As Per Safety Norms And Accuracy Found Within Limit At the Time Of Testing,No Action Needed,,,,,,,,,
Meter tested as per safety normsmeter accuracy found within limit at the time of testing,No Action Needed,,,,,,,,,
meter tested as per safety norms meter accuracy found within limit at the time of testing,No Action Needed,,,,,,,,,
Meter Tested As per Safety noms Meter Accuracy within limit At the time of testing,No Action Needed,,,,,,,,,
Meter tested as per all safety normsmeter accuracy found within limit at the time of testing,No Action Needed,,,,,,,,,
Meter tested as per all safety norms All display parameters found OK at the time of meter testing,No Action Needed,,,,,,,,,
Meter tested as per all safety normsmeter accuracy found within limit at the time of testing,No Action Needed,,,,,,,,,
Meter tested as per all safety norms All display parameters found OK at the time of meter testing,No Action Needed,,,,,,,,,
Meter tested as per all safety norms All display parameters found OK at the time of meter testing,No Action Needed,,,,,,,,,
Meter tested as per safety norms meter accuracy found within limit at the time of testing,No Action Needed,,,,,,,,,
Meter Tested As per Safety noms Meter Accuracy within limit At the time of testing,No Action Needed,,,,,,,,,
meter tested as per safety norms oftpddlaccuracy found within limitatatime oftesting consumer not able to signature,No Action Needed,,,,,,,,,
meter tested as per safety norms,No Action Needed,,,,,,,,,
Meter Tested as per all safety norms All display parameters found OK at the time of meter testing,No Action Needed,,,,,,,,,
Meter RTC failed at the time of testing so meter need to be change,No Action Needed,,,,,,,,,
Meter tested as per all safety norms All display parameters found OK at the time of meter testing,No Action Needed,,,,,,,,,
Meter tested as per all safety norms All display parameters found OK at the time of meter testing,No Action Needed,,,,,,,,,
Meter tested as per all safety norms and accuracy found within limit at the time of testing,No Action Needed,,,,,,,,,
Meter Tested as per all safety norms All display parameters found OK at the time of meter testing,No Action Needed,,,,,,,,,
meter tested as per safety norms,No Action Needed,,,,,,,,,
Meter tested as per all safety norms All display parameters found OK at the time of meter testing,No Action Needed,,,,,,,,,
Meter tested as per safty norms meter accuracy found within limit at the time of testing,No Action Needed,,,,,,,,,
Meter tested as per safety normsmeter accuracy found within limit at the time of testing,No Action Needed,,,,,,,,,
Meter tested as per safety norms meter accuracy found within limit at the time of testing,No Action Needed,,,,,,,,,
Meter tested as per safety normsmeter accuracy found within limit at the time of testing,No Action Needed,,,,,,,,,
Meter Tested as per all safety norms All display parameters found OK at the time of meter testing,No Action Needed,,,,,,,,,
Meter tested as per safety norms meter accuracy found within limit at the time of testing,No Action Needed,,,,,,,,,
Meter tested as per safety normsmeter accuracy found within limit at the time of testing,No Action Needed,,,,,,,,,
Meter Tested As per Safety noms Meter Accuracy within limit At the time of testing,No Action Needed,,,,,,,,,
meter tested as per safty norms meter accuracy found within limit at the time of testing,No Action Needed,,,,,,,,,
Meter tested as per safety norms meter accuracy found within limit at the time of testing,No Action Needed,,,,,,,,,
Meter tested as per safety normsmeter accuracy found within limit at the time of testing,No Action Needed,,,,,,,,,
meter tested as per safety norms oftpddlaccuracy found within limitatatime oftesting,No Action Needed,,,,,,,,,
Meter tested as per safety normsmeter accuracy found within limit at the time of testing,No Action Needed,,,,,,,,,
meter tested as per safety norms,No Action Needed,,,,,,,,,
Meter Tested as per all safety norms All display parameters found OK at the time of meter testing,No Action Needed,,,,,,,,,
Meter tested as per safety norms meter accuracy found within limit at the time of testing,No Action Needed,,,,,,,,,
meter tested as per safety norms oftpddlaccuracy found within limitatatime oftesting,No Action Needed,,,,,,,,,
Meter Tested As per Safety noms Meter Accuracy within limit At the time of testing,No Action Needed,,,,,,,,,
meter tested as per safety norms,No Action Needed,,,,,,,,,
Meter tested as per safety norms meter accuracy found within limit at the time of testing,No Action Needed,,,,,,,,,
meter tested as per safety norms,No Action Needed,,,,,,,,,
meter tested as per safety norms,No Action Needed,,,,,,,,,
meter rested as per safety norms,No Action Needed,,,,,,,,,
meter tested as per safety norms,No Action Needed,,,,,,,,,
Meter Tested as per all safety norms All display parameters found OK at the time of meter testing,No Action Needed,,,,,,,,,
meter tested as per safety norms,No Action Needed,,,,,,,,,
Meter Tested as per all safety norms All display parameters found OK at the time of meter testing,No Action Needed,,,,,,,,,
meter tested as per safety norms,No Action Needed,,,,,,,,,
Meter Tested As Per Safety Norms And Accuracy Found Within Limit At the Time Of Testing,No Action Needed,,,,,,,,,
Meter tested as per safety norms meter accuracy found within limit at the time of testing,No Action Needed,,,,,,,,,
Meter tested as per all safety normsmeter accuracy found within limit at the time of testing,No Action Needed,,,,,,,,,
Meter tested as per all safety normsmeter accuracy found within limit at the time of testing,No Action Needed,,,,,,,,,
Meter tested as per all safety normsmeter accuracy found within limit at the time of testing,No Action Needed,,,,,,,,,
meter tested as per safety norms meter accuracy found within limit at the time of testing,No Action Needed,,,,,,,,,
Meter Tested as per all safety norms All display parameters found OK at the time of meter testing,No Action Needed,,,,,,,,,
Meter tested as per safety normsmeter accuracy found within limit at the time of testing,No Action Needed,,,,,,,,,
meter tested as per safety norms,No Action Needed,,,,,,,,,
meter tested as per safety norms,No Action Needed,,,,,,,,,
Meter tested as per all safety normsmeter accuracy found within limit at the time of testing,No Action Needed,,,,,,,,,
Meter tested as per all safety norms and accuracy found within limit at the time of testing,No Action Needed,,,,,,,,,
Meter tested as per all safety norms and accuracy found within limit at the time of testing,No Action Needed,,,,,,,,,
Meter tested as per all safety norms and accuracy found within limit at the time of testing,No Action Needed,,,,,,,,,
Meter tested as per all safety norms and accuracy found within limit at the time of testing,No Action Needed,,,,,,,,,
Meter Tested As Per Safety Norms And Accuracy Found Within Limit At the Time Of Testing,No Action Needed,,,,,,,,,
Meter tested as per safety norms meter accuracy found within limit at the time of testing,No Action Needed,,,,,,,,,
Meter tested as per safety norms meter accuracy found within limit at the time of testing,No Action Needed,,,,,,,,,
Meter tested as per all safety normsAll display parameters found OK at the time of meter testing,No Action Needed,,,,,,,,,
Meter tested as per all safety normsAll display parameters found OK at the time of meter testing,No Action Needed,,,,,,,,,
Meter tested as per all safety normsmeter accuracy found within limit at the time of testing,No Action Needed,,,,,,,,,
Meter tested as per all safety normsmeter accuracy found within limit at the time of testing,No Action Needed,,,,,,,,,
Meter tested as per all safety norms and accuracy found within limit at the time of testing,No Action Needed,,,,,,,,,
Meter tested as per all safety normsmeter accuracy found within limit at the time of testing,No Action Needed,,,,,,,,,
Meter tested as per all safety norms and accuracy found within limit at the time of testing,No Action Needed,,,,,,,,,
meter tested as per safety norms,No Action Needed,,,,,,,,,
meter tested as per safety norms,No Action Needed,,,,,,,,,
Meter Tested As Per Safety Norms And Accuracy Found Within Limit At the Time Of Testing,No Action Needed,,,,,,,,,
Meter tested as per safety normsmeter accuracy found within limit at the time of testing Earth symbol showing on meter display,No Action Needed,,,,,,,,,
Meter tested as per all safety normsmeter accuracy found within limit at the time of testing,No Action Needed,,,,,,,,,
Meter Tested As Per Safety Norms And Accuracy Found Within Limit At the Time Of Testing,No Action Needed,,,,,,,,,
Meter Tested As Per Safety Norms And Accuracy Found Within Limit At the Time Of Testing,No Action Needed,,,,,,,,,
Meter Tested as per all safety norms All display parameters found OK at the time of meter testing Contacted Person Laxmi,No Action Needed,,,,,,,,,
Meter tested as per all safety norms and accuracy found within limit at the time of testing,No Action Needed,,,,,,,,,
Meter Tested As Per Safety Norms And Accuracy Found Within Limit At the Time Of Testing,No Action Needed,,,,,,,,,
Meter tested as per all safety norms and accuracy found within limit at the time of testing,No Action Needed,,,,,,,,,
Meter tested as per all safety normsmeter accuracy found within limit at the time of testing,No Action Needed,,,,,,,,,
Meter tested as per all safety normsmeter accuracy found within limit at the time of testing,No Action Needed,,,,,,,,,
Meter tested as per safety norms meter accuracy found within limit at the time of testing consumer refused to sign,No Action Needed,,,,,,,,,
meter tested as per safety norms oftpddlaccuracy found within limitatatime oftesting,No Action Needed,,,,,,,,,
Meter Tested as per all safety norms All display parameters found OK at the time of meter testing,No Action Needed,,,,,,,,,
Meter tested as per safety norms meter accuracy found within limit at the time of testing,No Action Needed,,,,,,,,,
meter tested as per safety norms oftpddlaccuracy found within limitatatime oftesting,No Action Needed,,,,,,,,,
Meter tested as per all safety normsmeter accuracy found within limit at the time of testing,No Action Needed,,,,,,,,,
Meter tested as per all safety norms and accuracy found within limit at the time of testing,No Action Needed,,,,,,,,,
Meter tested as per all safety norms All display parameters found OK at the time of meter testing,No Action Needed,,,,,,,,,
Meter tested as per all safety norms and accuracy found within limit at the time of testing,No Action Needed,,,,,,,,,
Meter tested as per safety norms meter accuracy found within limit at the time of testing,No Action Needed,,,,,,,,,
Meter tested as per safety norms meter accuracy found within limit at the time of testing,No Action Needed,,,,,,,,,
meter tested as per safety norms meter accuracy found within limit at the time of testing,No Action Needed,,,,,,,,,
meter tested as per safety norms oftpddlaccuracy found within limitatatime oftesting,No Action Needed,,,,,,,,,
Meter tested as per all safety normsmeter accuracy found within limit at the time of testing,No Action Needed,,,,,,,,,
Meter tested as per all safety normsmeter accuracy found within limit at the time of testing,No Action Needed,,,,,,,,,
Meter tested as per all safety normsmeter accuracy found within limit at the time of testing,No Action Needed,,,,,,,,,
Meter tested as per all safety norms All display parameters found OK at the time of meter testing,No Action Needed,,,,,,,,,
Meter tested as per all safety norms All display parameters found OK at the time of meter testing,No Action Needed,,,,,,,,,
Meter tested as per all safety normsmeter accuracy found within limit at the time of testing,No Action Needed,,,,,,,,,
Meter tested as per all safety normsmeter accuracy found within limit at the time of testing,No Action Needed,,,,,,,,,
Meter tested as per all safety normsmeter accuracy found within limit at the time of testing,No Action Needed,,,,,,,,,
Meter tested as per all safety normsmeter accuracy found within limit at the time of testing,No Action Needed,,,,,,,,,
Meter tested as per safety norms meter accuracy found within limit at the time of testing,No Action Needed,,,,,,,,,
Meter Tested as per all safety norms All display parameters found OK at the time of meter testing Meter testing is witnessed by Shri Rajeev Sharma and Shri Harbhajan Singh STS Dept,No Action Needed,,,,,,,,,
Meter tested as per all safety normsmeter accuracy found within limit at the time of testing,No Action Needed,,,,,,,,,
Meter tested as per all safety norms and accuracy found within limit at the time of testing,No Action Needed,,,,,,,,,
Meter tested as per all safety normsmeter accuracy found within limit at the time of testing,No Action Needed,,,,,,,,,
Meter tested as per all safety norms All display parameters found OK at the time of meter testing,No Action Needed,,,,,,,,,
Meter tested as per all safety norms and accuracy found within limit at the time of testing,No Action Needed,,,,,,,,,
Meter Tested as per all safety norms All display parameters found OK at the time of meter testing,No Action Needed,,,,,,,,,
meter tested as per safety norms meter accuracy founde within limit at the time of testing,No Action Needed,,,,,,,,,
meter tested ase per safety norms meter accuracy found within limit at the time of testing,No Action Needed,,,,,,,,,
Meter Tested as per all safety norms All display parameters found OK at the time of meter testing,No Action Needed,,,,,,,,,
meter tested as per safety norms,No Action Needed,,,,,,,,,
Meter tested as per all safety normsmeter accuracy found within limit at the time of testing,No Action Needed,,,,,,,,,
Meter tested as per all safety norms All display parameters found OK at the time of meter testing,No Action Needed,,,,,,,,,
Meter tested as per all safety normsmeter accuracy found within limit at the time of testing,No Action Needed,,,,,,,,,
Meter tested as per all safety norms All display parameters found OK at the time of meter testing,No Action Needed,,,,,,,,,
Meter tested as per all safety normsmeter accuracy found within limit at the time of testing,No Action Needed,,,,,,,,,
Meter tested as per all safety normsmeter accuracy found within limit at the time of testing,No Action Needed,,,,,,,,,
Meter tested as per all safety normsmeter accuracy found within limit at the time of testing,No Action Needed,,,,,,,,,
Meter tested as per all safety normsmeter accuracy found within limit at the time of testing,No Action Needed,,,,,,,,,
Meter tested as per all safety normsmeter accuracy found within limit at the time of testing,No Action Needed,,,,,,,,,
Meter tested as per all safety normsmeter accuracy found within limit at the time of testing,No Action Needed,,,,,,,,,
Meter tested as per all safety normsmeter accuracy found within limit at the time of testing,No Action Needed,,,,,,,,,
Meter tested as per all safety normsmeter accuracy found within limit at the time of testing,No Action Needed,,,,,,,,,
Meter tested as per all safety normsmeter accuracy found within limit at the time of testing,No Action Needed,,,,,,,,,
Meter tested as per all safety norms All display parameters found OK at the time of meter testing,No Action Needed,,,,,,,,,
Meter tested as per all safety normsmeter accuracy found within limit at the time of testing,No Action Needed,,,,,,,,,
Meter tested as per all safety normsmeter accuracy found within limit at the time of testing,No Action Needed,,,,,,,,,
meter tested as per safety norms meter accuracy found within limit at the time of testing,No Action Needed,,,,,,,,,
meter tested as per safety norms,No Action Needed,,,,,,,,,
meter tested as per safety norms oftpddlaccuracy found within limitatatime oftesting,No Action Needed,,,,,,,,,
Meter tested as per all safety norms All display parameters found OK at the time of meter testing,No Action Needed,,,,,,,,,
Meter tested as per all safety norms All display parameters found OK at the time of meter testing,No Action Needed,,,,,,,,,
Meter tested as per all safety norms and accuracy found within limit at the time of testing,No Action Needed,,,,,,,,,
Meter tested as per all safety norms All display parameters found OK at the time of meter testing,No Action Needed,,,,,,,,,
Meter tested as per all safety normsmeter accuracy found within limit at the time of testing,No Action Needed,,,,,,,,,
Meter tested as per all safety norms All display parameters found OK at the time of meter testing,No Action Needed,,,,,,,,,
Meter tested as per all safety normsmeter accuracy found within limit at the time of testing,No Action Needed,,,,,,,,,
Meter tested as per all safety norms All display parameters found OK at the time of meter testing,No Action Needed,,,,,,,,,
Meter tested as per all safety normsmeter accuracy found within limit at the time of testing,No Action Needed,,,,,,,,,
meter tested as per safety norms oftpddlaccuracy found within limitatatime oftesting,No Action Needed,,,,,,,,,
Meter tested as per safety normsmeter accuracy found within limit at the time of testing,No Action Needed,,,,,,,,,
Meter tested as per safety norms meter accuracy found within limit at the time of testing,No Action Needed,,,,,,,,,
meter tested as per safety norms oftpddlaccuracy found within limitatatime oftesting,No Action Needed,,,,,,,,,
Meter tested as per all safety normsmeter accuracy found within limit at the time of testing,No Action Needed,,,,,,,,,
Meter tested as per all safety normsAll display parameters found OK at the time of meter testing,No Action Needed,,,,,,,,,
Meter tested as per all safety normsmeter accuracy found within limit at the time of testing,No Action Needed,,,,,,,,,
Meter tested as per all safety normsmeter accuracy found within limit at the time of testing,No Action Needed,,,,,,,,,
Meter tested as per all safety normsmeter accuracy found within limit at the time of testing,No Action Needed,,,,,,,,,
Meter tested as per all safety norms and accuracy found within limit at the time of testing,No Action Needed,,,,,,,,,
Meter Tested As Per Safety Norms And Accuracy Found Within Limit At the Time Of Testing,No Action Needed,,,,,,,,,
Meter Tested As Per Safety Norms And Accuracy Found Within Limit At the Time Of Testing,No Action Needed,,,,,,,,,
meter tested as per safety norms oftpddlaccuracy found within limitatatime oftesting,No Action Needed,,,,,,,,,
Meter Tested As Per Safety Norms And Accuracy Found Within Limit At the Time Of Testing,No Action Needed,,,,,,,,,
meter tested as per safety norms oftpddlaccuracy found within limitatatime oftesting,No Action Needed,,,,,,,,,
Meter tested as per all safety norms and accuracy found within limit at the time of testing,No Action Needed,,,,,,,,,
Meter tested as per all safety normsmeter accuracy found within limit at the time of But Meter not in use,No Action Needed,,,,,,,,,
Meter Tested As per Safety noms Meter Accuracy within limit At the time of testing,No Action Needed,,,,,,,,,
Meter tested as per all safety normsAll display parameters found OK at the time of meter testing,No Action Needed,,,,,,,,,
Meter tested as per all safety normsmeter accuracy found within limit at the time of testing,No Action Needed,,,,,,,,,
Meter tested as per safety normsmeter accuracy found within limit at the time of testing,No Action Needed,,,,,,,,,
meter tested as per safety norms,No Action Needed,,,,,,,,,
Meter Tested As per Safety noms Meter Accuracy within limit At the time of testing,No Action Needed,,,,,,,,,
Meter Tested As Per Safety Norms And Accuracy Found Within Limit At the Time Of Testing,No Action Needed,,,,,,,,,
meter tested as per safety norms oftpddlaccuracy found within limitatatime oftesting,No Action Needed,,,,,,,,,
Meter tested as per safety norms Meter accuracy found within limit at the time of testing,No Action Needed,,,,,,,,,
Meter tested as per safety norms meter accuracy found within limit at the time of testing,No Action Needed,,,,,,,,,
Meter Tested as per all safety norms All display parameters found OK at the time of meter testing,No Action Needed,,,,,,,,,
Meter tested as per all safety normsmeter accuracy found within limit at the time of testing,No Action Needed,,,,,,,,,
Meter tested as per all safety norms All display parameters found OK at the time of meter testing,No Action Needed,,,,,,,,,
Meter Tested As per Safety noms Meter Accuracy within limit At the time of testing,No Action Needed,,,,,,,,,
meter tested as per safety norms,No Action Needed,,,,,,,,,
Meter tested as per safty norms meter accuracy found within limit at the time of testing,No Action Needed,,,,,,,,,
Meter tested as per all safety norms All display parameter found OK at the time of meter testing,No Action Needed,,,,,,,,,
Meter Tested as per all safety norms All display parameters found OK at the time of meter testing Contacted Person Sunil Kumar,No Action Needed,,,,,,,,,
Meter Tested As per Safety noms Meter Accuracy within limit At the time of testing Consumer Refused to Sing,No Action Needed,,,,,,,,,
Meter Tested As Per Safety Norms And Accuracy Found Within Limit At the Time Of Testing,No Action Needed,,,,,,,,,
meter tested as per safety norms meter accuracy found within limit at the time of testing,No Action Needed,,,,,,,,,
meter tested as per safety norms,No Action Needed,,,,,,,,,
Meter tested as per all safety normsmeter accuracy found within limit at the time of testing,No Action Needed,,,,,,,,,
Meter tested as per all safety normsmeter accuracy found within limit at the time of testing,No Action Needed,,,,,,,,,
Meter tested as per all safety normsmeter accuracy found within limit at the time of testing,No Action Needed,,,,,,,,,
meter tested as per safety norms,No Action Needed,,,,,,,,,
meter tested as per safety norms and consumer used only lighting load,No Action Needed,,,,,,,,,
Meter tested as per all safety normsAll display parameters found OK at the time of meter testing,No Action Needed,,,,,,,,,
meter tested as per safety norms,No Action Needed,,,,,,,,,
Meter tested as per all safety normsmeter accuracy found within limit at the time of testing,No Action Needed,,,,,,,,,
meter tested as per safety norms,No Action Needed,,,,,,,,,
Meter Tested As per Safety noms Meter Tested An External Load Meter Accuracy within limit At the time of testingConsumer not use In One phase,No Action Needed,,,,,,,,,
meter tested as per safety norms oftpddlaccuracy found within limitatatime oftesting,No Action Needed,,,,,,,,,
Meter tested as per safety normsmeter accuracy found within limit at the time of testing,No Action Needed,,,,,,,,,
Meter Tested As Per Safety Norms And Accuracy Found Within Limit At the Time Of Testing,No Action Needed,,,,,,,,,
Meter tested as per all safety norms All display parameter found OK at the time of meter testing,No Action Needed,,,,,,,,,
Meter tested as per all safety normsmeter accuracy found within limit at the time of testing,No Action Needed,,,,,,,,,
meter tested as per safety norms,No Action Needed,,,,,,,,,
meter tested as per safety norms oftpddlaccuracy found within limitatatime oftesting,No Action Needed,,,,,,,,,
Meter Tested As Per Safety Norms And Accuracy Found Within Limit At the Time Of Testing,No Action Needed,,,,,,,,,
Meter tested as per all safety normsmeter accuracy found within limit at the time of testing,No Action Needed,,,,,,,,,
Meter tested as per safety normsmeter accuracy found within limit at the time of testing,No Action Needed,,,,,,,,,
Meter tested as per all safety norms All display parameters found OK at the time of meter testing,No Action Needed,,,,,,,,,
Meter tested as per all safety norms All display parameters found OK at the time of meter testing,No Action Needed,,,,,,,,,
Meter tested as per all safety normsmeter accuracy found within limit at the time of testing,No Action Needed,,,,,,,,,
meter tested as per safety norms,No Action Needed,,,,,,,,,
Meter tested as per safety norms meter accuracy found within limit at the time of testing,No Action Needed,,,,,,,,,
Meter tested as per safety norms meter accuracy found within limit at the time of testing,No Action Needed,,,,,,,,,
meter tested as per safety norms,No Action Needed,,,,,,,,,
meter tested as per safty norms meter accuracy found within limit at the time of testing,No Action Needed,,,,,,,,,
meter tested as per safety norms,No Action Needed,,,,,,,,,
Meter tested as per safety norms meter accuracy found within limit at the time of testing,No Action Needed,,,,,,,,,
Meter Tested as per all safety norms All display parameters found OK at the time of meter testing Contacted Person Shanti,No Action Needed,,,,,,,,,
meter tested as per safety norms,No Action Needed,,,,,,,,,
Meter tested as per safety normsmeter accuracy found within limit at the time of testing,No Action Needed,,,,,,,,,
Meter Tested As per Safety noms Meter Accuracy within limit At the time of testing,No Action Needed,,,,,,,,,
meter tested as per safety norms,No Action Needed,,,,,,,,,
Meter tested as per all safety normsmeter accuracy found within limit at the time of testing,No Action Needed,,,,,,,,,
Meter tested as per safety norms meter accuracy found within limit at the time of testing,No Action Needed,,,,,,,,,
Meter tested as per all safety normsmeter accuracy found within limit at the time of testing,No Action Needed,,,,,,,,,
Meter tested as per all safety normsmeter accuracy found within limit at the time of testing,No Action Needed,,,,,,,,,
Meter tested as per all safety normsmeter accuracy found within limit at the time of testing,No Action Needed,,,,,,,,,
Meter tested as per all safety normsmeter accuracy found within limit at the time of testing,No Action Needed,,,,,,,,,
Meter Tested As Per Safety Norms And Accuracy Found Within Limit At the Time Of Testing,No Action Needed,,,,,,,,,
Meter Tested As Per Safety Norms And Accuracy Found Within Limit At the Time Of Testing,No Action Needed,,,,,,,,,
Meter tested as per safty norms meter accuracy found within limit at the time of testing,No Action Needed,,,,,,,,,
meter tested as per safty norms meter accuracy found within limit at the time of testing,No Action Needed,,,,,,,,,
meter tested as per safty norms meter accuracy found within limit at the time of testing,No Action Needed,,,,,,,,,
meter tested as per safety norms,No Action Needed,,,,,,,,,
meter tested as per safety norms oftpddlaccuracy found within limitatatime oftesting,No Action Needed,,,,,,,,,
Meter Tested as per all safety norms All display parameters found OK at the time of meter testing,No Action Needed,,,,,,,,,
meter tested as per safety norms oftpddlaccuracy found within limitatatime oftesting,No Action Needed,,,,,,,,,
Meter tested as per safety norms meter accuracy found within limit at the time of testing,No Action Needed,,,,,,,,,
Meter tested as per safety normsmeter accuracy found within limit at the time of testing,No Action Needed,,,,,,,,,
meter tested as per safety norms,No Action Needed,,,,,,,,,
Meter tested as per all safety normsmeter accuracy found within limit at the time of testing,No Action Needed,,,,,,,,,
Meter tested as per all safety normsmeter accuracy found within limit at the time of testing,No Action Needed,,,,,,,,,
Meter Tested As per Safety noms Meter Accuracy within limit At the time of testing,No Action Needed,,,,,,,,,
Meter Tested As per Safety noms Meter Accuracy within limit At the time of testing,No Action Needed,,,,,,,,,
meter tested as per safety norms,No Action Needed,,,,,,,,,
meter tested as per safety norms oftpddlaccuracy found within limitatatime oftesting,No Action Needed,,,,,,,,,
meter tested as per safety norms oftpddlaccuracy found within limitatatime oftesting,No Action Needed,,,,,,,,,
Meter tested as per safety normsmeter accuracy found within limit at the time of testing,No Action Needed,,,,,,,,,
Meter Tested As per Safety noms Meter Accuracy within limit At the time of testing,No Action Needed,,,,,,,,,
Meter tested as per safety norms meter accuracy found within limit at the time of testing,No Action Needed,,,,,,,,,
meter tested as per safty norms meter accuracy found within limit at the time of testing,No Action Needed,,,,,,,,,
Meter tested as per all safety normsmeter accuracy found within limit at the time of testing,No Action Needed,,,,,,,,,
Meter tested as per all safety norms All display parameters found OK at the time of meter testing,No Action Needed,,,,,,,,,
Meter tested as per all safety norms All display parameters found OK at the time of meter testing,No Action Needed,,,,,,,,,
Meter tested as per all safety normsmeter accuracy found within limit at the time of testing,No Action Needed,,,,,,,,,
Meter tested as per all safety norms and accuracy found within limit at the time of testing,No Action Needed,,,,,,,,,
Meter tested as per all safety norms and accuracy found within limit at the time of testing,No Action Needed,,,,,,,,,
Meter tested as per all safety norms and accuracy found within limit at the time of testing,No Action Needed,,,,,,,,,
Meter tested as per all safety norms and accuracy found within limit at the time of testing,No Action Needed,,,,,,,,,
Meter tested as per all safety normsmeter accuracy found within limit at the time of testing,No Action Needed,,,,,,,,,
Meter tested as per all safety norms and accuracy found within limit at the time of testing,No Action Needed,,,,,,,,,
Meter tested as per all safety norms and accuracy found within limit at the time of testing,No Action Needed,,,,,,,,,
meter tested as per safety norms meter accuracy found within limit at the time of testing,No Action Needed,,,,,,,,,
Meter tested as per all safety normsmeter accuracy found within limit at the time of testing,No Action Needed,,,,,,,,,
Meter tested as per all safety normsmeter accuracy found within limit at the time of testing,No Action Needed,,,,,,,,,
Meter tested as per safety normsmeter accuracy found within limit at the time of testing,No Action Needed,,,,,,,,,
Meter tested as per all safety norms All display parameters found OK at the time of meter testing,No Action Needed,,,,,,,,,
Meter tested as per all safety normsmeter accuracy found within limit at the time of testing,No Action Needed,,,,,,,,,
Meter tested as per all safety norms All display parameters found OK at the time of meter testing,No Action Needed,,,,,,,,,
Meter tested as per all safety normsmeter accuracy found within limit at the time of testing,No Action Needed,,,,,,,,,
Meter tested as per all safety norms All display parameters found OK at the time of meter testing,No Action Needed,,,,,,,,,
Meter tested as per all safety normsmeter accuracy found within limit at the time of testing,No Action Needed,,,,,,,,,
Meter tested as per all safety normsmeter accuracy found within limit at the time of testing,No Action Needed,,,,,,,,,
Meter tested as per all safety normsmeter accuracy found within limit at the time of testing,No Action Needed,,,,,,,,,
Meter tested as per all safety norms All display parameters found OK at the time of meter testing,No Action Needed,,,,,,,,,
Meter tested as per all safety normsmeter accuracy found within limit at the time of testing,No Action Needed,,,,,,,,,
Meter tested as per all safety normsmeter accuracy found within limit at the time of testing,No Action Needed,,,,,,,,,
Meter Tested As per Safety noms Meter Accuracy within limit At the time of testing,No Action Needed,,,,,,,,,
meter tested as per safety norms Meter accuracy found within limit at the time of testing,No Action Needed,,,,,,,,,
meter tested as per safety norms oftpddlaccuracy found within limitatatime oftesting,No Action Needed,,,,,,,,,
meter tested as per safety norms,No Action Needed,,,,,,,,,
Meter Tested As Per Safety Norms And Accuracy Found Within Limit At the Time Of Testing,No Action Needed,,,,,,,,,
Meter tested as per safety norms meter accuracy found within limit at the time of testing,No Action Needed,,,,,,,,,
Meter tested as per safety norms meter accuracy found within limit at the time of testing,No Action Needed,,,,,,,,,
meter tested as per safety norms,No Action Needed,,,,,,,,,
Meter Tested As Per Safety Norms And Accuracy Found Within Limit At the Time Of Testing,No Action Needed,,,,,,,,,
meter tested as per safety norms,No Action Needed,,,,,,,,,
meter tested as per safety norms oftpddlaccuracy found within limitatatime oftesting,No Action Needed,,,,,,,,,
Meter tested as per safety norms meter accuracy found within limit at the time of testing consumer refused to sign,No Action Needed,,,,,,,,,
Meter tested as per safety normsmeter accuracy found within limit at the time of testing,No Action Needed,,,,,,,,,
Meter tested as per all safety normsmeter accuracy found within limit at the time of testing,No Action Needed,,,,,,,,,
Meter tested as per all safety normsmeter accuracy found within limit at the time of testing,No Action Needed,,,,,,,,,
Meter tested as per all safety normsmeter accuracy found within limit at the time of testing,No Action Needed,,,,,,,,,
Meter tested as per all safety normsmeter accuracy found within limit at the time of testing,No Action Needed,,,,,,,,,
Meter tested as per all safety norms All display parameters found OK at the time of meter testing,No Action Needed,,,,,,,,,
Meter tested as per all safety normsmeter accuracy found within limit at the time of testing,No Action Needed,,,,,,,,,
meter tested as per safety norms meter accuracy found within limit at the time of testing,No Action Needed,,,,,,,,,
Meter tested as per all safety normsmeter accuracy found within limit at the time of testing,No Action Needed,,,,,,,,,
Meter tested as per all safety normsmeter accuracy found within limit at the time of testing,No Action Needed,,,,,,,,,
Meter Tested As Per Safety Norms And Accuracy Found Within Limit At the Time Of Testing,No Action Needed,,,,,,,,,
meter tested as per safety norms,No Action Needed,,,,,,,,,
meter tested as per safety norms,No Action Needed,,,,,,,,,
Meter Tested As per Safety noms Meter Accuracy within limit At the time of testing,No Action Needed,,,,,,,,,
meter tested as per safety norms meter accuracy found within limit at the time of testing,No Action Needed,,,,,,,,,
meter tested as per safety norms oftpddlaccuracy found within limitatatime oftesting,No Action Needed,,,,,,,,,
meter tested as per safety norms,No Action Needed,,,,,,,,,
Meter tested as per safety normsmeter accuracy found within limit at the time of testing,No Action Needed,,,,,,,,,
meter tested as per safety norms,No Action Needed,,,,,,,,,
Meter Tested As Per Safety Norms And Accuracy Found Within Limit At the Time Of Testing,No Action Needed,,,,,,,,,
meter tested as per safety norms oftpddlaccuracy found within limitatatime oftesting,No Action Needed,,,,,,,,,
Meter Tested As Per Safety Norms And Accuracy Found Within Limit At the Time Of Testing,No Action Needed,,,,,,,,,
Meter tested as per all safety normsmeter accuracy found within limit at the time of testing,No Action Needed,,,,,,,,,
Meter tested as per all safety normsmeter accuracy found within limit at the time of testing,No Action Needed,,,,,,,,,
Meter tested as per all safety normsmeter accuracy found within limit at the time of testing,No Action Needed,,,,,,,,,
Meter tested as per all safety norms All display parameters found OK at the time of meter testing but meter not in use,No Action Needed,,,,,,,,,
Meter tested as per all safety normsmeter accuracy found within limit at the time of testing,No Action Needed,,,,,,,,,
Meter tested as per all safety norms All display parameters found OK at the time of meter testing,No Action Needed,,,,,,,,,
Meter tested as per all safety norms and accuracy found within limit at the time of testing,No Action Needed,,,,,,,,,
Meter tested as per all safety normsmeter accuracy found within limit at the time of testing,No Action Needed,,,,,,,,,
Meter tested as per all safety normsmeter accuracy found within limit at the time of testing,No Action Needed,,,,,,,,,
Meter Tested As Per Safety Norms And Accuracy Found Within Limit At the Time Of Testing,No Action Needed,,,,,,,,,
Meter Tested As per Safety noms Meter Accuracy within limit At the time of testing,No Action Needed,,,,,,,,,
Meter tested as per safety norms meter accuracy found within limit at the time of testing,No Action Needed,,,,,,,,,
Meter tested as per safety normsmeter accuracy found within limit at the time of testing,No Action Needed,,,,,,,,,
Meter Tested As Per Safety Norms And Accuracy Found Within Limit At the Time Of Testing,No Action Needed,,,,,,,,,
Meter tested as per all safety normsAll display parameters found OK at the time of meter testing,No Action Needed,,,,,,,,,
Meter Tested as per all safety norms All display parameters found OK at the time of meter testing,No Action Needed,,,,,,,,,
meter tested as per safety norms meter accuracy found within limit at the time of testing,No Action Needed,,,,,,,,,
meter tested as per safety norms,No Action Needed,,,,,,,,,
Meter tested as per safety norms meter accuracy found within limit at the time of testing,No Action Needed,,,,,,,,,
Meter tested as per safety normsmeter accuracy found within limit at the time of testing,No Action Needed,,,,,,,,,
Meter Tested as per all safety norms All display parameters found OK at the time of meter testing,No Action Needed,,,,,,,,,
meter tested as per safety norms,No Action Needed,,,,,,,,,
Meter tested as per all safety normsmeter accuracy found within limit at the time of testing,No Action Needed,,,,,,,,,
Meter tested as per all safety normsmeter accuracy found within limit at the time of testing,No Action Needed,,,,,,,,,
Meter tested as per all safety normsmeter accuracy found within limit at the time of testing,No Action Needed,,,,,,,,,
Meter tested as per all safety normsmeter accuracy found within limit at the time of testing,No Action Needed,,,,,,,,,
Meter tested as per safety norms meter accuracy found within limit at the time of testing,No Action Needed,,,,,,,,,
meter tested as per safety norms,No Action Needed,,,,,,,,,
meter tested as per safety norms,No Action Needed,,,,,,,,,
Meter tested as per safety normsmeter accuracy found within limit at the time of testing,No Action Needed,,,,,,,,,
Meter tested as per safety normsmeter accuracy found within limit at the time of testing,No Action Needed,,,,,,,,,
Meter Tested As per Safety noms Meter Accuracy within limit At the time of testing,No Action Needed,,,,,,,,,
meter tested as per safety norms,No Action Needed,,,,,,,,,
Meter Tested As per Safety noms Meter Accuracy within limit At the time of testing,No Action Needed,,,,,,,,,
meter accuracy found with in limit at the time of testing,No Action Needed,,,,,,,,,
Meter tested as per safety norms meter accuracy found within limit at the time of testing,No Action Needed,,,,,,,,,
meter accuracy found with in limit at the time of testing,No Action Needed,,,,,,,,,
Meter tested as per safety norms meter accuracy found within limit at the time of testing,No Action Needed,,,,,,,,,
Meter tested as per all safety normsmeter accuracy found within limit at the time of testing,No Action Needed,,,,,,,,,
Meter tested as per safety normsmeter accuracy found within limit at the time of testing,No Action Needed,,,,,,,,,
Meter Tested As Per Safety Norms And Accuracy Found Within Limit At the Time Of Testing,No Action Needed,,,,,,,,,
Meter tested as per all safety normsmeter accuracy found within limit at the time of testing,No Action Needed,,,,,,,,,
meter tested as per safty norms meter accuracy found within limit at the time of testing,No Action Needed,,,,,,,,,
Meter tested as per safety norms meter accuracy found within limit at the time of testing,No Action Needed,,,,,,,,,
Meter tested as per all safety norms All display parameter found OK at the time of meter testing,No Action Needed,,,,,,,,,
meter tested as per safety norms oftpddlaccuracy found within limitatatime oftesting,No Action Needed,,,,,,,,,
Meter tested as per safety norms meter accuracy found within limit at the time of testing,No Action Needed,,,,,,,,,
Meter Tested as per all safety norms All display parameters found OK at the time of meter testing,No Action Needed,,,,,,,,,
Meter Tested as per all safety norms All display parameters found OK at the time of meter testing,No Action Needed,,,,,,,,,
meter tested as per safety norms,No Action Needed,,,,,,,,,
Meter tested as per safety normsmeter accuracy found within limit at the time of testing,No Action Needed,,,,,,,,,
Meter Tested As Per Safety Norms And Accuracy Found Within Limit At the Time Of Testing,No Action Needed,,,,,,,,,
meter tested as per safety norms,No Action Needed,,,,,,,,,
Meter Tested As per Safety noms Meter Accuracy within limit At the time of testing,No Action Needed,,,,,,,,,
Meter Tested As per Safety noms Meter Accuracy within limit At the time of testing,No Action Needed,,,,,,,,,
Meter Tested As per Safety noms Meter Accuracy within limit At the time of testing,No Action Needed,,,,,,,,,
meter tested as per safety norms oftpddlaccuracy found within limitatatime oftesting,No Action Needed,,,,,,,,,
Meter Tested as per all safety norms All display parameters found OK at the time of meter testing,No Action Needed,,,,,,,,,
Meter Tested as per all safety norms All display parameters found OK at the time of meter testing,No Action Needed,,,,,,,,,
Meter Tested as per all safety norms All display parameters found OK at the time of meter testing,No Action Needed,,,,,,,,,
Meter tested as per all safety normsAll display parameters found OK at the time of meter testing,No Action Needed,,,,,,,,,
Meter Tested As per Safety noms Meter Accuracy within limit At the time of testing,No Action Needed,,,,,,,,,
Meter tested as per all safety normsmeter accuracy found within limit at the time of testing,No Action Needed,,,,,,,,,
meter tested as per safety norms oftpddlaccuracy found within limitatatime oftesting,No Action Needed,,,,,,,,,
meter accuracy found with in limit at the time of testing,No Action Needed,,,,,,,,,
Meter Tested As Per Safety Norms And Accuracy Found Within Limit At the Time Of Testing,No Action Needed,,,,,,,,,
meter tested as per safety norms meter accuracy found within limit at the time of testing,No Action Needed,,,,,,,,,
Meter Tested as per all safety norms All display parameters found OK at the time of meter testing,No Action Needed,,,,,,,,,
Meter Tested As per Safety noms Meter Accuracy within limit At the time of testing,No Action Needed,,,,,,,,,
Meter Tested As per Safety noms Meter Accuracy within limit At the time of testing,No Action Needed,,,,,,,,,
Meter Tested As per Safety noms Meter Accuracy within limit At the time of testing,No Action Needed,,,,,,,,,
Meter tested as per safety norms meter accuracy found within limit at the time of testing,No Action Needed,,,,,,,,,
Meter Tested as per all safety norms All display parameters found OK at the time of meter testing,No Action Needed,,,,,,,,,
meter tested as per safety,No Action Needed,,,,,,,,,
Meter Tested As Per Safety Norms And Accuracy Found Within Limit At the Time Of Testing,No Action Needed,,,,,,,,,
Meter tested as per safety norms meter accuracy found within limit at the time of testing,No Action Needed,,,,,,,,,
Meter Tested As per Safety noms Meter Accuracy within limit At the time of testing,No Action Needed,,,,,,,,,
Meter tested as per safety norms meter accuracy found within limit at the time of testing consumer used only lighting load,No Action Needed,,,,,,,,,
meter tested as per safty norms meter accuracy found within limit at the time of testing,No Action Needed,,,,,,,,,
meter tested as per safty norms meter accuracy found within limit at the time of testing,No Action Needed,,,,,,,,,
Meter tested as per all safety normsAll display parameters found OK at the time of meter testing,No Action Needed,,,,,,,,,
meter tested as per safety norms,No Action Needed,,,,,,,,,
meter tested as per safety norms,No Action Needed,,,,,,,,,
meter tested as per safety norms oftpddlaccuracy found within limitatatime oftesting,No Action Needed,,,,,,,,,
Meter tested as per safety normsmeter accuracy found within limit at the time of testing,No Action Needed,,,,,,,,,
meter tested as per safety norms,No Action Needed,,,,,,,,,
Meter tested as per all safety norms All display parameters found OK at the time of meter testing But meter not in use,No Action Needed,,,,,,,,,
Meter tested as per all safety normsmeter accuracy found within limit at the time of testing,No Action Needed,,,,,,,,,
Meter tested as per all safety norms All display parameters found OK at the time of meter testing,No Action Needed,,,,,,,,,
Meter Tested As Per Safety Norms And Accuracy Found Within Limit At the Time Of Testing,No Action Needed,,,,,,,,,
Meter tested as per safety norms meter accuracy found within limit at the time of testing,No Action Needed,,,,,,,,,
Meter tested as per all safety norms and accuracy found within limit at the time of testing,No Action Needed,,,,,,,,,
Meter tested as per all safety norms All display parameters found OK at the time of meter testing,No Action Needed,,,,,,,,,
Meter tested as per all safety norms All display parameters found OK at the time of meter testing,No Action Needed,,,,,,,,,
Meter tested as per all safety norms All display parameters found OK at the time of meter testing,No Action Needed,,,,,,,,,
Meter tested as per all safety norms and accuracy found within limit at the time of testing,No Action Needed,,,,,,,,,
Meter tested as per all safety norms and accuracy found within limit at the time of testing,No Action Needed,,,,,,,,,
Meter tested as per all safety normsmeter accuracy found within limit at the time of testing,No Action Needed,,,,,,,,,
Meter tested as per all safety normsmeter accuracy found within limit at the time of testing,No Action Needed,,,,,,,,,
Meter tested as per all safety normsmeter accuracy found within limit at the time of testing,No Action Needed,,,,,,,,,
Meter tested as per all safety normsmeter accuracy found within limit at the time of testing,No Action Needed,,,,,,,,,
Meter tested as per all safety norms All display parameters found OK at the time of meter testing,No Action Needed,,,,,,,,,
Meter tested as per all safety norms All display parameters found OK at the time of meter testing,No Action Needed,,,,,,,,,
Meter tested as per all safety normsmeter accuracy found within limit at the time of testing,No Action Needed,,,,,,,,,
Meter tested as per all safety normsmeter accuracy found within limit at the time of testing,No Action Needed,,,,,,,,,
Meter tested as per all safety norms All display parameters found OK at the time of meter testing,No Action Needed,,,,,,,,,
Meter Tested as per all safety norms All display parameters found OK at the time of meter testing,No Action Needed,,,,,,,,,
Meter tested as per safety normsmeter accuracy found within limit at the time of testing,No Action Needed,,,,,,,,,
Meter tested as per all safety norms and accuracy found within limit at the time of testing,No Action Needed,,,,,,,,,
Meter tested as per all safety normsAll display parameters found OK at the time of meter testing,No Action Needed,,,,,,,,,
Meter tested as per all safety norms and accuracy found within limit at the time of testing,No Action Needed,,,,,,,,,
Meter tested as per all safety normsmeter accuracy found within limit at the time of testing,No Action Needed,,,,,,,,,
Meter Tested as per all safety norms All display parameters found OK at the time of meter testing,No Action Needed,,,,,,,,,
Meter tested as per safety norms meter accuracy found within limit at the time of testing,No Action Needed,,,,,,,,,
meter tested as per safety norms oftpddlaccuracy found within limitatatime oftesting,No Action Needed,,,,,,,,,
meter tested as per safety norms oftpddlaccuracy found within limitatatime oftesting,No Action Needed,,,,,,,,,
Meter Tested As Per Safety Norms And Accuracy Found Within Limit At the Time Of Testing,No Action Needed,,,,,,,,,
Meter tested as per all safety norms All display parameters found OK at the time of meter testing,No Action Needed,,,,,,,,,
Meter tested as per all safety normsmeter accuracy found within limit at the time of testing,No Action Needed,,,,,,,,,
Meter tested as per all safety normsmeter accuracy found within limit at the time of testing,No Action Needed,,,,,,,,,
Meter tested as per all safety normsmeter accuracy found within limit at the time of testing,No Action Needed,,,,,,,,,
Meter tested as per all safety normsmeter accuracy found within limit at the time of testing,No Action Needed,,,,,,,,,
meter tested as per safety norms oftpddlaccuracy found within limitatatime oftesting,No Action Needed,,,,,,,,,
meter tested as per safety norms,No Action Needed,,,,,,,,,
Meter tested as per safety norma,No Action Needed,,,,,,,,,
meter tested as per safety norms oftpddlaccuracy found within limitatatime oftesting,No Action Needed,,,,,,,,,
meter tested as per safety norms,No Action Needed,,,,,,,,,
meter tested as per safety norms oftpddlaccuracy found within limitatatime oftesting composite meter testing,No Action Needed,,,,,,,,,
meter tested as per safety norms oftpddlaccuracy found within limitatatime oftesting consumer not able to signature,No Action Needed,,,,,,,,,
Meter tested as per safety norms meter accuracy found within limit at the time of testingconsumer refused to sign,No Action Needed,,,,,,,,,
Meter tested as per all safety normsmeter accuracy found within limit at the time of testingPaper seal pasted on meter,No Action Needed,,,,,,,,,
Meter tested as per all safety normsmeter accuracy found within limit at the time of testing,No Action Needed,,,,,,,,,
meter tested as per safety norms,No Action Needed,,,,,,,,,
meter tested as per safety norms oftpddlaccuracy found within limitatatime oftesting,No Action Needed,,,,,,,,,
Meter tested as per safety norms meter accuracy found within limit at the time of testing,No Action Needed,,,,,,,,,
Meter tested as per safety norms meter accuracy found within limit at the time of testing,No Action Needed,,,,,,,,,
Meter tested as per all safety norms All display parameter found OK at the time of meter testing,No Action Needed,,,,,,,,,
Meter tested as per safty norms meter accuracy found within limit at the time of testing,No Action Needed,,,,,,,,,
Meter Tested As Per Safety Norms And Accuracy Found Within Limit At the Time Of Testing,No Action Needed,,,,,,,,,
Meter tested as per safety norms meter accuracy found within limit at the time of testing,No Action Needed,,,,,,,,,
Meter tested as per all safety normsmeter accuracy found within limit at the time of testing,No Action Needed,,,,,,,,,
Meter tested as per all safety norms All display parameters found OK at the time of meter testing,No Action Needed,,,,,,,,,
Meter Tested as Per Safety noms Meter Accuracy within limit At the time of testing,No Action Needed,,,,,,,,,
Meter Tested as Per Safety noms Meter Accuracy within limit At the time of testing,No Action Needed,,,,,,,,,
Meter Tested As per Safety noms Meter Accuracy within limit At the time of testing,No Action Needed,,,,,,,,,
meter tested as per safety norms meter accuracy found within limit at the time of testing,No Action Needed,,,,,,,,,
Meter tested as per all safety normsmeter accuracy found within limit at the time of testing,No Action Needed,,,,,,,,,
Meter tested as per safty norms meter accuracy found within limit at the time of testing,No Action Needed,,,,,,,,,
Meter Tested As per Safety noms Meter Accuracy within limit At the time of testing,No Action Needed,,,,,,,,,
Meter tested as per safety normsmeter accuracy found within limit at the time of testing,No Action Needed,,,,,,,,,
meter tested as per safety norms oftpddlaccuracy found within limitatatime oftesting,No Action Needed,,,,,,,,,
Meter tested as per all safety norms All display parameters found OK at the time of meter testing,No Action Needed,,,,,,,,,
Meter tested as per all safety normsmeter accuracy found within limit at the time of testing,No Action Needed,,,,,,,,,
Meter tested as per all safety norms All display parameters found OK at the time of meter testing,No Action Needed,,,,,,,,,
Meter tested as per all safety normsmeter accuracy found within limit at the time of testing,No Action Needed,,,,,,,,,
meter tested as per safety norms oftpddlaccuracy found within limitatatime oftesting,No Action Needed,,,,,,,,,
Meter Tested As per Safety noms Meter Accuracy within limit At the time of testing Consumer refused to Sing,No Action Needed,,,,,,,,,
Meter Tested As per Safety noms Meter Accuracy within limit At the time of testing,No Action Needed,,,,,,,,,
meter tested as per safty norms meter accuracy found within limit at the time of testing,No Action Needed,,,,,,,,,
Meter tested as per safety norms meter accuracy found within limit at the time of testing,No Action Needed,,,,,,,,,
Meter Tested As per Safety noms Meter Accuracy within limit At the time of testing,No Action Needed,,,,,,,,,
Meter Tested As Per Safety Norms And Accuracy Found Within Limit At the Time Of Testing,No Action Needed,,,,,,,,,
Meter tested as per all safety norms All display parameters found OK at the time of meter testing,No Action Needed,,,,,,,,,
Meter tested as per all safety normsmeter accuracy found within limit at the time of testing,No Action Needed,,,,,,,,,
Meter tested as per all safety norms All display parameters found OK at the time of meter testing but meter not in use,No Action Needed,,,,,,,,,
Meter tested as per all safety normsmeter accuracy found within limit at the time of testing,No Action Needed,,,,,,,,,
Meter tested as per all safety normsAll display parameters found OK at the time of meter testing,No Action Needed,,,,,,,,,
Meter tested as per all safety norms All display parameters found OK at the time of meter testing,No Action Needed,,,,,,,,,
Meter tested as per all safety norms All display parameters found OK at the time of meter testing,No Action Needed,,,,,,,,,
Meter tested as per all safety normsmeter accuracy found within limit at the time of testing,No Action Needed,,,,,,,,,
Meter tested as per all safety normsmeter accuracy found within limit at the time of testing,No Action Needed,,,,,,,,,
Meter tested as per all safety normsmeter accuracy found within limit at the time of testing,No Action Needed,,,,,,,,,
Meter tested as per all safety normsmeter accuracy found within limit at the time of testing,No Action Needed,,,,,,,,,
Meter tested as per all safety normsmeter accuracy found within limit at the time of testing,No Action Needed,,,,,,,,,
Meter Tested As Per Safety Norms And Accuracy Found Within Limit At the Time Of Testing,No Action Needed,,,,,,,,,
Meter Tested as per all safety norms All display parameters found OK at the time of meter testing,No Action Needed,,,,,,,,,
Meter Tested As per Safety noms Meter Accuracy within limit At the time of testing,No Action Needed,,,,,,,,,
meter tested as per safety norms,No Action Needed,,,,,,,,,
Meter Tested As Per Safety Norms And Accuracy Found Within Limit At the Time Of Testing,No Action Needed,,,,,,,,,
Meter tested as per all safety norms All display parameter found OK at the time of meter testing,No Action Needed,,,,,,,,,
Meter Tested As Per Safety Norms And Accuracy Found Within Limit At the Time Of Testing,No Action Needed,,,,,,,,,
Meter Tested As per Safety noms Meter Accuracy within limit At the time of testing,No Action Needed,,,,,,,,,
Meter Tested As per Safety noms Meter Accuracy within limit At the time of testing,No Action Needed,,,,,,,,,
meter tested as per safty norms meter accuracy found within limit at the time of testing,No Action Needed,,,,,,,,,
meter tested as per safety norms,No Action Needed,,,,,,,,,
Meter tested as per safety norms meter accuracy found within limit at the time of testing,No Action Needed,,,,,,,,,
meter tested as per safety norms,No Action Needed,,,,,,,,,
Meter tested as per safety normsmeter accuracy found within limit at the time of testing,No Action Needed,,,,,,,,,
Meter Tested as per all safety norms All display parameters found OK at the time of meter testing,No Action Needed,,,,,,,,,
Meter Tested As Per Safety Norms And Accuracy Found Within Limit At the Time Of Testing,No Action Needed,,,,,,,,,
Meter Tested As per Safety noms Meter Accuracy within limit At the time of testing,No Action Needed,,,,,,,,,
Meter Tested as per Safety noms Meter Accuracy within limit At the time of testing,No Action Needed,,,,,,,,,
Meter Tested As Per Safety Norms And Accuracy Found Within Limit At the Time Of Testing,No Action Needed,,,,,,,,,
meter tested as per safety norms on external load,No Action Needed,,,,,,,,,
Meter Tested As Per Safety Norms And Accuracy Found Within Limit At the Time Of Testing,No Action Needed,,,,,,,,,
Meter tested as per all safety normsAll display parameters found OK at the time of meter testing,No Action Needed,,,,,,,,,
Meter tested as per all safety norms All display parameters found OK at the time of meter testing,No Action Needed,,,,,,,,,
Meter tested as per all safety norms and accuracy found within limit at the time of testing,No Action Needed,,,,,,,,,
Meter tested as per all safety normsmeter accuracy found within limit at the time of testing,No Action Needed,,,,,,,,,
meter tested as per safty norms meter accuracy found within limit at the time of testing,No Action Needed,,,,,,,,,
Meter tested as per all safety normsmeter accuracy found within limit at the time of testing,No Action Needed,,,,,,,,,
Meter tested as per all safety normsmeter accuracy found within limit at the time of testing,No Action Needed,,,,,,,,,
Meter tested as per all safety norms and accuracy found within limit at the time of testing,No Action Needed,,,,,,,,,
meter tested as per safety norms meter accuracy found within limit at the time of testing,No Action Needed,,,,,,,,,
Meter tested as per all safety normsAll display parameters found OK at the time of meter testing,No Action Needed,,,,,,,,,
Meter tested as per all safety normsmeter accuracy found within limit at the time of testing,No Action Needed,,,,,,,,,
Meter tested as per all safety norms All display parameters found OK at the time of meter testing,No Action Needed,,,,,,,,,
Meter tested as per all safety normsmeter accuracy found within limit at the time of testing,No Action Needed,,,,,,,,,
Meter tested as per all safety normsmeter accuracy found within limit at the time of testing,No Action Needed,,,,,,,,,
Meter tested as per all safety normsAll display parameters found OK at the time of meter testing,No Action Needed,,,,,,,,,
Meter tested as per all safety normsmeter accuracy found within limit at the time of testing,No Action Needed,,,,,,,,,
Meter tested as per all safety normsmeter accuracy found within limit at the time of testing,No Action Needed,,,,,,,,,
Meter tested as per all safety normsAll display parameters found OK at the time of meter testing,No Action Needed,,,,,,,,,
Meter tested as per all safety norms All display parameters found OK at the time of meter testing,No Action Needed,,,,,,,,,
Meter tested as per all safety normsAll display parameters found OK at the time of meter testing,No Action Needed,,,,,,,,,
Meter tested as per all safety normsmeter accuracy found within limit at the time of testing,No Action Needed,,,,,,,,,
Meter tested as per all safety normsAll display parameters found OK at the time of meter testing,No Action Needed,,,,,,,,,
Meter RTC fail at the time of the testingso meter is defective meter needs to replace,No Action Needed,,,,,,,,,
Meter tested as per all safety normsmeter accuracy found within limit at the time of testing,No Action Needed,,,,,,,,,
Meter tested as per all safety normsmeter accuracy found within limit at the time of testing,No Action Needed,,,,,,,,,
Meter tested as per all safety normsmeter accuracy found within limit at the time of testing,No Action Needed,,,,,,,,,
Meter tested as per all safety normsmeter accuracy found within limit at the time of testing,No Action Needed,,,,,,,,,
Meter tested as per all safety normsmeter accuracy found within limit at the time of testing,No Action Needed,,,,,,,,,
Meter tested as per all safety norms All display parameters found OK at the time of meter testing meter not install at wall,No Action Needed,,,,,,,,,
Meter tested as per all safety normsmeter accuracy found within limit at the time of testing,No Action Needed,,,,,,,,,
Meter tested as per all safety norms All display parameters found OK at the time of meter testing,No Action Needed,,,,,,,,,
Meter tested as per all safety norms All display parameters found OK at the time of meter testing,No Action Needed,,,,,,,,,
Meter tested as per all safety normsmeter accuracy found within limit at the time of testing,No Action Needed,,,,,,,,,
Meter tested as per all safety normsmeter accuracy found within limit at the time of testing,No Action Needed,,,,,,,,,
Meter tested as per all safety normsmeter accuracy found within limit at the time of testing,No Action Needed,,,,,,,,,
meter tested as per safety norms oftpddlaccuracy found within limitatatime oftesting,No Action Needed,,,,,,,,,
meter tested as per safety norms oftpddlaccuracy found within limitatatime oftesting,No Action Needed,,,,,,,,,
Meter tested as per all safety normsmeter accuracy found within limit at the time of testing,No Action Needed,,,,,,,,,
Meter tested as per all safety normsmeter accuracy found within limit at the time of testing,No Action Needed,,,,,,,,,
Meter tested as per safety normsmeter accuracy found within limit at the time of testing,No Action Needed,,,,,,,,,
Meter tested as per all safety normsmeter accuracy found within limit at the time of testingBut meter not in use,No Action Needed,,,,,,,,,
Meter tested as per all safety norms All display parameters found OK at the time of meter testing,No Action Needed,,,,,,,,,
Meter tested as per safety norms meter accuracy found within limit at the time of testing,No Action Needed,,,,,,,,,
Meter tested as per safety normsmeter accuracy found within limit at the time of testing,No Action Needed,,,,,,,,,
meter tested as per safety norms,No Action Needed,,,,,,,,,
meter tested as per safety norms oftpddlaccuracy found within limitatatime oftesting,No Action Needed,,,,,,,,,
Meter tested as per all safety normsmeter accuracy found within limit at the time of testing,No Action Needed,,,,,,,,,
Meter Tested As per Safety noms Meter Accuracy within limit At the time of testing Paper Seal pasted Already,No Action Needed,,,,,,,,,
Meter Tested As per Safety noms Meter Accuracy within limit At the time of testing,No Action Needed,,,,,,,,,
Meter Tested As Per Safety Norms And Accuracy Found Within Limit At the Time Of Testing,No Action Needed,,,,,,,,,
Meter tested as per safety norms meter accuracy found within limit at the time of testing,No Action Needed,,,,,,,,,
Meter tested as per safty norms meter accuracy found within limit at the time of testing,No Action Needed,,,,,,,,,
Meter tested as per safety norms meter accuracy found within limit at the time of testingconsumer refused to sign,No Action Needed,,,,,,,,,
Meter Tested As per Safety noms Meter Accuracy within limit At the time of testing,No Action Needed,,,,,,,,,
Meter tested as per all safety norms All display parameters found OK at the time of meter testing,No Action Needed,,,,,,,,,
Meter tested as per all safety normsmeter accuracy found within limit at the time of testing,No Action Needed,,,,,,,,,
meter tested as per safety norms oftpddlaccuracy found within limitatatime oftesting,No Action Needed,,,,,,,,,
meter tested as per safety norms meter accuracy found within limit at the time of testing,No Action Needed,,,,,,,,,
Meter Tested As Per Safety Norms And Accuracy Found Within Limit At the Time Of Testing,No Action Needed,,,,,,,,,
meter tested as per safety norms meter accuracy found within limit at the time of testing,No Action Needed,,,,,,,,,
Meter Tested As Per Safety Norms And Accuracy Found Within Limit At the Time Of Testing,No Action Needed,,,,,,,,,
Meter Tested as per Safety noms Meter Accuracy within limit At the time of testing,No Action Needed,,,,,,,,,
meter tested as per safety norms oftpddlaccuracy found within limitatatime oftesting,No Action Needed,,,,,,,,,
Meter tested as per all safety normsmeter accuracy found within limit at the time of testingBut meter not in use,No Action Needed,,,,,,,,,
Meter tested as per all safety normsmeter accuracy found within limit at the time of testing,No Action Needed,,,,,,,,,
Meter tested as per all safety normsmeter accuracy found within limit at the time of testingpaper seal pasted on meter,No Action Needed,,,,,,,,,
meter tested as per safety norms oftpddlaccuracy found within limitatatime oftesting,No Action Needed,,,,,,,,,
meter tested as per safety norms oftpddlaccuracy found within limitatatime oftesting,No Action Needed,,,,,,,,,
Meter Tested As Per Safety Norms And Accuracy Found Within Limit At the Time Of Testing,No Action Needed,,,,,,,,,
Meter tested as per safety norms meter accuracy found within limit at the time of testingconsumer used only single phase lighting load,No Action Needed,,,,,,,,,
Meter tested as per safety norms meter accuracy found within limit at the time of testing,No Action Needed,,,,,,,,,
Meter Tested as per Safety noms Meter Accuracy within limit At the time of testing,No Action Needed,,,,,,,,,
meter tested as per safety norms oftpddlaccuracy found within limitatatime oftesting,No Action Needed,,,,,,,,,
meter tested as per,No Action Needed,,,,,,,,,
Meter Tested As per Safety noms Meter Accuracy within limit At the time of testing,No Action Needed,,,,,,,,,
Meter Tested As per Safety noms Meter Accuracy within limit At the time of testing,No Action Needed,,,,,,,,,
meter tested as per safty norms meter accuracy found within limit at the time of testing,No Action Needed,,,,,,,,,
Meter tested as per safety normsmeter accuracy found within limit at the time of testing,No Action Needed,,,,,,,,,
meter tested as per safty norms meter accuracy found within limit at the time of testing,No Action Needed,,,,,,,,,
Meter tested as per safety normsmeter accuracy found within limit at the time of testing,No Action Needed,,,,,,,,,
Meter Tested As per Safety noms Meter Accuracy within limit At the time of testing,No Action Needed,,,,,,,,,
Meter Tested As per Safety noms Meter Accuracy within limit At the time of testing,No Action Needed,,,,,,,,,
Meter Tested As Per Safety Norms And Accuracy Found Within Limit At the Time Of Testing,No Action Needed,,,,,,,,,
meter tested as per safty norms meter accuracy found within limit at the time of testing,No Action Needed,,,,,,,,,
Meter tested as per safety normsmeter accuracy found within limit at the time of testing,No Action Needed,,,,,,,,,
Meter tested as per safety norms meter accuracy found within limit at the time of testing consumer refused to sign also consumer doing misbehave,No Action Needed,,,,,,,,,
meter tested as per safety norms,No Action Needed,,,,,,,,,
Meter tested as per all safety norms All display parameters found OK at the time of meter testing,No Action Needed,,,,,,,,,
Meter tested as per all safety normsmeter accuracy found within limit at the time of testing,No Action Needed,,,,,,,,,
Meter tested as per all safety normsmeter accuracy found within limit at the time of testing,No Action Needed,,,,,,,,,
meter tested as per safety norms,No Action Needed,,,,,,,,,
meter tested as per safety norms,No Action Needed,,,,,,,,,
Meter tested as per safety norms meter accuracy found within limit at the time of testing,No Action Needed,,,,,,,,,
Meter tested as per all safety normsmeter accuracy found within limit at the time of testing,No Action Needed,,,,,,,,,
Meter tested as per all safety normsmeter accuracy found within limit at the time of testing,No Action Needed,,,,,,,,,
Meter RTC Failed at the time of testing so meter need to be changed,No Action Needed,,,,,,,,,
Meter tested as per all safety normsmeter accuracy found within limit at the time of testing,No Action Needed,,,,,,,,,
Meter tested as per all safety norms All display parameters found OK at the time of meter testing but meter not in use,No Action Needed,,,,,,,,,
Meter tested as per all safety norms All display parameters found OK at the time of meter testing,No Action Needed,,,,,,,,,
Meter tested as per all safety norms All display parameters found OK at the time of meter testing,No Action Needed,,,,,,,,,
Meter tested as per all safety normsmeter accuracy found within limit at the time of testing,No Action Needed,,,,,,,,,
Meter Tested as per all safety norms All display parameters found OK at the time of meter testing Contacted Person Devanshu,No Action Needed,,,,,,,,,
Meter tested as per all safety norms All display parameters found OK at the time of meter testing,No Action Needed,,,,,,,,,
Meter tested as per all safety normsmeter accuracy found within limit at the time of testing,No Action Needed,,,,,,,,,
meter tested as per safety norms oftpddlaccuracy found within limitatatime oftesting,No Action Needed,,,,,,,,,
meter tested as per safety norms oftpddlaccuracy found within limitatatime oftesting,No Action Needed,,,,,,,,,
meter tested as per safety norms oftpddlaccuracy found within limitatatime oftesting,No Action Needed,,,,,,,,,
Meter tested as per safety norms meter accuracy found within limit at the time of testing,No Action Needed,,,,,,,,,
Meter tested as per safety normsmeter accuracy found within limit at the time of testing,No Action Needed,,,,,,,,,
meter tested as per safety norms alongwith Net meter test accuracy with inlimit Discuss with back office TL and Consumer,No Action Needed,,,,,,,,,
meter tested as per safety norms oftpddlaccuracy found within limitatatime oftesting,No Action Needed,,,,,,,,,
Meter tested as per safety normsmeter accuracy found within limit at the time of testing,No Action Needed,,,,,,,,,
Meter tested as per all safety normsmeter accuracy found within limit at the time of testing,No Action Needed,,,,,,,,,
Meter tested as per all safety norms All display parameters found OK at the time of meter testing,No Action Needed,,,,,,,,,
meter tested as per safety norms meter accuracy found within limit at the time of testing,No Action Needed,,,,,,,,,
Meter tested as per safety normsmeter accuracy found within limit at the time of testing,No Action Needed,,,,,,,,,
Meter tested as per safety norms meter accuracy found within limit at the time of testing,No Action Needed,,,,,,,,,
Meter tested as per safety norms meter accuracy found within limit at the time of testing,No Action Needed,,,,,,,,,
Meter tested as per safety normsmeter accuracy found within limit at the time of testing,No Action Needed,,,,,,,,,
Meter tested as per safety norms meter accuracy found within limit at the time of testing,No Action Needed,,,,,,,,,
Meter tested as per safety norms meter accuracy found within limit at the time of testing,No Action Needed,,,,,,,,,
Meter tested as per safety normsmeter accuracy found within limit at the time of testing,No Action Needed,,,,,,,,,
Meter tested as per safety normsmeter accuracy found within limit at the time of testing,No Action Needed,,,,,,,,,
Meter Tested as per all safety norms All display parameters found OK at the time of meter testing At premises consumer has Nos Welding machine which produces Jerking High Rupturing Current due to which voltage drop on peak load Advised to consumer for dividing his load on three phases equally to avoid such voltage fluctuations,No Action Needed,,,,,,,,,
Meter Tested as per all safety norms All display parameters found OK at the time of meter testing,No Action Needed,,,,,,,,,
meter tested as per safety norms oftpddlaccuracy found within limitatatime oftesting,No Action Needed,,,,,,,,,
meter tested as per safety norms oftpddlaccuracy found within limitatatime oftesting,No Action Needed,,,,,,,,,
meter tested as per safety norms oftpddlaccuracy found within limitatatime oftesting,No Action Needed,,,,,,,,,
Meter tested as per all safety normsmeter accuracy found within limit at the time of testing,No Action Needed,,,,,,,,,
Meter tested as per all safety norms All display parameters found OK at the time of meter testing,No Action Needed,,,,,,,,,
Meter tested as per all safety normsmeter accuracy found within limit at the time of testing,No Action Needed,,,,,,,,,
Meter tested as per all safety norms and accuracy found within limit at the time of testing,No Action Needed,,,,,,,,,
Meter tested as per all safety normsmeter accuracy found within limit at the time of testing,No Action Needed,,,,,,,,,
Meter tested as per all safety norms All display parameters found OK at the time of meter testing,No Action Needed,,,,,,,,,
Meter tested as per all safety norms and accuracy found within limit at the time of testing,No Action Needed,,,,,,,,,
Meter tested as per all safety norms All display parameters found OK at the time of meter testing,No Action Needed,,,,,,,,,
Meter tested as per all safety normsmeter accuracy found within limit at the time of testing,No Action Needed,,,,,,,,,
Meter tested as per all safety norms and accuracy found within limit at the time of testing,No Action Needed,,,,,,,,,
meter tested as per safty norms meter accuracy found within limit at the time of testing,No Action Needed,,,,,,,,,
Meter tested as per safety norms meter accuracy found within limit at the time of testing,No Action Needed,,,,,,,,,
meter tested as per safety norms,No Action Needed,,,,,,,,,
Meter tested as per safety normsmeter accuracy found within limit at the time of testing,No Action Needed,,,,,,,,,
Meter Tested As per Safety noms Meter Accuracy within limit At the time of testing,No Action Needed,,,,,,,,,
Meter tested as per safety norms meter accuracy found within limit at the time of testing,No Action Needed,,,,,,,,,
Meter Tested As Per Safety Norms And Accuracy Found Within Limit At the Time Of Testing,No Action Needed,,,,,,,,,
Meter Tested As per Safety noms Meter Accuracy within limit At the time of testing,No Action Needed,,,,,,,,,
Meter Tested As per Safety noms Meter Accuracy within limit At the time of testing,No Action Needed,,,,,,,,,
Meter tested as per all safety norms and accuracy found within limit at the time of testing,No Action Needed,,,,,,,,,
Meter tested as per all safety norms and accuracy found within limit at the time of testing parsent meter no,No Action Needed,,,,,,,,,
Meter tested as per all safety norms All display parameters found OK at the time of meter testing,No Action Needed,,,,,,,,,
Meter tested as per safety normsmeter accuracy found within limit at the time of testing,No Action Needed,,,,,,,,,
Meter Tested As Per Safety Norms And Accuracy Found Within Limit At the Time Of Testing,No Action Needed,,,,,,,,,
Meter tested as per all safety normsmeter accuracy found within limit at the time of testing,No Action Needed,,,,,,,,,
Meter Tested As Per Safety Norms And Accuracy Found Within Limit At the Time Of Testing,No Action Needed,,,,,,,,,
Meter tested as per all safety normsmeter accuracy found within limit at the time of testing,No Action Needed,,,,,,,,,
Meter Tested as per all safety norms All display parameters found OK at the time of meter testing,No Action Needed,,,,,,,,,
meter tested as per safety norms oftpddlaccuracy found within limitatatime oftesting,No Action Needed,,,,,,,,,
meter tested as per safety norms oftpddlaccuracy found within limitatatime oftesting,No Action Needed,,,,,,,,,
meter tested as per safety norms meter accuracy found within limit at the time of testing,No Action Needed,,,,,,,,,
Meter tested as per all safety normsmeter accuracy found within limit at the time of testing,No Action Needed,,,,,,,,,
Meter tested as per all safety norms All display parameters found OK at the time of meter testing,No Action Needed,,,,,,,,,
Meter tested as per all safety normsmeter accuracy found within limit at the time of testing,No Action Needed,,,,,,,,,
Meter tested as per all safety norms All display parameters found OK at the time of meter testing,No Action Needed,,,,,,,,,
Meter tested as per all safety norms and accuracy found within limit at the time of testing,No Action Needed,,,,,,,,,
Meter tested as per all safety normsmeter accuracy found within limit at the time of testing,No Action Needed,,,,,,,,,
Meter tested as per all safety normsmeter accuracy found within limit at the time of testing,No Action Needed,,,,,,,,,
Meter tested as per all safety norms All display parameters found OK at the time of meter testing,No Action Needed,,,,,,,,,
Meter Tested As Per Safety Norms And Accuracy Found Within Limit At the Time Of Testing,No Action Needed,,,,,,,,,
Meter Tested As Per Safety Norms And Accuracy Found Within Limit At the Time Of Testing,No Action Needed,,,,,,,,,
Meter tested as per safety norms meter accuracy found within limit at the time of testing,No Action Needed,,,,,,,,,
Meter tested as per all safety normsmeter accuracy found within limit at the time of testing,No Action Needed,,,,,,,,,
Meter tested as per safety norms meter accuracy found within limit at the time of testing,No Action Needed,,,,,,,,,
Meter Tested As Per Safety Norms And Accuracy Found Within Limit At the Time Of Testing,No Action Needed,,,,,,,,,
meter tested as per safety norms oftpddlaccuracy found within limitatatime oftesting,No Action Needed,,,,,,,,,
meter tested as per safety norms oftpddlaccuracy found within limitatatime oftesting,No Action Needed,,,,,,,,,
Meter Tested As per Safety noms Meter Accuracy within limit At the time of testing,No Action Needed,,,,,,,,,
Meter Tested As per Safety noms Meter Accuracy within limit At the time of testing,No Action Needed,,,,,,,,,
meter tested as per safety norms,No Action Needed,,,,,,,,,
Meter Tested As per Safety noms Meter Accuracy within limit At the time of testing,No Action Needed,,,,,,,,,
meter tested as per safety norms oftpddlaccuracy found within limitatatime oftesting,No Action Needed,,,,,,,,,
meter tested as per safety norms oftpddlaccuracy found within limitatatime oftesting,No Action Needed,,,,,,,,,
meter tested as per safety norms oftpddlaccuracy found within limitatatime oftesting,No Action Needed,,,,,,,,,
Meter tested as per all safety normsmeter accuracy found within limit at the time of testing,No Action Needed,,,,,,,,,
Meter tested as per all safety normsmeter accuracy found within limit at the time of testing,No Action Needed,,,,,,,,,
Meter tested as per safety norms meter accuracy found within limit at the time of testing,No Action Needed,,,,,,,,,
meter tested as per safety norms oftpddlaccuracy found within limitatatime oftesting,No Action Needed,,,,,,,,,
Meter tested as per safety norms meter accuracy found within limit at the time of testing,No Action Needed,,,,,,,,,
Meter Tested As per Safety noms Meter Accuracy within limit At the time of testing,No Action Needed,,,,,,,,,
Meter tested as per all safety norms All display parameters found OK at the time of meter testing but meter not in use meter box down side dammage so need to box change,No Action Needed,,,,,,,,,
Meter tested as per all safety normsmeter accuracy found within limit at the time of testing,No Action Needed,,,,,,,,,
Meter tested as per all safety normsmeter accuracy found within limit at the time of testing,No Action Needed,,,,,,,,,
Meter tested as per all safety norms All display parameters found OK at the time of meter testing,No Action Needed,,,,,,,,,
meter tested as per safety norms meter accuracy found within limit at the time of testing,No Action Needed,,,,,,,,,
Meter Tested As per Safety noms Meter Accuracy within limit At the time of testing,No Action Needed,,,,,,,,,
Meter tested as per safety norms,No Action Needed,,,,,,,,,
Meter tested as per safety norms meter accuracy found within limit at the time of testing,No Action Needed,,,,,,,,,
Meter tested as per all safety normsmeter accuracy found within limit at the time of testing,No Action Needed,,,,,,,,,
Meter tested as per all safety norms All display parameters found OK at the time of meter testing,No Action Needed,,,,,,,,,
Meter tested as per all safety normsmeter accuracy found within limit at the time of testing,No Action Needed,,,,,,,,,
Meter tested as per all safety normsmeter accuracy found within limit at the time of testing,No Action Needed,,,,,,,,,
Meter tested as per all safety norms All display parameters found OK at the time of meter testing,No Action Needed,,,,,,,,,
Meter tested as per all safety normsmeter accuracy found within limit at the time of testingbut meter box damage and need to replace,No Action Needed,,,,,,,,,
Meter tested as per all safety norms All display parameters found OK at the time of meter testing but meter not in use,No Action Needed,,,,,,,,,
Meter tested as per all safety norms All display parameters found OK at the time of meter testing,No Action Needed,,,,,,,,,
Meter tested as per all safety normsmeter accuracy found within limit at the time of testing,No Action Needed,,,,,,,,,
Meter tested as per all safety normsAll display parameters found OK at the time of meter testing,No Action Needed,,,,,,,,,
Meter tested as per all safety norms All display parameters found OK at the time of meter testing,No Action Needed,,,,,,,,,
Meter tested as per all safety normsmeter accuracy found within limit at the time of testing,No Action Needed,,,,,,,,,
Meter tested as per all safety norms All display parameters found OK at the time of meter testing,No Action Needed,,,,,,,,,
Meter tested as per all safety normsmeter accuracy found within limit at the time of testing,No Action Needed,,,,,,,,,
Meter tested as per all safety norms All display parameters found OK at the time of meter testing,No Action Needed,,,,,,,,,
Meter tested as per all safety normsAll display parameters found OK at the time of meter testing,No Action Needed,,,,,,,,,
Meter tested as per all safety normsmeter accuracy found within limit at the time of testing,No Action Needed,,,,,,,,,
Meter tested as per all safety norms All display parameters found OK at the time of meter testing,No Action Needed,,,,,,,,,
Meter tested as per all safety normsmeter accuracy found within limit at the time of testing,No Action Needed,,,,,,,,,
Meter tested as per all safety normsmeter accuracy found within limit at the time of testing,No Action Needed,,,,,,,,,
Meter tested as per all safety normsmeter accuracy found within limit at the time of testing,No Action Needed,,,,,,,,,
Meter tested as per all safety norms All display parameters found OK at the time of meter testing,No Action Needed,,,,,,,,,
Meter tested as per all safety norms All display parameters found OK at the time of meter testing,No Action Needed,,,,,,,,,
Meter tested as per all safety normsAll display parameters found OK at the time of meter testing,No Action Needed,,,,,,,,,
Meter tested as per all safety norms All display parameters found OK at the time of meter testing,No Action Needed,,,,,,,,,
Meter tested as per all safety normsmeter accuracy found within limit at the time of testing,No Action Needed,,,,,,,,,
Meter tested as per all safety normsmeter accuracy found within limit at the time of testing,No Action Needed,,,,,,,,,
Meter tested as per all safety normsmeter accuracy found within limit at the time of testing,No Action Needed,,,,,,,,,
Meter tested as per all safety normsmeter accuracy found within limit at the time of testing,No Action Needed,,,,,,,,,
Meter tested as per all safety normsmeter accuracy found within limit at the time of testing,No Action Needed,,,,,,,,,
meter tested as per safety norms oftpddlaccuracy found within limitatatime oftesting,No Action Needed,,,,,,,,,
Meter tested as per all safety normsmeter accuracy found within limit at the time of testing,No Action Needed,,,,,,,,,
Meter tested as per all safety norms All display parameters found OK at the time of meter testing,No Action Needed,,,,,,,,,
Meter tested as per all safety normsmeter accuracy found within limit at the time of testing,No Action Needed,,,,,,,,,
Meter tested as per all safety norms and accuracy found within limit at the time of testing,No Action Needed,,,,,,,,,
Meter tested as per all safety normsmeter accuracy found within limit at the time of testing,No Action Needed,,,,,,,,,
meter tested as per safety norms,No Action Needed,,,,,,,,,
Meter tested as per safety norms meter accuracy found within limit at the time of testing,No Action Needed,,,,,,,,,
Meter Tested As per Safety noms Meter Accuracy within limit At the time of testing,No Action Needed,,,,,,,,,
Meter tested as per all safety normsmeter accuracy found within limit at the time of testing,No Action Needed,,,,,,,,,
Meter tested as per all safety normsmeter accuracy found within limit at the time of testing,No Action Needed,,,,,,,,,
Meter tested as per all safety normsAll display parameters found OK at the time of meter testing,No Action Needed,,,,,,,,,
Meter tested as per all safety norms All display parameters found OK at the time of meter testing,No Action Needed,,,,,,,,,
Meter tested as per all safety normsAll display parameters found OK at the time of meter testing,No Action Needed,,,,,,,,,
Meter Tested As per Safety noms Meter Accuracy within limit At the time of testing,No Action Needed,,,,,,,,,
Meter tested as per safety norms meter accuracy found within limit at the time of testingconsumer used unbalance load,No Action Needed,,,,,,,,,
meter tested as per safety norms oftpddlaccuracy found within limitatatime oftesting,No Action Needed,,,,,,,,,
meter tested as per safety norms meter accuracy found within limit at the time of testing,No Action Needed,,,,,,,,,
Meter tested as per all safety normsmeter accuracy found within limit at the time of testing,No Action Needed,,,,,,,,,
Meter tested as per all safety normsmeter accuracy found within limit at the time of testing,No Action Needed,,,,,,,,,
Meter tested as per all safety norms All display parameters found OK at the time of meter testing,No Action Needed,,,,,,,,,
meter tested as per safety norms oftpddlaccuracy found within limitatatime oftesting,No Action Needed,,,,,,,,,
meter tested as per safety norms oftpddlaccuracy found within limitatatime oftesting composite meter testing,No Action Needed,,,,,,,,,
meter tested as per safety norms,No Action Needed,,,,,,,,,
Meter Tested As Per Safety Norms And Accuracy Found Within Limit At the Time Of Testing,No Action Needed,,,,,,,,,
meter tested as per safety norms oftpddlaccuracy found within limitatatime oftesting,No Action Needed,,,,,,,,,
Meter tested as per safety norms meter accuracy found within limit at the time of testing,No Action Needed,,,,,,,,,
Meter Tested As per Safety noms Meter Accuracy within limit At the time of testing,No Action Needed,,,,,,,,,
Meter Tested As per Safety noms Meter Accuracy within limit At the time of testing,No Action Needed,,,,,,,,,
meter tested as per safety norms oftpddlaccuracy found within limitatatime oftesting,No Action Needed,,,,,,,,,
meter tested as per safety norms,No Action Needed,,,,,,,,,
meter tested as per safety norms,No Action Needed,,,,,,,,,
meter tested as per safety norms oftpddlaccuracy found within limitatatime oftesting composite meter testing,No Action Needed,,,,,,,,,
meter tested as per safety norms oftpddlaccuracy found within limitatatime oftesting,No Action Needed,,,,,,,,,
Meter Tested As Per Safety Norms And Accuracy Found Within Limit At the Time Of Testing,No Action Needed,,,,,,,,,
Meter tested as per safety norms meter accuracy found within limit at the time of testing,No Action Needed,,,,,,,,,
meter tested as per safety norms,No Action Needed,,,,,,,,,
Meter tested as per safety norms meter accuracy found within limit at the time of testing,No Action Needed,,,,,,,,,
Meter tested as per all safety normsmeter accuracy found within limit at the time of testing,No Action Needed,,,,,,,,,
Meter Tested as per all safety norms All display parameters found OK at the time of meter testing,No Action Needed,,,,,,,,,
Meter tested as per safety norms meter accuracy found within limit at the time of testing,No Action Needed,,,,,,,,,
Meter tested as per all safety normsmeter accuracy found within limit at the time of testing,No Action Needed,,,,,,,,,
meter tested as per safety norms,No Action Needed,,,,,,,,,
meter tested as per safety norms,No Action Needed,,,,,,,,,
meter rested as per safety norms,No Action Needed,,,,,,,,,
Meter tested as per safety normsmeter accuracy found within limit at the time of testing,No Action Needed,,,,,,,,,
meter tested as per safety norms,No Action Needed,,,,,,,,,
Meter Tested As per Safety noms Meter Accuracy within limit At the time of testing,No Action Needed,,,,,,,,,
Meter Tested As per Safety noms Meter Accuracy within limit At the time of testing,No Action Needed,,,,,,,,,
Meter tested as per safety norms,No Action Needed,,,,,,,,,
Meter tested as per safety normsmeter accuracy found within limit at the time of testing,No Action Needed,,,,,,,,,
Meter Tested As per Safety noms Meter Accuracy within limit At the time of testing,No Action Needed,,,,,,,,,
Meter Tested As per Safety noms Meter Accuracy within limit At the time of testing,No Action Needed,,,,,,,,,
Meter Tested As Per Safety Norms And Accuracy Found Within Limit At the Time Of Testing,No Action Needed,,,,,,,,,
Meter Tested As per Safety noms Meter Accuracy within limit At the time of testing,No Action Needed,,,,,,,,,
Meter tested as per all safety norms All display parameters found OK at the time of meter testing,No Action Needed,,,,,,,,,
Meter tested as per all safety normsmeter accuracy found within limit at the time of testing,No Action Needed,,,,,,,,,
meter tested as per safety norms on external load,No Action Needed,,,,,,,,,
Meter tested as per safety norms meter accuracy found within limit at the time of testing,No Action Needed,,,,,,,,,
meter tested as per safety norms oftpddlaccuracy found within limitatatime oftesting,No Action Needed,,,,,,,,,
meter tested as per safety norms oftpddlaccuracy found within limitatatime oftesting,No Action Needed,,,,,,,,,
meter tested as per safety norms,No Action Needed,,,,,,,,,
Meter tested as per all safety normsmeter accuracy found within limit at the time of testing,No Action Needed,,,,,,,,,
Meter tested as per all safety normsmeter accuracy found within limit at the time of testing,No Action Needed,,,,,,,,,
Meter tested as per all safety norms All display parameters found OK at the time of meter testing but meter not in use,No Action Needed,,,,,,,,,
Meter tested as per all safety normsmeter accuracy found within limit at the time of testing,No Action Needed,,,,,,,,,
Meter tested as per safety norms meter accuracy found within limit at the time of testing,No Action Needed,,,,,,,,,
meter tested as per safety norms,No Action Needed,,,,,,,,,
Meter Tested As per Safety noms Meter Accuracy within limit At the time of testing,No Action Needed,,,,,,,,,
Meter Tested as per all safety norms All display parameters found OK at the time of meter testing Meter not in use Output wire is not found on MCB end meter testing done on External load KW,No Action Needed,,,,,,,,,
Meter tested as per safety norms,No Action Needed,,,,,,,,,
Meter Tested As per Safety noms Meter Accuracy within limit At the time of testing,No Action Needed,,,,,,,,,
Meter Tested as per all safety norms All display parameters found OK at the time of meter testing,No Action Needed,,,,,,,,,
Meter Tested As Per Safety Norms And Accuracy Found Within Limit At the Time Of Testing,No Action Needed,,,,,,,,,
Meter Tested As Per Safety Norms And Accuracy Found Within Limit At the Time Of Testing,No Action Needed,,,,,,,,,
Meter tested as per all safety normsmeter accuracy found within limit at the time of testing,No Action Needed,,,,,,,,,
Meter tested as per all safety normsmeter accuracy found within limit at the time of testing,No Action Needed,,,,,,,,,
Meter tested as per all safety norms All display parameters found OK at the time of meter testing,No Action Needed,,,,,,,,,
meter tested as per safety norms meter accuracy found within limit at the time of testing,No Action Needed,,,,,,,,,
Meter Tested As Per Safety Norms And Accuracy Found Within Limit At the Time Of Testing,No Action Needed,,,,,,,,,
Meter tested as per all safety norms and accuracy found within limit at the time of testing,No Action Needed,,,,,,,,,
Meter tested as per all safety normsmeter accuracy found within limit at the time of testing,No Action Needed,,,,,,,,,
Meter tested as per all safety normsmeter accuracy found within limit at the time of testing,No Action Needed,,,,,,,,,
Meter tested as per all safety normsmeter accuracy found within limit at the time of testing,No Action Needed,,,,,,,,,
Meter tested as per all safety normsmeter accuracy found within limit at the time of testing,No Action Needed,,,,,,,,,
Meter tested as per all safety normsmeter accuracy found within limit at the time of testing,No Action Needed,,,,,,,,,
Meter tested as per all safety norms All display parameters found OK at the time of meter testing,No Action Needed,,,,,,,,,
Meter tested as per all safety normsmeter accuracy found within limit at the time of testing,No Action Needed,,,,,,,,,
Meter tested as per all safety normsmeter accuracy found within limit at the time of testing,No Action Needed,,,,,,,,,
Meter tested as per all safety norms and accuracy found within limit at the time of testing,No Action Needed,,,,,,,,,
Meter tested as per all safety normsmeter accuracy found within limit at the time of testing,No Action Needed,,,,,,,,,
Meter tested as per all safety normsmeter accuracy found within limit at the time of testing,No Action Needed,,,,,,,,,
Meter Tested As Per Safety Norms And Accuracy Found Within Limit At the Time Of Testing,No Action Needed,,,,,,,,,
Meter tested as per all safety normsmeter accuracy found within limit at the time of testing,No Action Needed,,,,,,,,,
Meter tested as per all safety normsmeter accuracy found within limit at the time of testing,No Action Needed,,,,,,,,,
Meter tested as per all safety normsmeter accuracy found within limit at the time of Paper seal pasted on meter,No Action Needed,,,,,,,,,
Meter tested as per all safety norms and accuracy found within limit at the time of testing,No Action Needed,,,,,,,,,
Meter tested as per safety normsmeter accuracy found within limit at the time of testing,No Action Needed,,,,,,,,,
Meter tested as per safety normsmeter accuracy found within limit at the time of testing,No Action Needed,,,,,,,,,
Meter tested as per all safety normsmeter accuracy found within limit at the time of testing,No Action Needed,,,,,,,,,
NAN,No Action Needed,,,,,,,,,
meter tested as per safety norms oftpddlaccuracy found within limitatatime oftesting,No Action Needed,,,,,,,,,
Meter tested as per safety normsmeter accuracy found within limit at the time of testing,No Action Needed,,,,,,,,,
Meter tested as per safety normsmeter accuracy found within limit at the time of testing,No Action Needed,,,,,,,,,
Meter tested as per safety normsmeter accuracy found within limit at the time of testing,No Action Needed,,,,,,,,,
Meter tested as per safety norms meter accuracy found within limit at the time of testing,No Action Needed,,,,,,,,,
Meter tested as per safety norms meter accuracy found within limit at the time of testing,No Action Needed,,,,,,,,,
Meter tested as per safety norms meter accuracy found within limit at the time of testing,No Action Needed,,,,,,,,,
meter tested as per safety norms,No Action Needed,,,,,,,,,
Meter Tested as per all safety norms All display parameters found OK at the time of meter testing,No Action Needed,,,,,,,,,
meter tested as per safety norms,No Action Needed,,,,,,,,,
Meter tested as per all safety normsmeter accuracy found within limit at the time of testing,No Action Needed,,,,,,,,,
meter tested as per safety norms,No Action Needed,,,,,,,,,
Meter Tested as per all safety norms All display parameters found OK at the time of meter testing,No Action Needed,,,,,,,,,
meter rested as per safety norms,No Action Needed,,,,,,,,,
meter tested as per safety norms,No Action Needed,,,,,,,,,
meter tested as per safty norms meter accuracy found within limit at the time of testing,No Action Needed,,,,,,,,,
Meter Tested As Per Safety Norms And Accuracy Found Within Limit At the Time Of Testing,No Action Needed,,,,,,,,,
meter tested as per safety norms,No Action Needed,,,,,,,,,
Meter tested as per all safety normsmeter accuracy found within limit at the time of testing,No Action Needed,,,,,,,,,
Meter tested as per all safety normsmeter accuracy found within limit at the time of testing,No Action Needed,,,,,,,,,
meter tested as per safety norms,No Action Needed,,,,,,,,,
Meter Tested As per Safety noms Meter Accuracy within limit At the time of testing,No Action Needed,,,,,,,,,
meter tested as per safty norms meter accuracy found within limit at the time of testing,No Action Needed,,,,,,,,,
Meter Tested as per Safety noms Meter Accuracy within limit At the time of testing,No Action Needed,,,,,,,,,
meter rested as per safety norms,No Action Needed,,,,,,,,,
meter tested as per safety norms meter accuracy found within limit at the time of testing,No Action Needed,,,,,,,,,
Meter tested as per all safety normsmeter accuracy found within limit at the time of testing,No Action Needed,,,,,,,,,
Meter Tested As Per Safety Norms And Accuracy Found Within Limit At the Time Of Testing,No Action Needed,,,,,,,,,
Meter tested as per all safety norms and accuracy found within limit at the time of testing,No Action Needed,,,,,,,,,
Meter tested as per all safety normsmeter accuracy found within limit at the time of testing,No Action Needed,,,,,,,,,
Meter Tested as per all safety norms All display parameters found OK at the time of meter testing,No Action Needed,,,,,,,,,
Meter tested as per all safety normsmeter accuracy found within limit at the time of testing,No Action Needed,,,,,,,,,
Meter tested as per all safety normsmeter accuracy found within limit at the time of testing,No Action Needed,,,,,,,,,
meter tested as per safety norms,No Action Needed,,,,,,,,,
meter tested as per safety norms meter accuracy found within limit at the time of testing,No Action Needed,,,,,,,,,
Meter tested as per all safety normsmeter accuracy found within limit at the time of testingmeter not in use,No Action Needed,,,,,,,,,
Meter tested as per all safety norms and accuracy found within limit at the time of testing,No Action Needed,,,,,,,,,
Meter tested as per all safety normsmeter accuracy found within limit at the time of testing,No Action Needed,,,,,,,,,
meter tested as per safety norms,No Action Needed,,,,,,,,,
Meter tested as per safety norms meter accuracy found within limit at the time of testing,No Action Needed,,,,,,,,,
Meter Tested As Per Safety Norms And Accuracy Found Within Limit At the Time Of Testing,No Action Needed,,,,,,,,,
meter tested as per safety norms oftpddlaccuracy found within limitatatime oftesting,No Action Needed,,,,,,,,,
Meter tested as per safety norms meter accuracy found within limit at the time of testing,No Action Needed,,,,,,,,,
meter tested as per safety norms,No Action Needed,,,,,,,,,
Meter Tested As Per Safety Norms And Accuracy Found Within Limit At the Time Of Testing,No Action Needed,,,,,,,,,
Meter Tested As Per Safety Norms And Accuracy Found Within Limit At the Time Of Testing,No Action Needed,,,,,,,,,
Meter tested as per safety norms meter accuracy found within limit at the time of testing,No Action Needed,,,,,,,,,
Meter tested as per all safety normsmeter accuracy found within limit at the time of testing,No Action Needed,,,,,,,,,
Meter tested as per all safety normsmeter accuracy found within limit at the time of testing,No Action Needed,,,,,,,,,
Meter Tested as per all safety norms All display parameters found OK at the time of meter testing,No Action Needed,,,,,,,,,
Meter Tested as per all safety norms All display parameters found OK at the time of meter testing,No Action Needed,,,,,,,,,
Meter tested as per all safety normsmeter accuracy found within limit at the time of testing,No Action Needed,,,,,,,,,
meter tested as per safety norms meter accuracy found within limit at the time of testing,No Action Needed,,,,,,,,,
meter tested as per safety norms,No Action Needed,,,,,,,,,
Meter Tested As Per Safety Norms And Accuracy Found Within Limit At the Time Of Testing,No Action Needed,,,,,,,,,
meter tested as per safety norms oftpddlaccuracy found within limitatatime oftesting,No Action Needed,,,,,,,,,
meter tested as per safety norms meter accuracy found within limit at the time of testing,No Action Needed,,,,,,,,,
Meter Tested as per all safety norms All display parameters found OK at the time of meter testing,No Action Needed,,,,,,,,,
Meter tested as per safety normsmeter accuracy found within limit at the time of testing,No Action Needed,,,,,,,,,
Meter Tested as per all safety norms All display parameters found OK at the time of meter testing,No Action Needed,,,,,,,,,
meter tested as per safety norms,No Action Needed,,,,,,,,,
Meter tested as per safety norms meter accuracy found within limit at the time of testing,No Action Needed,,,,,,,,,
Meter tested as per all safety normsmeter accuracy found within limit at the time of testing,No Action Needed,,,,,,,,,
Meter tested as per all safety normsmeter accuracy found within limit at the time of testing,No Action Needed,,,,,,,,,
Meter tested as per all safety normsmeter accuracy found within limit at the time of testing,No Action Needed,,,,,,,,,
Meter tested as per all safety norms All display parameters found OK at the time of meter testing,No Action Needed,,,,,,,,,
Meter tested as per all safety norms All display parameters found OK at the time of meter testing,No Action Needed,,,,,,,,,
meter tested as per safety norms,No Action Needed,,,,,,,,,
meter tested as per safety norms oftpddlaccuracy found within limitatatime oftesting,No Action Needed,,,,,,,,,
Meter tested as per all safety normsmeter accuracy found within limit at the time of testing,No Action Needed,,,,,,,,,
Meter tested as per all safety norms All display parameters found OK at the time of meter testing,No Action Needed,,,,,,,,,
Meter tested as per all safety normsmeter accuracy found within limit at the time of testing,No Action Needed,,,,,,,,,
Meter tested as per all safety norms All display parameters found OK at the time of meter testing,No Action Needed,,,,,,,,,
Meter tested as per all safety normsmeter accuracy found within limit at the time of testing,No Action Needed,,,,,,,,,
Meter tested as per all safety norms All display parameters found OK at the time of meter testing,No Action Needed,,,,,,,,,
Meter tested as per all safety normsmeter accuracy found within limit at the time of testing,No Action Needed,,,,,,,,,
Meter tested as per all safety norms All display parameters found OK at the time of meter testing,No Action Needed,,,,,,,,,
Meter tested as per all safety normsmeter accuracy found within limit at the time of testing,No Action Needed,,,,,,,,,
Meter tested as per all safety norms All display parameters found OK at the time of meter testing,No Action Needed,,,,,,,,,
Meter tested as per all safety norms All display parameters found OK at the time of meter testing,No Action Needed,,,,,,,,,
Meter tested as per all safety norms All display parameters found OK at the time of meter testing,No Action Needed,,,,,,,,,
Meter tested as per all safety normsmeter accuracy found within limit at the time of testing,No Action Needed,,,,,,,,,
Meter tested as per all safety norms and accuracy found within limit at the time of testing,No Action Needed,,,,,,,,,
Meter tested as per all safety normsmeter accuracy found within limit at the time of testing,No Action Needed,,,,,,,,,
Meter tested as per all safety norms All display parameters found OK at the time of meter testing,No Action Needed,,,,,,,,,
Meter tested as per all safety norms All display parameters found OK at the time of meter testing,No Action Needed,,,,,,,,,
Meter tested as per all safety norms All display parameters found OK at the time of meter testing,No Action Needed,,,,,,,,,
Meter tested as per all safety normsmeter accuracy found within limit at the time of testing,No Action Needed,,,,,,,,,
Meter tested as per all safety normsmeter accuracy found within limit at the time of testing paper seal found on meter box,No Action Needed,,,,,,,,,
meter tested as per safety norms,No Action Needed,,,,,,,,,
Meter tested as per all safety norms and accuracy found within limit at the time of testing,No Action Needed,,,,,,,,,
Meter tested as per all safety norms and accuracy found within limit at the time of testing,No Action Needed,,,,,,,,,
Meter tested as per all safety norms All display parameters found OK at the time of meter testing,No Action Needed,,,,,,,,,
Meter tested as per all safety normsAll display parameters found OK at the time of meter testing,No Action Needed,,,,,,,,,
meter tested as per safety norms,No Action Needed,,,,,,,,,
meter tested as per safety norms,No Action Needed,,,,,,,,,
Meter Tested as Per Safety noms Meter Accuracy within limit At the time of testing,No Action Needed,,,,,,,,,
meter tested as per safety norms oftpddlaccuracy found within limitatatime oftesting,No Action Needed,,,,,,,,,
Meter tested as per all safety normsAll display parameters found OK at the time of meter testing,No Action Needed,,,,,,,,,
Meter tested as per all safety norms and accuracy found within limit at the time of testing,No Action Needed,,,,,,,,,
Meter tested as per all safety norms All display parameters found OK at the time of meter testing,No Action Needed,,,,,,,,,
Meter Tested As per Safety noms Meter Accuracy within limit At the time of testing,No Action Needed,,,,,,,,,
Meter tested as per safety normsmeter accuracy found within limit at the time of testing,No Action Needed,,,,,,,,,
Meter tested as per safety normsmeter accuracy found within limit at the time of testing,No Action Needed,,,,,,,,,
meter tested as per safety norms oftpddlaccuracy found within limitatatime oftesting,No Action Needed,,,,,,,,,
Meter tested as per all safety norms All display parameters found OK at the time of meter testing,No Action Needed,,,,,,,,,
meter tested as per safety norms oftpddlaccuracy found within limitatatime oftesting,No Action Needed,,,,,,,,,
meter tested as per safety norms meter accuracy found within limit at the time of testing,No Action Needed,,,,,,,,,
Meter tested as per safety norms meter accuracy found within limit at the time of testing,No Action Needed,,,,,,,,,
Meter tested as per safety normsmeter accuracy found within limit at the time of testing,No Action Needed,,,,,,,,,
meter tested as per safety norms meter accuracy found within limit at the time of testing,No Action Needed,,,,,,,,,
meter tested as per safety norms meter accuracy founde within limit at the time of testing,No Action Needed,,,,,,,,,
meter tested as per safety norms meter accuracy found within limit at the time of testing,No Action Needed,,,,,,,,,
meter tested as per safety norms,No Action Needed,,,,,,,,,
Meter tested as per all safety normsmeter accuracy found within limit at the time of testing,No Action Needed,,,,,,,,,
Meter tested as per all safety normsAll display parameters found OK at the time of meter testing,No Action Needed,,,,,,,,,
Meter tested as per all safety normsAll display parameters found OK at the time of meter testing,No Action Needed,,,,,,,,,
Meter tested as per safety norms meter accuracy found within limit at the time of testing,No Action Needed,,,,,,,,,
Meter tested as per safety norms meter accuracy found within limit at the time of testing,No Action Needed,,,,,,,,,
Meter tested as per safety normsmeter accuracy found within limit at the time of testing,No Action Needed,,,,,,,,,
Meter Tested As per Safety noms Meter Accuracy within limit At the time of testing,No Action Needed,,,,,,,,,
Meter tested as per safety norms meter accuracy found within limit at the time of testing,No Action Needed,,,,,,,,,
Meter Tested As Per Safety Norms And Accuracy Found Within Limit At the Time Of Testing,No Action Needed,,,,,,,,,
meter tested as per safety norms,No Action Needed,,,,,,,,,
Meter tested as per safety norms meter accuracy found within limit at the time of testing,No Action Needed,,,,,,,,,
meter tested as per safety norms,No Action Needed,,,,,,,,,
Meter tested as per safety norms meter accuracy found within limit at the time of testing,No Action Needed,,,,,,,,,
Meter tested as per all safety normsmeter accuracy found within limit at the time of testing,No Action Needed,,,,,,,,,
meter tested as per safety norms meter accuracy found within limit at the time of testing,No Action Needed,,,,,,,,,
Meter tested as per all safety normsmeter accuracy found within limit at the time of testing,No Action Needed,,,,,,,,,
Meter tested as per all safety norms and accuracy found within limit at the time of testing,No Action Needed,,,,,,,,,
Meter tested as per all safety norms All display parameters found OK at the time of meter testing,No Action Needed,,,,,,,,,
Meter tested as per all safety norms and accuracy found within limit at the time of testing,No Action Needed,,,,,,,,,
Meter tested as per all safety normsmeter accuracy found within limit at the time of testing,No Action Needed,,,,,,,,,
Meter tested as per all safety norms All display parameters found OK at the time of meter testing,No Action Needed,,,,,,,,,
Meter tested as per all safety normsmeter accuracy found within limit at the time of testing,No Action Needed,,,,,,,,,
Meter Tested as per all safety norms All display parameters found OK at the time of meter testing,No Action Needed,,,,,,,,,
meter tested as per safety norms,No Action Needed,,,,,,,,,
Meter Tested as per all safety norms All display parameters found OK at the time of meter testing,No Action Needed,,,,,,,,,
meter tested as per safety norms meter accuracy found within limit at the time of testing,No Action Needed,,,,,,,,,
meter tested as per safety norms meter accuracy found within limit at the time of testing,No Action Needed,,,,,,,,,
Meter tested as per safety norms meter accuracy found within limit at the time of testing,No Action Needed,,,,,,,,,
meter tested as per safety norms,No Action Needed,,,,,,,,,
Meter Tested As Per Safety Norms And Accuracy Found Within Limit At the Time Of Testing,No Action Needed,,,,,,,,,
Meter tested as per all safety normsmeter accuracy found within limit at the time of testing,No Action Needed,,,,,,,,,
meter tested as per safety norms oftpddlaccuracy found within limitatatime oftesting,No Action Needed,,,,,,,,,
meter tested as per safety norms,No Action Needed,,,,,,,,,
Meter tested as per safety norms meter accuracy found within limit at the time of testing consumer refused to sign also consumer doing misbehave,No Action Needed,,,,,,,,,
meter tested as per safety norms oftpddlaccuracy found within limitatatime oftesting,No Action Needed,,,,,,,,,
meter tested as per safety norms oftpddlaccuracy found within limitatatime oftesting,No Action Needed,,,,,,,,,
Meter tested as per safety normsmeter accuracy found within limit at the time of testing,No Action Needed,,,,,,,,,
Meter Tested as per Safety noms Meter Accuracy within limit At the time of testing,No Action Needed,,,,,,,,,
meter tested as per safety norms meter accuracy found within limit at the time of testing but zone paper seal install,No Action Needed,,,,,,,,,
Meter tested as per safety norms meter accuracy found within limit at the time of testing,No Action Needed,,,,,,,,,
Meter tested as per all safety norms and accuracy found within limit at the time of testing,No Action Needed,,,,,,,,,
Meter tested as per all safety normsAll display parameters found OK at the time of meter testing,No Action Needed,,,,,,,,,
Meter tested as per all safety norms and accuracy found within limit at the time of testing,No Action Needed,,,,,,,,,
Meter tested as per all safety norms and accuracy found within limit at the time of testing,No Action Needed,,,,,,,,,
Meter tested as per all safety norms All display parameters found OK at the time but meter not in use of meter testing,No Action Needed,,,,,,,,,
Meter tested as per all safety norms All display parameters found OK at the time of meter testing,No Action Needed,,,,,,,,,
Meter tested as per all safety norms All display parameters found OK at the time of meter testing,No Action Needed,,,,,,,,,
Meter tested as per all safety normsmeter accuracy found within limit at the time of testing,No Action Needed,,,,,,,,,
meter tested as per safety norms meter accuracy found within limit at the time of testing,No Action Needed,,,,,,,,,
Meter tested as per all safety normsmeter accuracy found within limit at the time of testing,No Action Needed,,,,,,,,,
Meter tested as per all safety normsmeter accuracy found within limit at the time of testing,No Action Needed,,,,,,,,,
Meter tested as per all safety norms All display parameters found OK at the time of meter testing,No Action Needed,,,,,,,,,
Meter tested as per all safety normsmeter accuracy found within limit at the time of testing,No Action Needed,,,,,,,,,
Meter Tested as per all safety norms All display parameters found OK at the time of meter testing,No Action Needed,,,,,,,,,
Meter tested as per safety normsmeter accuracy found within limit at the time of testing,No Action Needed,,,,,,,,,
meter tested as per safety norms meter accuracy found within limit at the time of testing,No Action Needed,,,,,,,,,
Meter tested as per safety normsmeter accuracy found within limit at the time of testing,No Action Needed,,,,,,,,,
Meter Tested As per Safety noms Meter Accuracy within limit At the time of testing,No Action Needed,,,,,,,,,
meter tested as per safety norms,No Action Needed,,,,,,,,,
meter tested as per safety norms,No Action Needed,,,,,,,,,
Meter Tested As per Safety noms Meter Accuracy within limit At the time of testing,No Action Needed,,,,,,,,,
meter tested as per safty norms meter accuracy found within limit at the time of testing,No Action Needed,,,,,,,,,
Meter tested as per all safety normsmeter accuracy found within limit at the time of testing,No Action Needed,,,,,,,,,
Meter tested as per all safety norms and accuracy found within limit at the time of testing,No Action Needed,,,,,,,,,
Meter Tested As Per Safety Norms And Accuracy Found Within Limit At the Time Of Testing,No Action Needed,,,,,,,,,
Meter tested as per all safety norms All display parameters found OK at the time of meter testing,No Action Needed,,,,,,,,,
Meter tested as per all safety norms All display parameters found OK at the time of meter testing,No Action Needed,,,,,,,,,
Meter tested as per safety normsmeter accuracy found within limit at the time of testing,No Action Needed,,,,,,,,,
meter tested as per safety norms,No Action Needed,,,,,,,,,
Meter tested as per safety normsmeter accuracy found within limit at the time of testing,No Action Needed,,,,,,,,,
meter tested as per safety norms,No Action Needed,,,,,,,,,
Meter tested as per safety normsmeter accuracy found within limit at the time of testing,No Action Needed,,,,,,,,,
meter tested as per safety norms,No Action Needed,,,,,,,,,
meter tested as per safety norms oftpddlaccuracy found within limitatatime oftesting,No Action Needed,,,,,,,,,
Meter Tested As Per Safety Norms And Accuracy Found Within Limit At the Time Of Testing,No Action Needed,,,,,,,,,
Meter tested as per all safety normsmeter accuracy found within limit at the time of testing,No Action Needed,,,,,,,,,
Meter tested as per all safety normsmeter accuracy found within limit at the time of testing,No Action Needed,,,,,,,,,
meter tested as per safety norms,No Action Needed,,,,,,,,,
meter tested as per safety norms,No Action Needed,,,,,,,,,
Meter tested as per safety normsmeter accuracy found within limit at the time of testing,No Action Needed,,,,,,,,,
meter tested as per safety norms,No Action Needed,,,,,,,,,
Meter Tested As Per Safety Norms And Accuracy Found Within Limit At the Time Of Testing,No Action Needed,,,,,,,,,
Meter tested as per all safety normsmeter accuracy found within limit at the time of testing,No Action Needed,,,,,,,,,
Meter tested as per all safety normsmeter accuracy found within limit at the time of testing,No Action Needed,,,,,,,,,
meter testing as per all safety normsall display parameters found ok at the time of meter testing,No Action Needed,,,,,,,,,
Meter Tested As Per Safety Norms And Accuracy Found Within Limit At the Time Of Testing,No Action Needed,,,,,,,,,
Meter Tested As Per Safety Norms And Accuracy Found Within Limit At the Time Of Testing,No Action Needed,,,,,,,,,
meter tested as per safety norms meter accuracy found within limit at the time of testing,No Action Needed,,,,,,,,,
Meter tested as per all safety norms and accuracy found within limit at the time of testing,No Action Needed,,,,,,,,,
Meter tested as per all safety norms and accuracy found within limit at the time of testing,No Action Needed,,,,,,,,,
Meter Tested As Per Safety Norms And Accuracy Found Within Limit At the Time Of Testing,No Action Needed,,,,,,,,,
Meter tested as per safety norms meter accuracy found within limit at the time of testing,No Action Needed,,,,,,,,,
Meter Tested As per Safety noms Meter Accuracy within limit At the time of testing,No Action Needed,,,,,,,,,
meter tested as per safety norms,No Action Needed,,,,,,,,,
Meter tested as per all safety normsmeter accuracy found within limit at the time of testing,No Action Needed,,,,,,,,,
Meter tested as per all safety normsmeter accuracy found within limit at the time of testing,No Action Needed,,,,,,,,,
Meter tested as per all safety normsmeter accuracy found within limit at the time of testing,No Action Needed,,,,,,,,,
meter tested as per safety norms oftpddlaccuracy found within limitatatime oftesting,No Action Needed,,,,,,,,,
meter tested as per safety norms meter accuracy found within limit at the time of testing,No Action Needed,,,,,,,,,
meter tested as per safety norms oftpddlaccuracy found within limitatatime oftesting,No Action Needed,,,,,,,,,
Meter tested as per safety normsmeter accuracy found within limit at the time of testing,No Action Needed,,,,,,,,,
Meter tested as per all safety norms All display parameters found OK at the time of meter testing,No Action Needed,,,,,,,,,
Meter tested as per safety normsmeter accuracy found within limit at the time of testing,No Action Needed,,,,,,,,,
Meter tested as per all safety norms and accuracy found within limit at the time of testing,No Action Needed,,,,,,,,,
Meter tested as per all safety normsmeter accuracy found within limit at the time of testing,No Action Needed,,,,,,,,,
Meter Tested As Per Safety Norms And Accuracy Found Within Limit At the Time Of Testing,No Action Needed,,,,,,,,,
Meter Tested As Per Safety Norms And Accuracy Found Within Limit At the Time Of Testing,No Action Needed,,,,,,,,,
Meter Tested As Per Safety Norms And Accuracy Found Within Limit At the Time Of Testing,No Action Needed,,,,,,,,,
Meter tested as per safety norms meter accuracy found within limit at the time of testing,No Action Needed,,,,,,,,,
Meter tested as per safty norms meter accuracy found within limit at the time of testing,No Action Needed,,,,,,,,,
Meter Tested as per all safety norms All display parameters found OK at the time of meter testing Contacted Person Chandra Bhan,No Action Needed,,,,,,,,,
Meter tested as per all safety normsmeter accuracy found within limit at the time of testing,No Action Needed,,,,,,,,,
Meter tested as per all safety normsmeter accuracy found within limit at the time of testing,No Action Needed,,,,,,,,,
Meter tested as per all safety normsmeter accuracy found within limit at the time of testing,No Action Needed,,,,,,,,,
Meter tested as per all safety normsmeter accuracy found within limit at the time of testing,No Action Needed,,,,,,,,,
Meter tested as per all safety normsmeter accuracy found within limit at the time of testing,No Action Needed,,,,,,,,,
Meter tested as per all safety norms All display parameters found OK at the time of meter testing,No Action Needed,,,,,,,,,
Meter Tested As per Safety noms Meter Accuracy within limit At the time of testing,No Action Needed,,,,,,,,,
Meter tested as per safety normsmeter accuracy found within limit at the time of testing,No Action Needed,,,,,,,,,
meter tested as per safety norms,No Action Needed,,,,,,,,,
Meter tested as per all safety normsmeter accuracy found within limit at the time of testing,No Action Needed,,,,,,,,,
Meter tested as per all safety norms and accuracy found within limit at the time of testing,No Action Needed,,,,,,,,,
Meter tested as per all safety normsmeter accuracy found within limit at the time of testing,No Action Needed,,,,,,,,,
Meter tested as per all safety normsmeter accuracy found within limit at the time of testing,No Action Needed,,,,,,,,,
Meter tested as per all safety norms All display parameters found OK at the time of meter testing,No Action Needed,,,,,,,,,
Meter tested as per safety norms meter accuracy found within limit at the time of testing,No Action Needed,,,,,,,,,
meter tested as per safety norms oftpddlaccuracy found within limitatatime oftesting,No Action Needed,,,,,,,,,
Meter tested as per safety norms meter accuracy found within limit at the time of testing,No Action Needed,,,,,,,,,
meter tested as per safety norms,No Action Needed,,,,,,,,,
Meter Tested As per Safety noms Meter Accuracy within limit At the time of testing,No Action Needed,,,,,,,,,
Meter tested as per all safety norms All display parameters found OK at the time of meter testing,No Action Needed,,,,,,,,,
Meter tested as per all safety normsmeter accuracy found within limit at the time of testing,No Action Needed,,,,,,,,,
Meter tested as per all safety normsmeter accuracy found within limit at the time of testing,No Action Needed,,,,,,,,,
Meter tested as per all safety normsmeter accuracy found within limit at the time of testing,No Action Needed,,,,,,,,,
Meter Tested As per Safety noms Meter Accuracy within limit At the time of testing,No Action Needed,,,,,,,,,
meter tested as per safety norms,No Action Needed,,,,,,,,,
meter tested as per safety norms oftpddlaccuracy found within limitatatime oftesting,No Action Needed,,,,,,,,,
Meter Tested as per all safety norms All display parameters found OK at the time of meter testing Contacted Person Sunheri Lal,No Action Needed,,,,,,,,,
meter tested as per safety norms,No Action Needed,,,,,,,,,
Meter tested as per all safety normsmeter accuracy found within limit at the time of testing,No Action Needed,,,,,,,,,
Meter tested as per all safety normsmeter accuracy found within limit at the time of testing,No Action Needed,,,,,,,,,
Meter tested as per all safety normsmeter accuracy found within limit at the time of testing,No Action Needed,,,,,,,,,
Meter tested as per all safety normsmeter accuracy found within limit at the time of testing,No Action Needed,,,,,,,,,
Meter tested as per all safety normsmeter accuracy found within limit at the time of testing,No Action Needed,,,,,,,,,
Meter tested as per all safety normsmeter accuracy found within limit at the time of testing,No Action Needed,,,,,,,,,
Meter tested as per all safety normsmeter accuracy found within limit at the time of testing,No Action Needed,,,,,,,,,
Meter tested as per all safety norms and accuracy found within limit at the time of testing,No Action Needed,,,,,,,,,
Meter tested as per all safety norms All display parameters found OK at the time of meter testing,No Action Needed,,,,,,,,,
Meter tested as per all safety normsmeter accuracy found within limit at the time of testing,No Action Needed,,,,,,,,,
Meter tested as per all safety norms All display parameters found OK at the time of meter testing,No Action Needed,,,,,,,,,
Meter tested as per all safety normsmeter accuracy found within limit at the time of testing,No Action Needed,,,,,,,,,
meter tested as per safety norms meter accuracy found within limit at the time of testing,No Action Needed,,,,,,,,,
Meter tested as per safety normsmeter accuracy found within limit at the time of testing,No Action Needed,,,,,,,,,
Meter Tested As Per Safety Norms And Accuracy Found Within Limit At the Time Of Testing,No Action Needed,,,,,,,,,
meter tested as per safety norms meter accuracy found within limit at the time of testing,No Action Needed,,,,,,,,,
meter tested as per safety norms meter accuracy found within limit at the time of testing,No Action Needed,,,,,,,,,
meter tested as per safety norms oftpddlaccuracy found within limitatatime oftesting,No Action Needed,,,,,,,,,
Meter tested as per all safety normsmeter accuracy found within limit at the time of testingpaper seal found,No Action Needed,,,,,,,,,
Meter tested as per all safety norms and accuracy found within limit at the time of testing,No Action Needed,,,,,,,,,
Meter tested as per all safety normsmeter accuracy found within limit at the time of testing,No Action Needed,,,,,,,,,
meter tested as per safety norms oftpddlaccuracy found within limitatatime oftesting,No Action Needed,,,,,,,,,
Meter tested as per safety norms meter accuracy found within limit at the time of testing,No Action Needed,,,,,,,,,
meter tested as per safety norms oftpddlaccuracy found within limitatatime oftesting,No Action Needed,,,,,,,,,
meter tested as per safety norms oftpddlaccuracy found within limitatatime oftesting,No Action Needed,,,,,,,,,
Meter tested as per all safety normsmeter accuracy found within limit at the time of testing,No Action Needed,,,,,,,,,
Meter Tested As per Safety noms Meter Accuracy within limit At the time of testing,No Action Needed,,,,,,,,,
meter tested as per safety norms oftpddlaccuracy found within limitatatime oftesting,No Action Needed,,,,,,,,,
meter tested as per safety norms oftpddlaccuracy found within limitatatime oftesting,No Action Needed,,,,,,,,,
Meter Tested As per Safety noms Meter Accuracy within limit At the time of testing,No Action Needed,,,,,,,,,
Meter tested as per safety normsmeter accuracy found within limit at the time of testing,No Action Needed,,,,,,,,,
Meter tested as per safety norms meter accuracy found within limit at the time of testing,No Action Needed,,,,,,,,,
meter tested as per safety norms meter accuracy found within limit at the time of testing,No Action Needed,,,,,,,,,
Meter Tested as per all safety norms All display parameters found OK at the time of meter testing,No Action Needed,,,,,,,,,
Meter tested as per safety norms meter accuracy found within limit at the time of testing,No Action Needed,,,,,,,,,
Meter Tested as per all safety norms All display parameters found OK at the time of meter testing,No Action Needed,,,,,,,,,
meter tested as per safety norms oftpddlaccuracy found within limitatatime oftesting,No Action Needed,,,,,,,,,
Meter tested as per all safety normsmeter accuracy found within limit at the time of testing,No Action Needed,,,,,,,,,
meter tested as per safety norms meter accuracy found within limit at the time of testing,No Action Needed,,,,,,,,,
meter tested as per safety Norms meter accuracy found with limit at the time of testing,No Action Needed,,,,,,,,,
meter tested as per safety norms meter accuracy found within limit at the time of testing,No Action Needed,,,,,,,,,
Meter tested as per safety norms meter accuracy found within limit at the time of testing,No Action Needed,,,,,,,,,
meter tested as per safety norms,No Action Needed,,,,,,,,,
Meter tested as per safety norms meter accuracy found within limit at the time of testing,No Action Needed,,,,,,,,,
meter tested as per safety norms meter accuracy found within limit at the time of testing,No Action Needed,,,,,,,,,
Meter Tested As Per Safety Norms And Accuracy Found Within Limit At the Time Of Testing,No Action Needed,,,,,,,,,
meter tested as per safety norms oftpddlaccuracy found within limitatatime oftesting,No Action Needed,,,,,,,,,
meter tested as per safety norms oftpddlaccuracy found within limitatatime oftesting,No Action Needed,,,,,,,,,
Meter Tested as per all safety norms All display parameters found OK at the time of meter testing,No Action Needed,,,,,,,,,
meter tested as per safety norms,No Action Needed,,,,,,,,,
Meter tested as per safety norms meter accuracy found within limit at the time of testing,No Action Needed,,,,,,,,,
Meter tested as per safety norms meter accuracy found within limit at the time of testing,No Action Needed,,,,,,,,,
Meter tested as per safety normsmeter accuracy found within limit at the time of testing,No Action Needed,,,,,,,,,
Meter tested as per safety norms meter accuracy found within limit at the time of testing,No Action Needed,,,,,,,,,
meter tested as per safety norms oftpddlaccuracy found within limitatatime oftesting,No Action Needed,,,,,,,,,
meter tested as per safety norms,No Action Needed,,,,,,,,,
meter tested as per safety norms oftpddlaccuracy found within limitatatime oftesting,No Action Needed,,,,,,,,,
Meter tested as per all safety normsmeter accuracy found within limit at the time of testing,No Action Needed,,,,,,,,,
Meter tested as per safety norms meter accuracy found within limit at the time of testing,No Action Needed,,,,,,,,,
Meter Tested As Per Safety Norms And Accuracy Found Within Limit At the Time Of Testing,No Action Needed,,,,,,,,,
Meter Tested As per Safety noms Meter Accuracy within limit At the time of testing,No Action Needed,,,,,,,,,
meter tested as per safety norms,No Action Needed,,,,,,,,,
Meter Tested as per all safety norms All display parameters found OK at the time of meter testing,No Action Needed,,,,,,,,,
Meter tested as per all safety normsmeter accuracy found within limit at the time of testing,No Action Needed,,,,,,,,,
Meter tested as per all safety normsmeter accuracy found within limit at the time of testing,No Action Needed,,,,,,,,,
Meter tested as per all safety normsmeter accuracy found within limit at the time of testing,No Action Needed,,,,,,,,,
Meter tested as per all safety norms All display parameters found OK at the time of meter testing,No Action Needed,,,,,,,,,
Meter tested as per all safety norms and accuracy found within limit at the time of testing,No Action Needed,,,,,,,,,
Meter Tested as per all safety norms All display parameters found OK at the time of meter testing,No Action Needed,,,,,,,,,
Meter tested as per safety norms meter accuracy found within limit at the time of testing,No Action Needed,,,,,,,,,
Meter tested as per safety norms meter accuracy found within limit at the time of testing,No Action Needed,,,,,,,,,
meter tested as per safety norms,No Action Needed,,,,,,,,,
Meter tested as per safety normsmeter accuracy found within limit at the time of testing,No Action Needed,,,,,,,,,
Meter tested as per safety normsmeter accuracy found within limit at the time of testing,No Action Needed,,,,,,,,,
Meter tested as per safety norms meter accuracy found within limit at the time of testing,No Action Needed,,,,,,,,,
Meter Tested as per all safety norms All display parameters found OK at the time of meter testing,No Action Needed,,,,,,,,,
meter tested as per safety norms,No Action Needed,,,,,,,,,
Meter Tested as per all safety norms All display parameters found OK at the time of meter testing,No Action Needed,,,,,,,,,
meter tested as per safety norms,No Action Needed,,,,,,,,,
Meter tested as per safety normsmeter accuracy found within limit at the time of testing,No Action Needed,,,,,,,,,
Meter Tested as per all safety norms All display parameters found OK at the time of meter testing,No Action Needed,,,,,,,,,
Meter Tested as per all safety norms All display parameters found OK at the time of meter testing,No Action Needed,,,,,,,,,
meter tested as per safety norms,No Action Needed,,,,,,,,,
meter tested as per safety norms,No Action Needed,,,,,,,,,
meter tested as per safety norms meter accuracy found within limit at the time of testing,No Action Needed,,,,,,,,,
Meter Tested as per all safety norms All display parameters found OK at the time of meter testing,No Action Needed,,,,,,,,,
Meter tested as per safety normsmeter accuracy found within limit at the time of testing,No Action Needed,,,,,,,,,
meter tested as per safty norms meter accuracy found within limit at the time of testing,No Action Needed,,,,,,,,,
meter tested as per safety norms,No Action Needed,,,,,,,,,
meter tested as per safety norms,No Action Needed,,,,,,,,,
Meter tested as per safety normsmeter accuracy found within limit at the time of testing,No Action Needed,,,,,,,,,
Meter tested as per safety normsmeter accuracy found within limit at the time of testing,No Action Needed,,,,,,,,,
meter tested as per safety norms,No Action Needed,,,,,,,,,
meter tested as per safety norms,No Action Needed,,,,,,,,,
Meter tested as per safety normsmeter accuracy found within limit at the time of testing,No Action Needed,,,,,,,,,
meter tesred as per safety norms,No Action Needed,,,,,,,,,
meter tested as per safety norms on external load and consumer used lightings load,No Action Needed,,,,,,,,,
Meter tested as per safety normsmeter accuracy found within limit at the time of testing,No Action Needed,,,,,,,,,
Meter tested as per safety norms meter accuracy found within limit at the time of testing,No Action Needed,,,,,,,,,
meter tested as per safety norms,No Action Needed,,,,,,,,,
Meter tested as per safety norms meter accuracy found within limit at the time of testing,No Action Needed,,,,,,,,,
Meter Tested As Per Safety Norms And Accuracy Found Within Limit At the Time Of Testing,No Action Needed,,,,,,,,,
Meter Tested as per all safety norms All display parameters found OK at the time of meter testing,No Action Needed,,,,,,,,,
meter tested as per safety norms,No Action Needed,,,,,,,,,
meter tested as per safety norms oftpddlaccuracy found within limitatatime oftesting,No Action Needed,,,,,,,,,
Meter tested as per all safety norms All display parameters found OK at the time of meter testing,No Action Needed,,,,,,,,,
Meter Tested As Per Safety Norms And Accuracy Found Within Limit At the Time Of Testing,No Action Needed,,,,,,,,,
Meter tested as per all safety normsAll display parameters found OK at the time of meter testing,No Action Needed,,,,,,,,,
Meter tested as per all safety normsmeter accuracy found within limit at the time of testing,No Action Needed,,,,,,,,,
Meter tested as per all safety norms and accuracy found within limit at the time of testing,No Action Needed,,,,,,,,,
Meter tested as per all safety normsmeter accuracy found within limit at the time of testing,No Action Needed,,,,,,,,,
Meter tested as per all safety normsmeter accuracy found within limit at the time of testing,No Action Needed,,,,,,,,,
Meter tested as per all safety normsmeter accuracy found within limit at the time of testing,No Action Needed,,,,,,,,,
Meter tested as per all safety norms All display parameters found OK at the time of meter testing,No Action Needed,,,,,,,,,
Meter tested as per all safety normsmeter accuracy found within limit at the time of testing,No Action Needed,,,,,,,,,
Meter tested as per all safety norms All display parameters found OK at the time of meter testing,No Action Needed,,,,,,,,,
Meter tested as per all safety normsmeter accuracy found within limit at the time of testing,No Action Needed,,,,,,,,,
Meter tested as per all safety normsmeter accuracy found within limit at the time of testing,No Action Needed,,,,,,,,,
Meter tested as per all safety normsmeter accuracy found within limit at the time of testing,No Action Needed,,,,,,,,,
Meter tested as per all safety norms and accuracy found within limit at the time of testing,No Action Needed,,,,,,,,,
Meter Tested As Per Safety Norms And Accuracy Found Within Limit At the Time Of Testing,No Action Needed,,,,,,,,,
Meter tested as per safety norms meter accuracy found within limit at the time of testing,No Action Needed,,,,,,,,,
meter tested as per safety norms,No Action Needed,,,,,,,,,
meter tested as per safety norms oftpddlaccuracy found within limitatatime oftesting,No Action Needed,,,,,,,,,
Meter tested as per safety normsmeter accuracy found within limit at the time of testing,No Action Needed,,,,,,,,,
meter tested as per safety norms oftpddlaccuracy found within limitatatime oftesting,No Action Needed,,,,,,,,,
meter tested as per safety norms,No Action Needed,,,,,,,,,
Meter tested as per all safety norms and accuracy found within limit at the time of testing,No Action Needed,,,,,,,,,
Meter tested as per all safety norms All display parameters found OK at the time of meter testing,No Action Needed,,,,,,,,,
Meter tested as per all safety normsmeter accuracy found within limit at the time of testing,No Action Needed,,,,,,,,,
Meter tested as per all safety normsmeter accuracy found within limit at the time of testing,No Action Needed,,,,,,,,,
Meter tested as per all safety normsAll display parameters found OK at the time of meter testing,No Action Needed,,,,,,,,,
Meter tested as per all safety norms All display parameters found OK at the time of meter testing,No Action Needed,,,,,,,,,
Meter tested as per all safety norms All display parameters found OK at the time of meter testing,No Action Needed,,,,,,,,,
Meter tested as per all safety norms All display parameters found OK at the time of meter testing,No Action Needed,,,,,,,,,
Meter tested as per all safety normsmeter accuracy found within limit at the time of testing,No Action Needed,,,,,,,,,
Meter tested as per safety norms meter accuracy found within limit at the time of testing,No Action Needed,,,,,,,,,
meter tested as per safety norms oftpddlaccuracy found within limitatatime oftesting,No Action Needed,,,,,,,,,
Meter tested as per safety normsmeter accuracy found within limit at the time of testing,No Action Needed,,,,,,,,,
Meter Tested As Per Safety Norms And Accuracy Found Within Limit At the Time Of Testing,No Action Needed,,,,,,,,,
Meter tested as per all safety normsmeter accuracy found within limit at the time of testing,No Action Needed,,,,,,,,,
Meter tested as per all safety norms and accuracy found within limit at the time of testing,No Action Needed,,,,,,,,,
Meter tested as per all safety normsmeter accuracy found within limit at the time of testing,No Action Needed,,,,,,,,,
Meter tested as per all safety norms and accuracy found within limit at the time of testing,No Action Needed,,,,,,,,,
Meter tested as per all safety norms and accuracy found within limit at the time of testing,No Action Needed,,,,,,,,,
Meter tested as per all safety normsmeter accuracy found within limit at the time of testing,No Action Needed,,,,,,,,,
Meter Tested As per Safety noms Meter Accuracy within limit At the time of testing,No Action Needed,,,,,,,,,
Meter Tested As Per Safety Norms And Accuracy Found Within Limit At the Time Of Testing,No Action Needed,,,,,,,,,
Meter Tested As Per Safety Norms And Accuracy Found Within Limit At the Time Of Testing,No Action Needed,,,,,,,,,
meter tested as per safety norms oftpddlaccuracy found within limitatatime oftesting,No Action Needed,,,,,,,,,
Meter tested as per all safety normsmeter accuracy found within limit at the time of testing,No Action Needed,,,,,,,,,
Meter tested as per all safety normsmeter accuracy found within limit at the time of testing,No Action Needed,,,,,,,,,
Meter tested as per all safety norms All display parameters found OK at the time of meter testing,No Action Needed,,,,,,,,,
Meter tested as per all safety norms All display parameters found OK at the time of meter testing,No Action Needed,,,,,,,,,
Meter tested as per safety normsmeter accuracy found within limit at the time of testing,No Action Needed,,,,,,,,,
Meter Tested as per all safety norms All display parameters found OK at the time of meter testing,No Action Needed,,,,,,,,,
meter tested as per safety norms,No Action Needed,,,,,,,,,
Meter tested as per safety normsmeter accuracy found within limit at the time of testing,No Action Needed,,,,,,,,,
Meter tested as per safety norms meter accuracy found within limit at the time of testing,No Action Needed,,,,,,,,,
Meter tested as per safety normsmeter accuracy found within limit at the time of testing,No Action Needed,,,,,,,,,
Meter tested as per safety normsmeter accuracy found within limit at the time of testing,No Action Needed,,,,,,,,,
Meter Tested As per Safety noms Meter Accuracy within limit At the time of testing,No Action Needed,,,,,,,,,
Meter tested as per safety norms meter accuracy found within limit at the time of testing,No Action Needed,,,,,,,,,
Meter Tested as per Safety noms Meter Accuracy within limit At the time of testing,No Action Needed,,,,,,,,,
Meter tested as per safety norms meter accuracy found within limit at the time of testing,No Action Needed,,,,,,,,,
Meter tested as per all safety normsAll display parameters found OK at the time of meter testing,No Action Needed,,,,,,,,,
meter tested as per safety norms on external load,No Action Needed,,,,,,,,,
Meter tested as per all safety normsAll display parameters found OK at the time of meter testing,No Action Needed,,,,,,,,,
Meter tested as per safety norms meter accuracy found within limit at the time of testing,No Action Needed,,,,,,,,,
Meter tested as per safety normsmeter accuracy found within limit at the time of testing,No Action Needed,,,,,,,,,
Meter tested as per safety norms meter accuracy found within limit at the time of testing,No Action Needed,,,,,,,,,
Meter Tested As Per Safety Norms And Accuracy Found Within Limit At the Time Of Testing,No Action Needed,,,,,,,,,
meter tested as per safety norms oftpddlaccuracy found within limitatatime oftesting,No Action Needed,,,,,,,,,
Meter tested as per safety norms meter accuracy found within limit at the time of testing,No Action Needed,,,,,,,,,
Meter tested as per all safety norms All display parameters found OK at the time of meter testing,No Action Needed,,,,,,,,,
Meter tested as per all safety norms All display parameters found OK at the time of meter testing,No Action Needed,,,,,,,,,
Meter tested as per all safety norms and accuracy found within limit at the time of testing,No Action Needed,,,,,,,,,
Meter tested as per all safety norms and accuracy found within limit at the time of testing,No Action Needed,,,,,,,,,
Meter tested as per all safety normsmeter accuracy found within limit at the time of testing,No Action Needed,,,,,,,,,
Meter tested as per all safety normsmeter accuracy found within limit at the time of testing,No Action Needed,,,,,,,,,
Meter tested as per all safety norms All display parameters found OK at the time of meter testing,No Action Needed,,,,,,,,,
Meter tested as per all safety normsmeter accuracy found within limit at the time of testing,No Action Needed,,,,,,,,,
meter tested as per safety norms meter accuracy found within limit at the time of testing but meter not in use,No Action Needed,,,,,,,,,
Meter tested as per all safety normsAll display parameters found OK at the time of meter testing,No Action Needed,,,,,,,,,
Meter tested as per all safety normsAll display parameters found OK at the time of meter testing,No Action Needed,,,,,,,,,
Meter tested as per all safety normsmeter accuracy found within limit at the time of testing,No Action Needed,,,,,,,,,
Meter tested as per safety normsmeter accuracy found within limit at the time of testing,No Action Needed,,,,,,,,,
meter tested as per safety norms oftpddlaccuracy found within limitatatime oftesting composite meter testing,No Action Needed,,,,,,,,,
meter tedted as per safety norms,No Action Needed,,,,,,,,,
Meter tested as per safety norms meter accuracy found within limit at the time of testing,No Action Needed,,,,,,,,,
meter tested as per safety norms meter accuracy found within limit at the time of testing,No Action Needed,,,,,,,,,
Meter Tested As per Safety noms Meter Accuracy within limit At the time of testing,No Action Needed,,,,,,,,,
meter tested as per safety norms meter accuracy found within limit at the time of testing,No Action Needed,,,,,,,,,
Meter Tested As per Safety noms Meter Accuracy within limit At the time of testing,No Action Needed,,,,,,,,,
Meter Tested as per all safety norms All display parameters found OK at the time of meter testing,No Action Needed,,,,,,,,,
Meter tested as per all safety normsmeter accuracy found within limit at the time of testing,No Action Needed,,,,,,,,,
Solar panel not Genration found at the time of testing discuss with consumer sh Kishore,No Action Needed,,,,,,,,,
meter tested as per safety norms,No Action Needed,,,,,,,,,
Meter tested as per safety norms meter accuracy found within limit at the time of testing,No Action Needed,,,,,,,,,
meter tested as per safety norms,No Action Needed,,,,,,,,,
Meter Tested As per Safety noms Meter Accuracy within limit At the time of testing,No Action Needed,,,,,,,,,
Meter tested as per safety normsmeter accuracy found within limit at the time of testing,No Action Needed,,,,,,,,,
Meter Tested As Per Safety Norms And Accuracy Found Within Limit At the Time Of Testing,No Action Needed,,,,,,,,,
Meter tested as per safety norms on external load,No Action Needed,,,,,,,,,
Meter Tested As Per Safety Norms And Accuracy Found Within Limit At the Time Of Testing,No Action Needed,,,,,,,,,
Meter tested as per all safety normsmeter accuracy found within limit at the time of testing,No Action Needed,,,,,,,,,
Meter tested as per all safety normsmeter accuracy found within limit at the time of testing,No Action Needed,,,,,,,,,
Meter tested as per all safety norms and accuracy found within limit at the time of testing,No Action Needed,,,,,,,,,
Meter tested as per all safety normsmeter accuracy found within limit at the time of testing,No Action Needed,,,,,,,,,
Meter tested as per all safety norms and accuracy found within limit at the time of testing,No Action Needed,,,,,,,,,
Meter tested as per all safety normsmeter accuracy found within limit at the time of testing,No Action Needed,,,,,,,,,
Meter tested as per all safety normsmeter accuracy found within limit at the time of testing,No Action Needed,,,,,,,,,
Meter Tested as per all safety norms All display parameters found OK at the time of meter testing Meter tested on,No Action Needed,,,,,,,,,
meter tested as per safety norms oftpddlaccuracy found within limitatatime oftesting,No Action Needed,,,,,,,,,
Meter tested as per all safety normsmeter accuracy found within limit at the time of testing,No Action Needed,,,,,,,,,
Meter tested as per safety normsmeter accuracy found within limit at the time of testing,No Action Needed,,,,,,,,,
Meter tested as per safety normsmeter accuracy found within limit at the time of testing,No Action Needed,,,,,,,,,
Meter tested as per safety normsmeter accuracy found within limit at the time of testing,No Action Needed,,,,,,,,,
Meter tested as per safety norms meter accuracy found within limit at the time of testing,No Action Needed,,,,,,,,,
Meter Tested As Per Safety Norms And Accuracy Found Within Limit At the Time Of Testing,No Action Needed,,,,,,,,,
meter tested as per safety norms oftpddlaccuracy found within limitatatime oftesting,No Action Needed,,,,,,,,,
meter tested as per safety norms,No Action Needed,,,,,,,,,
Meter Tested As Per Safety Norms And Accuracy Found Within Limit At the Time Of Testing,No Action Needed,,,,,,,,,
Meter Tested as per all safety norms All display parameters found OK at the time of meter testing,No Action Needed,,,,,,,,,
Meter Tested as per all safety norms All display parameters found OK at the time of meter testing,No Action Needed,,,,,,,,,
Meter tested as per all safety normsmeter accuracy found within limit at the time of testing,No Action Needed,,,,,,,,,
Meter Tested As Per Safety Norms And Accuracy Found Within Limit At the Time Of Testing,No Action Needed,,,,,,,,,
meter tested as per safety norms,No Action Needed,,,,,,,,,
meter tested as per safety norms,No Action Needed,,,,,,,,,
Meter Tested as per all safety norms All display parameters found OK at the time of meter testing,No Action Needed,,,,,,,,,
meter tested as per safety norms oftpddlaccuracy found within limitatatime oftesting,No Action Needed,,,,,,,,,
meter tested as per safety norms,No Action Needed,,,,,,,,,
meter tested as per safety norms,No Action Needed,,,,,,,,,
meter tested as per safety norms oftpddlaccuracy found within limitatatime oftesting,No Action Needed,,,,,,,,,
Meter tested as per all safety normsmeter accuracy found within limit at the time of testing,No Action Needed,,,,,,,,,
Meter tested as per safety norms meter accuracy found within limit at the time of testing,No Action Needed,,,,,,,,,
Meter tested as per all safety normsmeter accuracy found within limit at the time of testing,No Action Needed,,,,,,,,,
meter tested as per safety norms oftpddlaccuracy found within limitatatime oftesting,No Action Needed,,,,,,,,,
Meter Tested as per all safety norms All display parameters found OK at the time of meter testing,No Action Needed,,,,,,,,,
Meter tested as per all safety normsmeter accuracy found within limit at the time of testing,No Action Needed,,,,,,,,,
meter tested as per safety norms oftpddlaccuracy found within limitatatime oftesting,No Action Needed,,,,,,,,,
Meter tested as per safety normsmeter accuracy found within limit at the time of testing,No Action Needed,,,,,,,,,
Meter tested as per safety normsmeter accuracy found within limit at the time of testing,No Action Needed,,,,,,,,,
Meter tested as per safety norms meter accuracy found within limit at the time of testing,No Action Needed,,,,,,,,,
Meter Tested as per all safety norms All display parameters found OK at the time of meter testing Contacted Person Randheer,No Action Needed,,,,,,,,,
meter tested as per safety norms meter accuy found within limit at the time of testing,No Action Needed,,,,,,,,,
Meter tested as per all safety normsmeter accuracy found within limit at the time of testing,No Action Needed,,,,,,,,,
Meter tested as per all safety normsmeter accuracy found within limit at the time of testing,No Action Needed,,,,,,,,,
meter tested as per safety norms oftpddlaccuracy found within limitatatime oftesting,No Action Needed,,,,,,,,,
Meter tested as per safety norms meter accuracy found within limit at the time of testing,No Action Needed,,,,,,,,,
Meter Tested As Per Safety Norms And Accuracy Found Within Limit At the Time Of Testing,No Action Needed,,,,,,,,,
Meter tested as per safety normsmeter accuracy found within limit at the time of testing,No Action Needed,,,,,,,,,
Meter tested as per all safety normsmeter accuracy found within limit at the time of testing,No Action Needed,,,,,,,,,
Meter tested as per all safety norms All display parameters found OK at the time of meter testing,No Action Needed,,,,,,,,,
Meter tested as per all safety normsmeter accuracy found within limit at the time of testing,No Action Needed,,,,,,,,,
Meter tested as per all safety norms All display parameters found OK at the time of meter testing,No Action Needed,,,,,,,,,
Meter tested as per all safety norms All display parameters found OK at the time of meter testing,No Action Needed,,,,,,,,,
Meter tested as per safety normsmeter accuracy found within limit at the time of testing,No Action Needed,,,,,,,,,
meter tested as per safety norms oftpddlaccuracy found within limitatatime oftesting,No Action Needed,,,,,,,,,
meter tested as per safety norms oftpddlaccuracy found within limitatatime oftesting,No Action Needed,,,,,,,,,
Meter tested as per all safety norms and accuracy found within limit at the time of testing,No Action Needed,,,,,,,,,
Meter tested as per all safety norms and accuracy found within limit at the time of testing,No Action Needed,,,,,,,,,
Meter tested as per safety normsmeter accuracy found within limit at the time of testing,No Action Needed,,,,,,,,,
Meter tested as per safety norms meter accuracy found within limit at the time of testing,No Action Needed,,,,,,,,,
Meter Tested as per all safety norms All display parameters found OK at the time of meter testing,No Action Needed,,,,,,,,,
meter tested as per safety norms,No Action Needed,,,,,,,,,
Meter tested as per all safety normsmeter accuracy found within limit at the time of testing,No Action Needed,,,,,,,,,
Meter tested as per all safety normsmeter accuracy found within limit at the time of testing,No Action Needed,,,,,,,,,
Meter tested as per all safety norms All display parameters found OK at the time of meter testing,No Action Needed,,,,,,,,,
Meter tested as per all safety normsmeter accuracy found within limit at the time of testing,No Action Needed,,,,,,,,,
Meter tested as per safety norms meter accuracy found within limit at the time of testing,No Action Needed,,,,,,,,,
meter tested as per safety norms,No Action Needed,,,,,,,,,
Meter tested as per safety norms meter accuracy found within limit at the time of testing,No Action Needed,,,,,,,,,
Meter tested as per all safety normsAll display parameters found OK at the time of meter testing,No Action Needed,,,,,,,,,
meter tested as per safety norms,No Action Needed,,,,,,,,,
Meter tested as per all safety normsmeter accuracy found within limit at the time of testing,No Action Needed,,,,,,,,,
Meter Tested As per Safety noms Meter Accuracy within limit At the time of testing,No Action Needed,,,,,,,,,
Meter tested as per all safety norms All display parameters found OK at the time of meter testing,No Action Needed,,,,,,,,,
Meter tested as per all safety normsmeter accuracy found within limit at the time of testing,No Action Needed,,,,,,,,,
Meter tested as per all safety normsmeter accuracy found within limit at the time of testing,No Action Needed,,,,,,,,,
Meter tested as per all safety norms All display parameters found OK at the time of meter testing,No Action Needed,,,,,,,,,
Meter tested as per all safety normsmeter accuracy found within limit at the time of testing,No Action Needed,,,,,,,,,
Meter tested as per safety norms meter accuracy found within limit at the time of testing,No Action Needed,,,,,,,,,
Meter tested as per all safety normsmeter accuracy found within limit at the time of testing,No Action Needed,,,,,,,,,
Meter tested as per all safety normsmeter accuracy found within limit at the time of testing,No Action Needed,,,,,,,,,
Meter tested as per all safety normsmeter accuracy found within limit at the time of testing,No Action Needed,,,,,,,,,
Meter tested as per all safety norms All display parameters found OK at the time of meter testing,No Action Needed,,,,,,,,,
Meter tested as per all safety normsmeter accuracy found within limit at the time of testing,No Action Needed,,,,,,,,,
meter tested as per safety norms,No Action Needed,,,,,,,,,
Meter tested as per safety norms meter accuracy found within limit at the time of testing meter not in use all elements are working,No Action Needed,,,,,,,,,
Meter tested as per all safety normsmeter accuracy found within limit at the time of testing,No Action Needed,,,,,,,,,
meter tested as per safety,No Action Needed,,,,,,,,,
Meter tested as per safety norms meter accuracy found within limit at the time of testing,No Action Needed,,,,,,,,,
Meter tested as per all safety normsmeter accuracy found within limit at the time of testing,No Action Needed,,,,,,,,,
Meter tested as per safety normsmeter accuracy found within limit at the time of testing,No Action Needed,,,,,,,,,
Meter tested as per safety norms meter accuracy found within limit at the time of testing,No Action Needed,,,,,,,,,
Meter tested as per safety normsmeter accuracy found within limit at the time of testing,No Action Needed,,,,,,,,,
Meter Tested as per all safety norms All display parameters found OK at the time of meter testing,No Action Needed,,,,,,,,,
Meter tested as per all safety norms All display parameters found OK at the time of meter testing,No Action Needed,,,,,,,,,
Meter tested as per all safety normsmeter accuracy found within limit at the time of testing,No Action Needed,,,,,,,,,
Meter Tested As per Safety noms Meter Accuracy within limit At the time of testing,No Action Needed,,,,,,,,,
Meter tested as per all safety norms All display parameters found OK at the time of meter testing,No Action Needed,,,,,,,,,
meter tested as per safty norma meter accuracy found within limit at the time of testing,No Action Needed,,,,,,,,,
meter tested as per safety norms oftpddlaccuracy found within limitatatime oftesting,No Action Needed,,,,,,,,,
meter tested as per safety norms oftpddlaccuracy found within limitatatime oftesting,No Action Needed,,,,,,,,,
meter tested as per safety norms,No Action Needed,,,,,,,,,
meter tested as per safety norms,No Action Needed,,,,,,,,,
Meter Tested as per all safety norms All display parameters found OK at the time of meter testing,No Action Needed,,,,,,,,,
Meter Tested As per Safety noms Meter Accuracy within limit At the time of testing,No Action Needed,,,,,,,,,
Meter Tested As Per Safety Norms And Accuracy Found Within Limit At the Time Of Testing,No Action Needed,,,,,,,,,
Meter Tested As Per Safety Norms And Accuracy Found Within Limit At the Time Of Testing,No Action Needed,,,,,,,,,
meter tested as per safety norms,No Action Needed,,,,,,,,,
Meter Tested As per Safety noms Meter Accuracy within limit At the time of testing,No Action Needed,,,,,,,,,
meter tested as per safety norms,No Action Needed,,,,,,,,,
Meter tested as per safety normsmeter accuracy found within limit at the time of testing,No Action Needed,,,,,,,,,
Meter tested as per safety normsmeter accuracy found within limit at the time of testing,No Action Needed,,,,,,,,,
Meter tested as per safety norms meter accuracy found within limit at the time of testing,No Action Needed,,,,,,,,,
Meter tested as per all safety normsAll display parameters found OK at the time of meter testing,No Action Needed,,,,,,,,,
Meter tested as per all safety norms All display parameters found OK at the time of meter testing,No Action Needed,,,,,,,,,
Meter tested as per all safety norms All display parameters found OK at the time of meter testing,No Action Needed,,,,,,,,,
meter tested as per all safety normsmeter accuracy found within limit at the time of testing,No Action Needed,,,,,,,,,
Meter tested as per all safety norms All display parameters found OK at the time of meter testing,No Action Needed,,,,,,,,,
meter tested as per safety norms oftpddlaccuracy found within limitatatime oftesting,No Action Needed,,,,,,,,,
meter tested as per safety norms,No Action Needed,,,,,,,,,
meter tested as per safety norms,No Action Needed,,,,,,,,,
meter tested as per safety norms Meter accuracy found within limit at the time of testing,No Action Needed,,,,,,,,,
Meter Tested as per all safety norms All display parameters found OK at the time of meter testing Meter testing is witnessed by Shri Rajeev Sharma and Shri Harbhajan Singh STS Dept,No Action Needed,,,,,,,,,
Meter tested as per safety normsmeter accuracy found within limit at the time of testing,No Action Needed,,,,,,,,,
meter tested as per safety norms,No Action Needed,,,,,,,,,
meter tested as per safety norms oftpddlaccuracy found within limitatatime oftesting consumer not able to signature,No Action Needed,,,,,,,,,
meter tested as per safety norms oftpddlaccuracy found within limitatatime oftesting,No Action Needed,,,,,,,,,
Meter Tested As Per Safety Norms And Accuracy Found Within Limit At the Time Of Testing,No Action Needed,,,,,,,,,
Meter Tested As Per Safety Norms And Accuracy Found Within Limit At the Time Of Testing,No Action Needed,,,,,,,,,
Meter Tested As per Safety noms Meter Accuracy within limit At the time of testing,No Action Needed,,,,,,,,,
Meter Tested As Per Safety Norms And Accuracy Found Within Limit At the Time Of Testing,No Action Needed,,,,,,,,,
meter tested as per safety norms,No Action Needed,,,,,,,,,
Meter tested as per safety norms meter accuracy found within limit at the time of testing,No Action Needed,,,,,,,,,
Meter tested as per all safety normsAll display parameters found OK at the time of meter testing,No Action Needed,,,,,,,,,
Meter tested as per safety normsmeter accuracy found within limit at the time of testing,No Action Needed,,,,,,,,,
meter tested as per safety norms,No Action Needed,,,,,,,,,
Meter tested as per all safety normsmeter accuracy found within limit at the time of testing,No Action Needed,,,,,,,,,
meter tested as per safety norms,No Action Needed,,,,,,,,,
Meter tested as per safety norms meter accuracy found within limit at the time of testing,No Action Needed,,,,,,,,,
meter tested as per safety norms,No Action Needed,,,,,,,,,
Meter tested as per all safety normsAll display parameters found OK at the time of meter testing,No Action Needed,,,,,,,,,
Meter Tested As Per Safety Norms And Accuracy Found Within Limit At the Time Of Testing,No Action Needed,,,,,,,,,
Meter tested as per safety norms meter accuracy found within limit at the time of testing,No Action Needed,,,,,,,,,
Meter tested as per safety norms meter accuracy found within limit at the time of testing,No Action Needed,,,,,,,,,
Meter tested as per safety normsmeter accuracy found within limit at the time of testing,No Action Needed,,,,,,,,,
Meter Tested As Per Safety Norms And Accuracy Found Within Limit At the Time Of Testing,No Action Needed,,,,,,,,,
Meter Tested as per all safety norms All display parameters found OK at the time of meter testing,No Action Needed,,,,,,,,,
meter tested as per safety norms,No Action Needed,,,,,,,,,
Meter Tested as per all safety norms All display parameters found OK at the time of meter testing,No Action Needed,,,,,,,,,
Meter Tested as per all safety norms All display parameters found OK at the time of meter testing,No Action Needed,,,,,,,,,
Meter Tested As Per Safety Norms And Accuracy Found Within Limit At the Time Of Testing,No Action Needed,,,,,,,,,
Meter tested as per safety norms meter accuracy found within limit at the time of testing,No Action Needed,,,,,,,,,
Meter Tested As per Safety noms Meter Accuracy within limit At the time of testing,No Action Needed,,,,,,,,,
meter tested as per safety norms,No Action Needed,,,,,,,,,
Meter Tested as per all safety norms All display parameters found OK at the time of meter testing,No Action Needed,,,,,,,,,
Meter Tested as per all safety norms All display parameters found OK at the time of meter testing,No Action Needed,,,,,,,,,
Meter tested as per safety normsmeter accuracy found within limit at the time of testing,No Action Needed,,,,,,,,,
Meter tested as per all safety normsmeter accuracy found within limit at the time of testing,No Action Needed,,,,,,,,,
Meter tested as per safety norms meter accuracy found within limit at the time of testing,No Action Needed,,,,,,,,,
Meter Tested as per all safety norms All display parameters found OK at the time of meter testing,No Action Needed,,,,,,,,,
Meter Tested as per all safety norms All display parameters found OK at the time of meter testing,No Action Needed,,,,,,,,,
Meter Tested as per all safety norms All display parameters found OK at the time of meter testing,No Action Needed,,,,,,,,,
Meter tested as per all safety normsmeter accuracy found within limit at the time of testing,No Action Needed,,,,,,,,,
Meter Tested As Per Safety Norms And Accuracy Found Within Limit At the Time Of Testing,No Action Needed,,,,,,,,,
meter tested as per safety normsmeter accuracy found within limit at the time of testing,No Action Needed,,,,,,,,,
meter tested as per safety norms oftpddlaccuracy found within limitatatime oftesting,No Action Needed,,,,,,,,,
Meter Tested As Per Safety Norms And Accuracy Found Within Limit At the Time Of Testing,No Action Needed,,,,,,,,,
Meter Tested as per all safety norms All display parameters found OK at the time of meter testing,No Action Needed,,,,,,,,,
meter tested as per safety norms,No Action Needed,,,,,,,,,
meter tested as per safety norms,No Action Needed,,,,,,,,,
Meter tested as per safety normsmeter accuracy found within limit at the time of testing,No Action Needed,,,,,,,,,
meter tested as per safety norms,No Action Needed,,,,,,,,,
Meter Tested As Per Safety Norms And Accuracy Found Within Limit At the Time Of Testing,No Action Needed,,,,,,,,,
meter tested as per safety norms,No Action Needed,,,,,,,,,
Meter tested as per all safety norms All display parameters found OK at the time of meter testing,No Action Needed,,,,,,,,,
Meter tested as per all safety normsAll display parameters found OK at the time of meter testing,No Action Needed,,,,,,,,,
Meter tested as per all safety normsmeter accuracy found within limit at the time of testing,No Action Needed,,,,,,,,,
meter tested as per safety norms,No Action Needed,,,,,,,,,
meter tested as per safety norms,No Action Needed,,,,,,,,,
Meter tested as per safety normsmeter accuracy found within limit at the time of testing,No Action Needed,,,,,,,,,
Meter tested as per safety norms meter accuracy found within limit at the time of testing,No Action Needed,,,,,,,,,
meter tested as per safety norms,No Action Needed,,,,,,,,,
meter tested as per safety norms,No Action Needed,,,,,,,,,
meter tested as per safety,No Action Needed,,,,,,,,,
meter tested as per safety norms,No Action Needed,,,,,,,,,
Meter tested as per safety norms meter accuracy found within limit at the time of testing,No Action Needed,,,,,,,,,
Meter Tested As Per Safety Norms And Accuracy Found Within Limit At the Time Of Testing,No Action Needed,,,,,,,,,
Meter tested as per all safety normsmeter accuracy found within limit at the time of testing,No Action Needed,,,,,,,,,
Meter tested as per all safety normsAll display parameters found OK at the time of meter testing,No Action Needed,,,,,,,,,
Meter tested as per all safety normsmeter accuracy found within limit at the time of testing,No Action Needed,,,,,,,,,
Meter Tested as per all safety norms All display parameters found OK at the time of meter testing,No Action Needed,,,,,,,,,
Meter tested as per safety normsmeter accuracy found within limit at the time of testing,No Action Needed,,,,,,,,,
Meter tested as per safety normsmeter accuracy found within limit at the time of testing,No Action Needed,,,,,,,,,
Meter tested as per safety normsmeter accuracy found within limit at the time of testing,No Action Needed,,,,,,,,,
meter tedted as per safety norms,No Action Needed,,,,,,,,,
Meter Tested As Per Safety Norms And Accuracy Found Within Limit At the Time Of Testing,No Action Needed,,,,,,,,,
meter tested as per safety norms,No Action Needed,,,,,,,,,
Meter tested as per safety norms meter accuracy found within limit at the time of testing,No Action Needed,,,,,,,,,
Meter tested as per safety norms meter accuracy found within limit at the time of testing,No Action Needed,,,,,,,,,
Meter tested as per safety norms on external load,No Action Needed,,,,,,,,,
Meter tested as per all safety normsmeter accuracy found within limit at the time of testing,No Action Needed,,,,,,,,,
Meter tested as per all safety normsmeter accuracy found within limit at the time of testing,No Action Needed,,,,,,,,,
Meter tested as per all safety normsmeter accuracy found within limit at the time of testing,No Action Needed,,,,,,,,,
Meter tested as per all safety normsmeter accuracy found within limit at the time of testing,No Action Needed,,,,,,,,,
Meter tested as per safety norms meter accuracy found within limit at the time of testing,No Action Needed,,,,,,,,,
Meter Tested As Per Safety Norms And Accuracy Found Within Limit At the Time Of Testing,No Action Needed,,,,,,,,,
meter tested as per safety norms oftpddlaccuracy found within limitatatime oftesting,No Action Needed,,,,,,,,,
Meter tested as per all safety normsAll display parameters found OK at the time of meter testing,No Action Needed,,,,,,,,,
Meter tested as per all safety normsmeter accuracy found within limit at the time of testing,No Action Needed,,,,,,,,,
Meter tested as per all safety norms and accuracy found within limit at the time of testing,No Action Needed,,,,,,,,,
Meter tested as per all safety normsAll display parameters found OK at the time of meter testing,No Action Needed,,,,,,,,,
meter tested as per safety norms,No Action Needed,,,,,,,,,
