TEXT_REMARKS,ACTION_CATEGORY,PREDICTED_DEPARTMENT,CONFIDENCE_SCORE,CONFIDENCE_RANGE,MATCH_STATUS
Consumer refused to test the meter so meter could not be tested at site,Back-Office / Administrative Operations,Back-Office / Administrative Operations,94.74,100-90% Very High,Correct
Consumer want Some time for meter testing as he is not available for meter testing At the time of visit premises found locked,Back-Office / Administrative Operations,Field Operations / Meter Testing,57.25,75-50% Medium,Wrong
Mentioned meter is not found at mentioned address meter is not traceable therefore same couldnt be tested,Field Operations / Meter Testing,Field Operations / Meter Testing,97.31,100-90% Very High,Correct
Meter not found on Specified location also wrong numbers are been provided so no communication could be build for tracing meter,Field Operations / Meter Testing,Field Operations / Meter Testing,95.92,100-90% Very High,Correct
Address Not found At the Mentioned pole So Meter could not be Tested,Field Operations / Meter Testing,Field Operations / Meter Testing,86.57,90-75% High,Correct
Address Not found At the Mention Pole Mobile number Available but not Proper response So Meter not be Tested,Field Operations / Meter Testing,Field Operations / Meter Testing,95.81,100-90% Very High,Correct
No responsible person found at site also no response on telecommunication hence meter is not traceable therefore same couldnt be tested,Field Operations / Meter Testing,Field Operations / Meter Testing,93.63,100-90% Very High,Correct
Adress not found At the Mention pole And mobile number Available but Mobile number Not Correct So Meter could not be Tested,Field Operations / Meter Testing,Field Operations / Meter Testing,94.46,100-90% Very High,Correct
Address Not found At the Mention Pole Mobile number Available but Cansumer Not Corrective Response So Meter could not be Tested,Field Operations / Meter Testing,Field Operations / Meter Testing,94.47,100-90% Very High,Correct
Address Not found At the Mention pole And mobile number Available but Mobile not proper response So Meter could not be Tested,Field Operations / Meter Testing,Field Operations / Meter Testing,95.27,100-90% Very High,Correct
Address Not found At the Mention Pole Mobile number Available but not Proper Corrective Response So Meter could not be Tested,Field Operations / Meter Testing,Field Operations / Meter Testing,94.96,100-90% Very High,Correct
meter not found on pole and Contact number not found in ffa,Field Operations / Meter Testing,Field Operations / Meter Testing,68.19,75-50% Medium,Correct
Adress not found At the Mention pole Mobile number Available but Mobile number Not Corrective Response So Meter could not be Tested,Field Operations / Meter Testing,Field Operations / Meter Testing,89.81,90-75% High,Correct
INSUFFICIENT LOAD FOUND AT SITE SO METER COULD NOT BE TESTED,Field Operations / Meter Testing,Field Operations / Meter Testing,99.35,100-90% Very High,Correct
Consumer going to Village Consumer want some time in week,Back-Office / Administrative Operations,Back-Office / Administrative Operations,91.9,100-90% Very High,Correct
as per telephonic talk with consumer consumer not available at site consumer want some time for meter testing,Back-Office / Administrative Operations,Back-Office / Administrative Operations,92.66,100-90% Very High,Correct
Low Voltage in R Phase from solar panel and hence no solar generation found due the same meter could not tested and rectication required from solar panel end Discuss with electrician sh Hawaldar,Network / Zone Maintenance Team,Network / Zone Maintenance Team,75.64,90-75% High,Correct
Enforcement ir found on meter,CEG / Enforcement / Vigilance Team,CEG / Enforcement / Vigilance Team,82.97,90-75% High,Correct
Mechanical meter found at site accuracy of meter is within the limit but the meter needs to be replaced under mass meter category as meter is of Class,Meter Replacement / Installation Team,Meter Replacement / Installation Team,98.2,100-90% Very High,Correct
Mechanical meter found at site accuracy of meter is within the limit but the meter needs to be replaced under mass meter category as meter is of Class,Meter Replacement / Installation Team,Meter Replacement / Installation Team,98.2,100-90% Very High,Correct
Mechanical meter found at site accuracy of meter is within the limit but the meter needs to be replaced under mass meter category as meter is of Class,Meter Replacement / Installation Team,Meter Replacement / Installation Team,98.2,100-90% Very High,Correct
Meter tested as per all safety normsAll display parameters found OK at the time of meter testing Meter need to replace under mass meter category,Meter Replacement / Installation Team,Meter Replacement / Installation Team,94.68,100-90% Very High,Correct
Mechanical meter found at site accuracy of meter is within the limit but the meter needs to be replaced under mass meter category as meter is of Class,Meter Replacement / Installation Team,Meter Replacement / Installation Team,98.2,100-90% Very High,Correct
Meter tested as per all safety normsAll display parameters found OK at the time of meter testing Meter need to replace under mass meter category,Meter Replacement / Installation Team,Meter Replacement / Installation Team,94.68,100-90% Very High,Correct
Meter tested as per safety norms meter accuracy found within limit at the time of testingmeter found NonReprogramm at site so meter needs to replacement required,Meter Replacement / Installation Team,Meter Replacement / Installation Team,94.43,100-90% Very High,Correct
Meter accuracy found OK at the time of meter testing but mechanical meter found at site meter is of Class hence replacement required for same under mass meter category,Meter Replacement / Installation Team,Meter Replacement / Installation Team,98.31,100-90% Very High,Correct
Meter accuracy found OK at the time of meter testing but mechanical meter found at site meter is of Class hence replacement required for same under mass meter category,Meter Replacement / Installation Team,Meter Replacement / Installation Team,98.31,100-90% Very High,Correct
Meter accuracy found OK at the time of meter testing but mechanical meter found at site meter is of Class hence replacement required for same under mass meter category,Meter Replacement / Installation Team,Meter Replacement / Installation Team,98.31,100-90% Very High,Correct
Meter accuracy found OK at the time of meter testing but mechanical meter found at site meter is of Class hence replacement required for same under mass meter category,Meter Replacement / Installation Team,Meter Replacement / Installation Team,98.31,100-90% Very High,Correct
Meter accuracy found OK at the time of meter testing but mechanical meter found at site meter is of Class hence replacement required for same under mass meter category,Meter Replacement / Installation Team,Meter Replacement / Installation Team,98.31,100-90% Very High,Correct
Meter accuracy found OK at the time of meter testing but mechanical meter found at site meter is of Class hence replacement required for same under mass meter category,Meter Replacement / Installation Team,Meter Replacement / Installation Team,98.31,100-90% Very High,Correct
Meter accuracy found OK at the time of meter testing but mechanical meter found at site meter is of Class hence replacement required for same under mass meter category,Meter Replacement / Installation Team,Meter Replacement / Installation Team,98.31,100-90% Very High,Correct
Meter accuracy found OK at the time of meter testing but mechanical meter found at site meter is of Class hence replacement required for same under mass meter category,Meter Replacement / Installation Team,Meter Replacement / Installation Team,98.31,100-90% Very High,Correct
Meter accuracy found OK at the time of meter testing but mechanical meter found at site meter is of Class hence replacement required for same under mass meter category,Meter Replacement / Installation Team,Meter Replacement / Installation Team,98.31,100-90% Very High,Correct
Meter accuracy found OK at the time of meter testing but mechanical meter found at site meter is of Class hence replacement required for same under mass meter category,Meter Replacement / Installation Team,Meter Replacement / Installation Team,98.31,100-90% Very High,Correct
Meter accuracy found OK at the time of meter testing but mechanical meter found at site meter is of Class hence replacement required for same under mass meter category,Meter Replacement / Installation Team,Meter Replacement / Installation Team,98.31,100-90% Very High,Correct
Meter accuracy found OK at the time of meter testing but mechanical meter found at site meter is of Class hence replacement required for same under mass meter category,Meter Replacement / Installation Team,Meter Replacement / Installation Team,98.31,100-90% Very High,Correct
Nonreprogrammed meter found at site hence same needs to be replace under mass meter category accuracy is within limit,Meter Replacement / Installation Team,Meter Replacement / Installation Team,97.81,100-90% Very High,Correct
Meter accuracy found OK at the time of meter testing but mechanical meter found at site meter is of Class hence replacement required for same under mass meter category,Meter Replacement / Installation Team,Meter Replacement / Installation Team,98.31,100-90% Very High,Correct
Meter accuracy found OK at the time of meter testing but mechanical meter found at site meter is of Class hence replacement required for same under mass meter category,Meter Replacement / Installation Team,Meter Replacement / Installation Team,98.31,100-90% Very High,Correct
Meter accuracy found OK at the time of meter testing but mechanical meter found at site meter is of Class hence replacement required for same under mass meter category,Meter Replacement / Installation Team,Meter Replacement / Installation Team,98.31,100-90% Very High,Correct
Meter accuracy found OK at the time of meter testing but mechanical meter found at site meter is of Class hence replacement required for same under mass meter category,Meter Replacement / Installation Team,Meter Replacement / Installation Team,98.31,100-90% Very High,Correct
Meter RTC fail at the time of the testingso meter is defective meter needs to replace,Meter Replacement / Installation Team,Meter Replacement / Installation Team,99.8,100-90% Very High,Correct
Meter accuracy found OK at the time of meter testing but mechanical meter found at site meter is of Class hence replacement required for same under mass meter category,Meter Replacement / Installation Team,Meter Replacement / Installation Team,98.31,100-90% Very High,Correct
Meter accuracy found OK at the time of meter testing but mechanical meter found at site meter is of Class hence replacement required for same under mass meter category,Meter Replacement / Installation Team,Meter Replacement / Installation Team,98.31,100-90% Very High,Correct
Meter RTC fail at the time of the testingso meter is defective meter needs to replace,Meter Replacement / Installation Team,Meter Replacement / Installation Team,99.8,100-90% Very High,Correct
Meter accuracy found OK at the time of meter testing but mechanical meter found at site meter is of Class hence replacement required for same under mass meter category,Meter Replacement / Installation Team,Meter Replacement / Installation Team,98.31,100-90% Very High,Correct
Meter accuracy found OK at the time of meter testing but mechanical meter found at site meter is of Class hence replacement required for same under mass meter category,Meter Replacement / Installation Team,Meter Replacement / Installation Team,98.31,100-90% Very High,Correct
Meter accuracy found OK at the time of meter testing but mechanical meter found at site meter is of Class hence replacement required for same under mass meter category,Meter Replacement / Installation Team,Meter Replacement / Installation Team,98.31,100-90% Very High,Correct
Meter accuracy found OK at the time of meter testing but mechanical meter found at site meter is of Class hence replacement required for same under mass meter category,Meter Replacement / Installation Team,Meter Replacement / Installation Team,98.31,100-90% Very High,Correct
Meter accuracy found OK at the time of meter testing but mechanical meter found at site meter is of Class hence replacement required for same under mass meter category,Meter Replacement / Installation Team,Meter Replacement / Installation Team,98.31,100-90% Very High,Correct
Meter accuracy found OK at the time of meter testing but mechanical meter found at site meter is of Class hence replacement required for same under mass meter category,Meter Replacement / Installation Team,Meter Replacement / Installation Team,98.31,100-90% Very High,Correct
Meter accuracy found OK at the time of meter testing but mechanical meter found at site meter is of Class hence replacement required for same under mass meter category,Meter Replacement / Installation Team,Meter Replacement / Installation Team,98.31,100-90% Very High,Correct
Meter accuracy found OK at the time of meter testing but mechanical meter found at site meter is of Class hence replacement required for same under mass meter category,Meter Replacement / Installation Team,Meter Replacement / Installation Team,98.31,100-90% Very High,Correct
Meter RTC fail at the time of the testingso meter is defective meter needs to replace,Meter Replacement / Installation Team,Meter Replacement / Installation Team,99.8,100-90% Very High,Correct
Meter RTC fail at the time of the testingso meter is defective meter needs to replace,Meter Replacement / Installation Team,Meter Replacement / Installation Team,99.8,100-90% Very High,Correct
Meter accuracy found OK at the time of meter testing but mechanical meter found at site meter is of Class hence replacement required for same under mass meter category,Meter Replacement / Installation Team,Meter Replacement / Installation Team,98.31,100-90% Very High,Correct
Meter accuracy found OK at the time of meter testing but mechanical meter found at site meter is of Class hence replacement required for same under mass meter category,Meter Replacement / Installation Team,Meter Replacement / Installation Team,98.31,100-90% Very High,Correct
Meter accuracy found OK at the time of meter testing but mechanical meter found at site meter is of Class hence replacement required for same under mass meter category,Meter Replacement / Installation Team,Meter Replacement / Installation Team,98.31,100-90% Very High,Correct
Meter RTC fail at the time of the testingso meter is defective meter needs to replace,Meter Replacement / Installation Team,Meter Replacement / Installation Team,99.8,100-90% Very High,Correct
Meter accuracy found OK at the time of meter testing but mechanical meter found at site meter is of Class hence replacement required for same under mass meter category,Meter Replacement / Installation Team,Meter Replacement / Installation Team,98.31,100-90% Very High,Correct
Meter RTC fail at the time of the testingso meter is defective meter needs to replace,Meter Replacement / Installation Team,Meter Replacement / Installation Team,99.8,100-90% Very High,Correct
Mentioned meter is not found at mentioned address meter is not traceable therefore same couldnt be tested,Field Operations / Meter Testing,Field Operations / Meter Testing,97.31,100-90% Very High,Correct
meter already replaced,Scheduling / Field Dispatch Team,Meter Replacement / Installation Team,89.32,90-75% High,Wrong
meter already replaced,Scheduling / Field Dispatch Team,Meter Replacement / Installation Team,89.32,90-75% High,Wrong
meter replaced on date,Scheduling / Field Dispatch Team,Meter Replacement / Installation Team,46.14,Below 50% Low,Wrong
Meter already replaced at site New meter No,Scheduling / Field Dispatch Team,Meter Replacement / Installation Team,56.02,75-50% Medium,Wrong
Meter already replaced new meter no found and said meter no not found at side discuss with back office Abishek as per system meter Retain at side,Scheduling / Field Dispatch Team,No Action Needed,59.07,75-50% Medium,Wrong
The meter was already replaced on the replacement date New Meter number is,Scheduling / Field Dispatch Team,Meter Replacement / Installation Team,55.6,75-50% Medium,Wrong
meter replaced on date,Scheduling / Field Dispatch Team,Meter Replacement / Installation Team,46.14,Below 50% Low,Wrong
meter already replaced meter found at site,Scheduling / Field Dispatch Team,Meter Replacement / Installation Team,90.08,100-90% Very High,Wrong
Meter found already replaced with new meter no discuss with back office sh Abhishek,Scheduling / Field Dispatch Team,No Action Needed,60.68,75-50% Medium,Wrong
meter already replaced meter no installed on date,Scheduling / Field Dispatch Team,No Action Needed,51.38,75-50% Medium,Wrong
Inactive meter at site meter already replaced hence meter couldnt be tested and this request needs to be closed,Scheduling / Field Dispatch Team,Meter Replacement / Installation Team,61.6,75-50% Medium,Wrong
METER ALREADY REPLACED METER FOUND AT SITE,Scheduling / Field Dispatch Team,Meter Replacement / Installation Team,90.08,100-90% Very High,Wrong
meter no found at site meter no already removed as per SAP,Scheduling / Field Dispatch Team,Field Operations / Meter Testing,58.86,75-50% Medium,Wrong
New meter is installed at site this meter is retained at site as per system,Scheduling / Field Dispatch Team,Field Operations / Meter Testing,84.48,90-75% High,Wrong
Meter already replaced and This said meter is retained at site with CEG Paper seal dated Of IR,Scheduling / Field Dispatch Team,CEG / Enforcement / Vigilance Team,67.33,75-50% Medium,Wrong
Meter Already Change New Meter no Old Meter no,Scheduling / Field Dispatch Team,No Action Needed,72.11,75-50% Medium,Wrong
Meter already replaced New Meter No,Scheduling / Field Dispatch Team,No Action Needed,52.3,75-50% Medium,Wrong
Meter already replaced photograph is attached,Scheduling / Field Dispatch Team,Meter Replacement / Installation Team,43.73,Below 50% Low,Wrong
Meter already replaced at site New meter no,Scheduling / Field Dispatch Team,Meter Replacement / Installation Team,56.02,75-50% Medium,Wrong
Meter already replaced New meter number is,Scheduling / Field Dispatch Team,Meter Replacement / Installation Team,44.54,Below 50% Low,Wrong
Case already executed,Scheduling / Field Dispatch Team,Customer Service / Call Center,66.96,75-50% Medium,Wrong
meter already replaced meter found at site,Scheduling / Field Dispatch Team,Meter Replacement / Installation Team,90.08,100-90% Very High,Wrong
Meter already replaced New meter No,Scheduling / Field Dispatch Team,No Action Needed,52.3,75-50% Medium,Wrong
meter already replaced new meter installed at site new meter number is,Scheduling / Field Dispatch Team,Field Operations / Meter Testing,37.04,Below 50% Low,Wrong
Meter already replaced New Meter No,Scheduling / Field Dispatch Team,No Action Needed,52.3,75-50% Medium,Wrong
Meter already replaced at site,Scheduling / Field Dispatch Team,Meter Replacement / Installation Team,85.77,90-75% High,Wrong
meter already replaced at site,Scheduling / Field Dispatch Team,Meter Replacement / Installation Team,85.77,90-75% High,Wrong
Meter Already Replaced new meter is,Scheduling / Field Dispatch Team,No Action Needed,52.3,75-50% Medium,Wrong
Meter already replaced new meter at site meter number is,Scheduling / Field Dispatch Team,Meter Replacement / Installation Team,60.06,75-50% Medium,Wrong
Insufficient loadGeneration found hence meter couldnt be tested,Scheduling / Field Dispatch Team,Field Operations / Meter Testing,94.96,100-90% Very High,Wrong
Meter at over hight so meter could not be tested,Field Operations / Meter Testing,Field Operations / Meter Testing,52.73,75-50% Medium,Correct
Site unsafe for meter testing discuss with consumer sh Ravinder Dabas phone no,Field Operations / Meter Testing,Field Operations / Meter Testing,94.38,100-90% Very High,Correct
no space for ct so unsafe conditions aqua check connection,Field Operations / Meter Testing,Field Operations / Meter Testing,97.7,100-90% Very High,Correct
Side unsafe for meter testing due to open joints alongwith jumbling of wire so meter could not be test discuss with consumer sh Vijender Singh phone no,Field Operations / Meter Testing,Field Operations / Meter Testing,94.77,100-90% Very High,Correct
Site found unsafe meter found in unsafe condition and meter has fallen on ground so meter needs to be rectification required,Field Operations / Meter Testing,Field Operations / Meter Testing,98.45,100-90% Very High,Correct
Meter Hanging on Wall Meter Unsafe Condition So Meter Could not be Tested,Field Operations / Meter Testing,Field Operations / Meter Testing,99.27,100-90% Very High,Correct
Meter Hanging alongwith incoming service line at the time of testing unsafe for testing so meter could not be test discuss with consumer smt Priti phone no,Field Operations / Meter Testing,Field Operations / Meter Testing,95.42,100-90% Very High,Correct
Meter at unsafe conditionsso meter could not be tested,Field Operations / Meter Testing,Field Operations / Meter Testing,97.45,100-90% Very High,Correct
Side unsafe for meter testing due output wire insulation damage alongwith meter box found damage so meter could not be test,Field Operations / Meter Testing,Field Operations / Meter Testing,98.71,100-90% Very High,Correct
meter install at long height so meter could not be tested,Field Operations / Meter Testing,Field Operations / Meter Testing,96.29,100-90% Very High,Correct
Meter Hagging On Wall So Meter Unsafe Condition So Meter could not be Tested,Field Operations / Meter Testing,Field Operations / Meter Testing,93.76,100-90% Very High,Correct
Meter Could not be tested Meter Is hanging on the wall in unsafe for meter testing,Field Operations / Meter Testing,Field Operations / Meter Testing,99.31,100-90% Very High,Correct
No Space For Meter Testing So Meter Unsafe Condition So Meter Could not be Tested,Field Operations / Meter Testing,Field Operations / Meter Testing,99.43,100-90% Very High,Correct
Meter is at unsafe location therefore same couldnt be tested water logging and Fencing found locked rectification required for the same for meter testing Pole Number HT,Field Operations / Meter Testing,Field Operations / Meter Testing,98.58,100-90% Very High,Correct
Site found unsafe meter hanging on wire and meter box found totally broken so meter could not be tested at site,Field Operations / Meter Testing,Field Operations / Meter Testing,98.85,100-90% Very High,Correct
water logging unsafe conditions,Field Operations / Meter Testing,Field Operations / Meter Testing,99.37,100-90% Very High,Correct
Meter at unsafe conditions so meter could not be tested at the time of testing,Field Operations / Meter Testing,Field Operations / Meter Testing,98.51,100-90% Very High,Correct
Site found unsafe meter hanging on pole and meter box found broken so meter could not be tested at site,Field Operations / Meter Testing,Field Operations / Meter Testing,98.75,100-90% Very High,Correct
Materials found front of meter at the time of testing so meter could not be test discuss with consumer sh Vimelssh phone no,Field Operations / Meter Testing,Field Operations / Meter Testing,78.48,90-75% High,Correct
no sufficient space for ct so unsafe conditions,Field Operations / Meter Testing,Field Operations / Meter Testing,98.59,100-90% Very High,Correct
Site found unsafe meter found in unsafe condition water logging found near meter and no suitable space for meter testing,Field Operations / Meter Testing,Field Operations / Meter Testing,99.67,100-90% Very High,Correct
mccb in unsafe conditions information given to consumer,Field Operations / Meter Testing,Field Operations / Meter Testing,94.97,100-90% Very High,Correct
meter at unsafe condition meter put on near vegetation so could not be meter tasted,Field Operations / Meter Testing,Field Operations / Meter Testing,96.57,100-90% Very High,Correct
open wire at mccb outputso unsafe conditions advised consumer to repair the same,Field Operations / Meter Testing,Field Operations / Meter Testing,95.7,100-90% Very High,Correct
site under construction so meter at unsafe condition so meter could not be tested,Field Operations / Meter Testing,Field Operations / Meter Testing,99.58,100-90% Very High,Correct
Side unsafe for meter testing due to materials found front of meter at the time of testing so meter could not be test discuss with consumer sh Nirmal Singh phone no,Field Operations / Meter Testing,Field Operations / Meter Testing,94.2,100-90% Very High,Correct
Sitefound unsafe meter found in unsafecondition and meter has fallen on ground so meter needs to berectification required,Field Operations / Meter Testing,Field Operations / Meter Testing,96.48,100-90% Very High,Correct
meter at unsafe condition meter hanging on wall with armor wire,Field Operations / Meter Testing,Field Operations / Meter Testing,98.7,100-90% Very High,Correct
meter at unsafe condition Debris has fallen near the meter,Field Operations / Meter Testing,Field Operations / Meter Testing,96.99,100-90% Very High,Correct
site under construction so meter could not be tested,Field Operations / Meter Testing,Field Operations / Meter Testing,97.9,100-90% Very High,Correct
Meter is installed at unsafe position installed at long height with jumbling there nearby of meter meter is installed at pole which couldnt be tested due to height and Cable jumbling hazard therefore same couldnt be tested rectification required for the same,Field Operations / Meter Testing,Field Operations / Meter Testing,97.42,100-90% Very High,Correct
No Space For Meter Testing Side Unsafe So Meter could not be Tested,Field Operations / Meter Testing,Field Operations / Meter Testing,99.64,100-90% Very High,Correct
Site found unsafe Meter found in unsafe condition Meter hanging on wall So meter could not be tested at site,Field Operations / Meter Testing,Field Operations / Meter Testing,99.32,100-90% Very High,Correct
Side unsafe for meter testing due to materials found front of meter at the time of testing discuss with consumer sh Harsh phone no,Field Operations / Meter Testing,Field Operations / Meter Testing,94.41,100-90% Very High,Correct
Side unsafe for meter testing due to raw materials found front of meter discuss with consumer sh Inderjeet,Field Operations / Meter Testing,Field Operations / Meter Testing,96.18,100-90% Very High,Correct
meter site is unsafe condition meter box broken meter hang on wall so Meter couldnt be tested,Field Operations / Meter Testing,Field Operations / Meter Testing,97.48,100-90% Very High,Correct
Side unsafe for meter testing due to meter hanging alongwith incoming service line at the time of testing discuss with consumer sh Md Aqdas phone no,Field Operations / Meter Testing,Field Operations / Meter Testing,95.8,100-90% Very High,Correct
no sufficient space for testing vegetation near meter,Field Operations / Meter Testing,Field Operations / Meter Testing,95.97,100-90% Very High,Correct
Site found unsafe meter hanging on wall no suitable space for meter testing,Field Operations / Meter Testing,Field Operations / Meter Testing,99.1,100-90% Very High,Correct
Meter at unsafe conditions so meter could not be tested at the time of the testing,Field Operations / Meter Testing,Field Operations / Meter Testing,98.51,100-90% Very High,Correct
No Space For Meter Testing So Meter Unsafe Condition So Meter could not be Tested,Field Operations / Meter Testing,Field Operations / Meter Testing,99.43,100-90% Very High,Correct
Not suitable space for meter testing site is unsafe conditions so meter could not be test,Field Operations / Meter Testing,Field Operations / Meter Testing,97.75,100-90% Very High,Correct
Meter at unsafe conditions side unsafe for the meter testing due to materials found front of meter at the time of testing so meter could not be test discuss with consumer sh Bhanu,Field Operations / Meter Testing,Field Operations / Meter Testing,98.26,100-90% Very High,Correct
meter at unsafe condition meter install at ground level near mudd,Field Operations / Meter Testing,Field Operations / Meter Testing,96.59,100-90% Very High,Correct
Meter hanging alongwith incoming service line at the time of testing unsafe for testing so meter could not be test discuss with consumer Smt Manju,Field Operations / Meter Testing,Field Operations / Meter Testing,96.38,100-90% Very High,Correct
Site found unsafe meter found in unsafe condition meter hanging on stair so meter could not be tested at site,Field Operations / Meter Testing,Field Operations / Meter Testing,99.23,100-90% Very High,Correct
meter at unsafe condition meter hanging on wall site under construction,Field Operations / Meter Testing,Field Operations / Meter Testing,99.52,100-90% Very High,Correct
joints in output cables so unsafe conditions,Field Operations / Meter Testing,Field Operations / Meter Testing,98.67,100-90% Very High,Correct
meter box cover found broken need replacement,Field Operations / Meter Testing,Meter Replacement / Installation Team,87.16,90-75% High,Wrong
water logging so unsafe conditions,Field Operations / Meter Testing,Field Operations / Meter Testing,99.37,100-90% Very High,Correct
Site found unsafe Meter found in unsafe condition Meter hanging on wall So meter could not be tested at site,Field Operations / Meter Testing,Field Operations / Meter Testing,99.32,100-90% Very High,Correct
Side unsafe for meter testing due to materials found front of meter at the time of testing so meter could not be test discuss with consumer sh Pardeep,Field Operations / Meter Testing,Field Operations / Meter Testing,94.63,100-90% Very High,Correct
Side unsafe for meter testing due to no suitable space for meter test,Field Operations / Meter Testing,Field Operations / Meter Testing,98.52,100-90% Very High,Correct
mccb not available at site so unsafe conditions,Field Operations / Meter Testing,Field Operations / Meter Testing,96.4,100-90% Very High,Correct
Meter Hanging on Wall So Meter Unsafe Condition So Meter could not be Tested,Field Operations / Meter Testing,Field Operations / Meter Testing,99.27,100-90% Very High,Correct
meter box found broken and meter hanging,Field Operations / Meter Testing,Field Operations / Meter Testing,96.66,100-90% Very High,Correct
unsafe conditions,Field Operations / Meter Testing,Field Operations / Meter Testing,98.93,100-90% Very High,Correct
Side unsafe for meter testing due to raw materials found of meter at the time of testing so meter could not be test,Field Operations / Meter Testing,Field Operations / Meter Testing,97.87,100-90% Very High,Correct
Side unsafe for meter testing due to renovation no space for meter testing at the time of testing so meter could not be test discuss with consumer sh Dinesh phone no,Field Operations / Meter Testing,Field Operations / Meter Testing,94.71,100-90% Very High,Correct
Side unsafe for meter testing due to raw material found front of meter at the time of testing so meter could not be test discuss with Kapil,Field Operations / Meter Testing,Field Operations / Meter Testing,96.36,100-90% Very High,Correct
Side unsafe for meter testing due to materials found front of meter at the time of testing discuss sh Ravi,Field Operations / Meter Testing,Field Operations / Meter Testing,96.89,100-90% Very High,Correct
no space for ct so unsafe conditions,Field Operations / Meter Testing,Field Operations / Meter Testing,98.81,100-90% Very High,Correct
cable jumbling at site so unsafe conditions,Field Operations / Meter Testing,Field Operations / Meter Testing,98.52,100-90% Very High,Correct
no space for ct so unsafe conditions,Field Operations / Meter Testing,Field Operations / Meter Testing,98.81,100-90% Very High,Correct
accuacheck connection not possible in unsafe conditions,Field Operations / Meter Testing,Field Operations / Meter Testing,96.21,100-90% Very High,Correct
no load on meter mcb not available so unsafe conditions,Field Operations / Meter Testing,Field Operations / Meter Testing,98.61,100-90% Very High,Correct
Due to unaccessablity to HT Meter Room meter couldnt be tested as no proper accessible way is been provided by Consumer Photographs has been attached,Field Operations / Meter Testing,Field Operations / Meter Testing,76.66,90-75% High,Correct
meter output cables fount burnt so unsefe condition,Field Operations / Meter Testing,Field Operations / Meter Testing,96.16,100-90% Very High,Correct
Meter unsafe Condition So Meter could not be Tested,Field Operations / Meter Testing,Field Operations / Meter Testing,98.95,100-90% Very High,Correct
no space for meter testing,Field Operations / Meter Testing,Field Operations / Meter Testing,96.55,100-90% Very High,Correct
meter box hanging so meter box rectification required,Field Operations / Meter Testing,Field Operations / Meter Testing,95.97,100-90% Very High,Correct
Not suitable space for meter testing,Field Operations / Meter Testing,Field Operations / Meter Testing,96.77,100-90% Very High,Correct
Side unsafe for meter testing due to materials found front of meter at the time of testing discuss with consumer sh Dharmveer phone no,Field Operations / Meter Testing,Field Operations / Meter Testing,94.41,100-90% Very High,Correct
Meter Hanging on Wall So Meter Unsafe Condition So Meter could not be Tested,Field Operations / Meter Testing,Field Operations / Meter Testing,99.27,100-90% Very High,Correct
Meter in unsafe condition so meter could be tested at the time of testing,Field Operations / Meter Testing,Field Operations / Meter Testing,98.65,100-90% Very High,Correct
meter one phase output cables found heated so unsafe conditionsinform to consumer,Field Operations / Meter Testing,Field Operations / Meter Testing,95.58,100-90% Very High,Correct
Output wire insulation found damage alongwith loose connection at the time of testing unsafe for testing so meter could not be test discuss with consumer,Field Operations / Meter Testing,Field Operations / Meter Testing,96.28,100-90% Very High,Correct
Side unsafe for meter testing due to output wire found brunt and meter hanging at pole at the time of testing,Field Operations / Meter Testing,Field Operations / Meter Testing,98.93,100-90% Very High,Correct
Site found unsafe meter hanging on wall so meter could not be tested at site,Field Operations / Meter Testing,Field Operations / Meter Testing,98.47,100-90% Very High,Correct
meter unsafe condition meter hanging on air,Field Operations / Meter Testing,Field Operations / Meter Testing,98.85,100-90% Very High,Correct
Meter at Unsafe Conditions No space of CT conection so meter could not be tested,Field Operations / Meter Testing,Field Operations / Meter Testing,98.24,100-90% Very High,Correct
Side unsafe for meter testing due to raw materials found front of meter at the time of testing discuss with sh Ramprasad phone no,Field Operations / Meter Testing,Field Operations / Meter Testing,96.81,100-90% Very High,Correct
Site found unsafe meter hanging on wall so meter could not be tested at site,Field Operations / Meter Testing,Field Operations / Meter Testing,98.47,100-90% Very High,Correct
meter found in unsafe condition no suitable space for meter testing due to vegetation found near meter,Field Operations / Meter Testing,Field Operations / Meter Testing,99.09,100-90% Very High,Correct
no space for ct so unsafe conditions,Field Operations / Meter Testing,Field Operations / Meter Testing,98.81,100-90% Very High,Correct
meter hanging on wall unsafely not proper mount on wall so meter unsafe condition,Field Operations / Meter Testing,Field Operations / Meter Testing,96.79,100-90% Very High,Correct
Meter is installed at long height hence same couldnt be tested due to long height photographs has been attached,Field Operations / Meter Testing,Field Operations / Meter Testing,97.31,100-90% Very High,Correct
no space for ct so unsafe conditions,Field Operations / Meter Testing,Field Operations / Meter Testing,98.81,100-90% Very High,Correct
meter at unsafe condition meter hanging on wall not proper mount so meter could not be tasted,Field Operations / Meter Testing,Field Operations / Meter Testing,97.23,100-90% Very High,Correct
Side unsafe for meter testing at the time of testing due to site under renovation so meter could not be test,Field Operations / Meter Testing,Field Operations / Meter Testing,96.52,100-90% Very High,Correct
meter site is unsafe conditions meter insttald Long height so meter couldnt be tested,Field Operations / Meter Testing,Field Operations / Meter Testing,98.79,100-90% Very High,Correct
no space for ct so unsafe conditions,Field Operations / Meter Testing,Field Operations / Meter Testing,98.81,100-90% Very High,Correct
meter site is unsafe conditionmeter installed logh height more than feet so meter couldnt be tested,Field Operations / Meter Testing,Field Operations / Meter Testing,97.23,100-90% Very High,Correct
meter site is unsafe conditions meter hang on wall so meter couldnt be tested,Field Operations / Meter Testing,Field Operations / Meter Testing,97.4,100-90% Very High,Correct
Side unsafe for meter testing due to materials found front of meter at the time of testing so meter could not be test discuss with consumer sh Krishna Pandey phone no,Field Operations / Meter Testing,Field Operations / Meter Testing,94.05,100-90% Very High,Correct
meter Installed in stairs so unsafe conditions,Field Operations / Meter Testing,Field Operations / Meter Testing,97.08,100-90% Very High,Correct
meter fully unsafe condition meter hanging on pole so meter unsafe could not be tasted,Field Operations / Meter Testing,Field Operations / Meter Testing,99.06,100-90% Very High,Correct
Side unsafe for meter testing due to no suitable space for meter test discuss with consumer sh Lakhan phone no,Field Operations / Meter Testing,Field Operations / Meter Testing,91.98,100-90% Very High,Correct
Side unsafe for meter testing due to materials found front of meter at the time of testing discuss with consumer sh Hawa singh phone no,Field Operations / Meter Testing,Field Operations / Meter Testing,94.93,100-90% Very High,Correct
Side unsafe for meter testing due to no suitable space for meter test at the time of testing,Field Operations / Meter Testing,Field Operations / Meter Testing,98.38,100-90% Very High,Correct
no space for ct so unsafe conditions,Field Operations / Meter Testing,Field Operations / Meter Testing,98.81,100-90% Very High,Correct
meter at unsafe condition meter fell down the stairs,Field Operations / Meter Testing,Field Operations / Meter Testing,96.69,100-90% Very High,Correct
Side unsafe for meter testing due to materials found front of meter at the time of testing so meter could not be test,Field Operations / Meter Testing,Field Operations / Meter Testing,98.23,100-90% Very High,Correct
side unsafe for meter testing due to meter found long height so meter could not be test,Field Operations / Meter Testing,Field Operations / Meter Testing,98.34,100-90% Very High,Correct
meter hanging on The pole so unsafe conditions,Field Operations / Meter Testing,Field Operations / Meter Testing,98.37,100-90% Very High,Correct
Meter installed on height more than fit so meter is unsafe conditions so meter could not be test,Field Operations / Meter Testing,Field Operations / Meter Testing,97.89,100-90% Very High,Correct
Meter On Height Fit So Meter Unsafe Condition So Meter could not be Tested,Field Operations / Meter Testing,Field Operations / Meter Testing,98.66,100-90% Very High,Correct
Meter is installed at unsafe location Used scrap seals found inside the Meter Chamber box with treansformer oil filled inside the Chamber Also oil leakage from Upper valve of Transformer hence meter could not be tested and Mail sent to zone,Field Operations / Meter Testing,Field Operations / Meter Testing,96.15,100-90% Very High,Correct
No Space For Meter Testing no Suitable Space For Meter Testing So Meter Unsafe Condition So Meter could not be Tested,Field Operations / Meter Testing,Field Operations / Meter Testing,99.24,100-90% Very High,Correct
Side unsafe for meter testing due to wire insulation damage The Squirrel has cut the output wire insulation so meter could not be test discuss with consumer sh Ramavtar phone no,Field Operations / Meter Testing,Field Operations / Meter Testing,94.49,100-90% Very High,Correct
Meter box cover found damage at the time of testing so meter could not be test,Field Operations / Meter Testing,Field Operations / Meter Testing,87.35,90-75% High,Correct
Meter tested as per all safety normsAll display parameters found OK at the time of meter testingmeter box found damage,Field Operations / Meter Testing,No Action Needed,93.9,100-90% Very High,Wrong
Meter Box damage so meter could not be tested,Field Operations / Meter Testing,Field Operations / Meter Testing,94.48,100-90% Very High,Correct
Meter Box damage and unsafe conditions so meter could not be tested,Field Operations / Meter Testing,Field Operations / Meter Testing,99.46,100-90% Very High,Correct
Meter box damageso meter could not be tested at the time of the testing,Field Operations / Meter Testing,Field Operations / Meter Testing,95.9,100-90% Very High,Correct
meter box damage on back side,Field Operations / Meter Testing,Field Operations / Meter Testing,96.14,100-90% Very High,Correct
Meter not traceable at site given pole number or address is wrong,Field Operations / Meter Testing,Field Operations / Meter Testing,98.48,100-90% Very High,Correct
meter not traceable pole no wrong,Field Operations / Meter Testing,Field Operations / Meter Testing,96.42,100-90% Very High,Correct
meter not traceable pole no wrong,Field Operations / Meter Testing,Field Operations / Meter Testing,96.42,100-90% Very High,Correct
meter not traceable at site,Field Operations / Meter Testing,Field Operations / Meter Testing,98.51,100-90% Very High,Correct
meter not tracebale at site so meter could not be test,Field Operations / Meter Testing,Field Operations / Meter Testing,94.57,100-90% Very High,Correct
SITE METER NOT TRACEABLE SO METER COULDNT BE TESTED AT THE TIME OF TESTING,Field Operations / Meter Testing,Field Operations / Meter Testing,98.13,100-90% Very High,Correct
meter not traceable at site no call response,Field Operations / Meter Testing,Field Operations / Meter Testing,96.22,100-90% Very High,Correct
SITE METER NOT TRACEABLE AT SITE NO RESPONSE ON GIVEN PHONE NUMBER SO METER COULDNT BE TESTED AT THE TIME OF TESTING,Field Operations / Meter Testing,Field Operations / Meter Testing,92.07,100-90% Very High,Correct
meter not traceable at site,Field Operations / Meter Testing,Field Operations / Meter Testing,98.51,100-90% Very High,Correct
Meter not Traceable at site said Pole at the time of testing,Field Operations / Meter Testing,Field Operations / Meter Testing,96.57,100-90% Very High,Correct
SITE METER NOT TRACEABLE AT SITE NO RESPONSE ON GIVEN PHONE NUMBER SO METER COULDNT BE TESTED AT THE TIME OF TESTING,Field Operations / Meter Testing,Field Operations / Meter Testing,92.07,100-90% Very High,Correct
meter not traceable at site no and phone not working,Field Operations / Meter Testing,Field Operations / Meter Testing,96.19,100-90% Very High,Correct
Meter not Traceable At Site So Meter could not be Tested,Field Operations / Meter Testing,Field Operations / Meter Testing,98.41,100-90% Very High,Correct
Meter not traceable said pole at the time of testing so meter could not be test,Field Operations / Meter Testing,Field Operations / Meter Testing,94.85,100-90% Very High,Correct
meter retain as per system,Scheduling / Field Dispatch Team,Meter Replacement / Installation Team,66.79,75-50% Medium,Wrong
Meter calibration pluse not belinking at load alongwith No display and meter terminal found melt at the time of testing so meter Suspected refered to enforcement inspection,CEG / Enforcement / Vigilance Team,CEG / Enforcement / Vigilance Team,96.33,100-90% Very High,Correct
Cover open event appear on meter displayrefer to CEG,CEG / Enforcement / Vigilance Team,CEG / Enforcement / Vigilance Team,69.23,75-50% Medium,Correct
meter stop at so case send to CEG team for further inspaction,CEG / Enforcement / Vigilance Team,CEG / Enforcement / Vigilance Team,95.55,100-90% Very High,Correct
Meter Display Show Cover OpenSo meter is suspected and referred to CEG for further analysis,CEG / Enforcement / Vigilance Team,CEG / Enforcement / Vigilance Team,98.69,100-90% Very High,Correct
Meter is suspected refer to CEG,CEG / Enforcement / Vigilance Team,CEG / Enforcement / Vigilance Team,99.57,100-90% Very High,Correct
Meter calibration LED is not blinking on loadmeter box seal was missing however terminal seal was interacted,CEG / Enforcement / Vigilance Team,CEG / Enforcement / Vigilance Team,96.34,100-90% Very High,Correct
Meter reading reverse jump hence referred to CEG for further investigation,CEG / Enforcement / Vigilance Team,CEG / Enforcement / Vigilance Team,73.43,75-50% Medium,Correct
meter incoming phase terminal burnt so meter suspected refer to CEG for further analysis,CEG / Enforcement / Vigilance Team,CEG / Enforcement / Vigilance Team,96.72,100-90% Very High,Correct
meter parameters not matched with standard meter accucheak at the time of testing so this case is referred to CEG for further examination or analysis,CEG / Enforcement / Vigilance Team,CEG / Enforcement / Vigilance Team,95.72,100-90% Very High,Correct
Meter Terminal Meter box both seals are not found so Meter could not be tested Refer to CEG,CEG / Enforcement / Vigilance Team,CEG / Enforcement / Vigilance Team,98.08,100-90% Very High,Correct
Meter Incoming Terminal Burnt So Meter Is Suspected Refer to CEG For further Analysis At the time of testing,CEG / Enforcement / Vigilance Team,CEG / Enforcement / Vigilance Team,99.3,100-90% Very High,Correct
Meter is tampered at site Meter display is Found suspected as Display is not found on External loadKw also on External Load display is only showing on No load Conditions EL Led is found glowing even on no Earth leakage hence meter is suspected Therefore same has been refered to CEG for Further analysis,CEG / Enforcement / Vigilance Team,CEG / Enforcement / Vigilance Team,96.8,100-90% Very High,Correct
Cover Open Event found on Meter display therefore same is been reffered to CEG for Further analysis,CEG / Enforcement / Vigilance Team,CEG / Enforcement / Vigilance Team,97.06,100-90% Very High,Correct
Meter InComing Terminal Burnt So Meter is Suspected Refer to CEG For further Analysis,CEG / Enforcement / Vigilance Team,CEG / Enforcement / Vigilance Team,99.39,100-90% Very High,Correct
meter calibration pulse not blinking at load also no display at the time of testing so this case is referred to CEG for further examination or analysis,CEG / Enforcement / Vigilance Team,CEG / Enforcement / Vigilance Team,98.29,100-90% Very High,Correct
Meter pulse found abnormally blinking even on External load KW Magnet Tamper Event is found on Meter Display also in display Amp current is showing on Phase and Amp in Neutral parameter hence meter is suspected and same is been reffered to CEG for further analysis,CEG / Enforcement / Vigilance Team,CEG / Enforcement / Vigilance Team,97.16,100-90% Very High,Correct
As per meter condition and consumer wordings at the time of site visit meter is suspected tampered hence referred for further analysis to CEG,CEG / Enforcement / Vigilance Team,CEG / Enforcement / Vigilance Team,92.42,100-90% Very High,Correct
meter calibration pulse abnormal blinking on load so meter suspected refer to ceg,CEG / Enforcement / Vigilance Team,CEG / Enforcement / Vigilance Team,97.6,100-90% Very High,Correct
meter tampered at site meter found are broken so meter suspected refer to ceg,CEG / Enforcement / Vigilance Team,CEG / Enforcement / Vigilance Team,97.97,100-90% Very High,Correct
Meter Voltage parameters not matching with Reference also High Voltage and Neutral Cut Tamper event found on display hence meter is suspected therefore same is been referred to CEG for further analysis photographs have been attached for the same,CEG / Enforcement / Vigilance Team,CEG / Enforcement / Vigilance Team,96.1,100-90% Very High,Correct
meter tampered at site hole found in meter box so refer to CEG,CEG / Enforcement / Vigilance Team,CEG / Enforcement / Vigilance Team,96.91,100-90% Very High,Correct
meter reading forword jump privious khw mdi zero so meter suspected refer to CEG for further analysis,CEG / Enforcement / Vigilance Team,CEG / Enforcement / Vigilance Team,96.2,100-90% Very High,Correct
Meter Display showing oPn So meter suspected refer to enforcement,CEG / Enforcement / Vigilance Team,CEG / Enforcement / Vigilance Team,96.61,100-90% Very High,Correct
Meter Calibration Pulse not blinking even on external Load KW hence meter is suspected therefore the same has been referred to CEG for Further Analysis,CEG / Enforcement / Vigilance Team,CEG / Enforcement / Vigilance Team,99.45,100-90% Very High,Correct
Meter is suspected tampered as load is running but not reflecting on meter display,CEG / Enforcement / Vigilance Team,CEG / Enforcement / Vigilance Team,95.98,100-90% Very High,Correct
Meter display showing Cover Open simbal so meter suspected refer to CEG for further analysis,CEG / Enforcement / Vigilance Team,CEG / Enforcement / Vigilance Team,98.38,100-90% Very High,Correct
meter calibration pulse not blinking at load so this case is referred to CEG for further examination or analysis,CEG / Enforcement / Vigilance Team,CEG / Enforcement / Vigilance Team,98.3,100-90% Very High,Correct
Meter display showing opn at the time of testing so meter suspected refered to enforcement inspection,CEG / Enforcement / Vigilance Team,CEG / Enforcement / Vigilance Team,96.25,100-90% Very High,Correct
meter no in meter display and outer body are different m no so meter suspected reffered to CEG,CEG / Enforcement / Vigilance Team,CEG / Enforcement / Vigilance Team,96.24,100-90% Very High,Correct
Reading Verified from RMO team kwh on date TODAY Reading kwh Consumer load continue on meter reading stuck so case refer to CEG FOR FURTHER INSPECTION,CEG / Enforcement / Vigilance Team,CEG / Enforcement / Vigilance Team,61.6,75-50% Medium,Correct
Meter Reading KWH and KVAH alongwith MDI Suspected so meter suspected refered to enforcement inspection,CEG / Enforcement / Vigilance Team,CEG / Enforcement / Vigilance Team,97.54,100-90% Very High,Correct
Meter Display showing oPn So meter suspected refer to enforcement,CEG / Enforcement / Vigilance Team,CEG / Enforcement / Vigilance Team,96.61,100-90% Very High,Correct
Meter Reading Back Jump found also Calibration Pulse is blinking abnormally even on External Load KW hence meter is suspected therefore same has been reffered to CEG for further analysis Contacted Person Devender,CEG / Enforcement / Vigilance Team,CEG / Enforcement / Vigilance Team,97.02,100-90% Very High,Correct
Meter incoming Terminal Brunt So Meter is Suspected Refer to CEG For Futher Analysis At the time of testing,CEG / Enforcement / Vigilance Team,CEG / Enforcement / Vigilance Team,98.09,100-90% Very High,Correct
Meter calibration plus Abnormal blinking on External load so meter suspected refer to CEG For Analysis,CEG / Enforcement / Vigilance Team,CEG / Enforcement / Vigilance Team,97.19,100-90% Very High,Correct
Meter Display Blank And load is Running Continue So Meter is Suspected Refer to CEG For Futher Analysis At the time of testing,CEG / Enforcement / Vigilance Team,CEG / Enforcement / Vigilance Team,95.45,100-90% Very High,Correct
Meter calibration pulse are blinking on imax MDI are suspected High Display showing magnet simbal EL signSo Meter Suspected Refer To CEG FOR Further Analysis,CEG / Enforcement / Vigilance Team,CEG / Enforcement / Vigilance Team,97.45,100-90% Very High,Correct
meter parameters not matched with standard meter Accuchek at the time of testing so this case is referred to CEG for further examination or analysis,CEG / Enforcement / Vigilance Team,CEG / Enforcement / Vigilance Team,95.8,100-90% Very High,Correct
Meter Current and Voltage parameter mismatched hence meter is suspected therefore same has been referred to CEG for further analysis Photographs has been attached,CEG / Enforcement / Vigilance Team,CEG / Enforcement / Vigilance Team,97.99,100-90% Very High,Correct
Meter Incoming Terminal Are Found Burnt Meter Terminal And Meter Box Seals Are Not Found So Meter Suspected Refer To Enforcement,CEG / Enforcement / Vigilance Team,CEG / Enforcement / Vigilance Team,98.71,100-90% Very High,Correct
Meter Incoming Terminal Brunt So Meter is Suspected Refer to CEG For Futher Analysis At the time of testing,CEG / Enforcement / Vigilance Team,CEG / Enforcement / Vigilance Team,98.09,100-90% Very High,Correct
meter tested as per safety norms meter display showing NCut voltage current not match with Accucheck so meter suspected Referred to CEG for further analysis,CEG / Enforcement / Vigilance Team,CEG / Enforcement / Vigilance Team,94.23,100-90% Very High,Correct
The instantaneous parameter of the Meter display is found Suspected Voltage parameter of Meter display V B V is found mismatched as compared with our reference meters Voltage R V B V hence same is been referred to CEG for further analysis,CEG / Enforcement / Vigilance Team,CEG / Enforcement / Vigilance Team,96.09,100-90% Very High,Correct
Meter pulse not Blinking But load is Running Continue So Meter is Suspected Refer to CEG For Futher Analysis At the time of testing,CEG / Enforcement / Vigilance Team,CEG / Enforcement / Vigilance Team,97.06,100-90% Very High,Correct
Meter pulses are not blinking while load is present at site MDI are suspected High Display Showing No Voltage So Meter Refer To CEG FOR Further Analysis,CEG / Enforcement / Vigilance Team,CEG / Enforcement / Vigilance Team,96.66,100-90% Very High,Correct
Meter Current and parameter mismatched hence meter is suspected therefore same has been referred to CEG for further analysis,CEG / Enforcement / Vigilance Team,CEG / Enforcement / Vigilance Team,99.33,100-90% Very High,Correct
Meter Is Behaving abnormally during testing Calibration pulse blinking is suspected also Potential of R and B phase found distorting herefore same is been reffered to CEG for further analysis,CEG / Enforcement / Vigilance Team,CEG / Enforcement / Vigilance Team,95.87,100-90% Very High,Correct
Meter display showing temper and MDI kw suspected referred to enforcement and discuss with consumer sh Hament on phone no,CEG / Enforcement / Vigilance Team,CEG / Enforcement / Vigilance Team,89.28,90-75% High,Correct
Meter suspected slow at the time of testing so meter referred to enforcement inspection,CEG / Enforcement / Vigilance Team,CEG / Enforcement / Vigilance Team,95.85,100-90% Very High,Correct
Meter terminal is burnt in put side and meter box seals are not found so meter suspected refer to enforcement,CEG / Enforcement / Vigilance Team,CEG / Enforcement / Vigilance Team,99.26,100-90% Very High,Correct
Meter display showing Cover Open simbal so meter suspected so meter refer to CEG for further analysis,CEG / Enforcement / Vigilance Team,CEG / Enforcement / Vigilance Team,98.19,100-90% Very High,Correct
METER CALIBRATION PULSE FOUND ABNORMAL AT THE TIME OF TESTING SO METER SUSPECTED REFER TO CEG,CEG / Enforcement / Vigilance Team,CEG / Enforcement / Vigilance Team,96.87,100-90% Very High,Correct
meter display parameters are not matching with the standard meter voltage showing so case referred to ceg,CEG / Enforcement / Vigilance Team,CEG / Enforcement / Vigilance Team,95.97,100-90% Very High,Correct
meter display showing cover open OPN at the time of testing so meter suspected referred to enforcement,CEG / Enforcement / Vigilance Team,CEG / Enforcement / Vigilance Team,93.74,100-90% Very High,Correct
Meter inspected as per safety norms but consumer is not allowing to test the meterI doubt Our meter has been tampered with So meter is suspected and referred to CEG for further analysis,CEG / Enforcement / Vigilance Team,CEG / Enforcement / Vigilance Team,96.81,100-90% Very High,Correct
During Meter Testing Activity Leakage and Sparking Sound observed at Juice wire of HT Meter Cubicle Unit also Current in B phase seems Less as compared with reference hence same is beem reffered to CEG for further analysis Also for leakage zone has been intimated via Mail for prevention of any mishap in future Photographs has been attached for reference,CEG / Enforcement / Vigilance Team,Field Operations / Meter Testing,35.98,Below 50% Low,Wrong
Meter is suspected refer to CEG,CEG / Enforcement / Vigilance Team,CEG / Enforcement / Vigilance Team,99.57,100-90% Very High,Correct
Meter inspected as per safety norms but consumer is not allowing to test the meter and saying that in our meter there is tempering do what can you do So meter is suspected and referred to CEG for further analysis,CEG / Enforcement / Vigilance Team,CEG / Enforcement / Vigilance Team,96.28,100-90% Very High,Correct
Meter is Blinking pulse abnornally as per connected load found suspected hence same is been referred to CEG for further analysis BPhase Current found suspected and curremt is almost equal in all phases photographs has beem shared,CEG / Enforcement / Vigilance Team,CEG / Enforcement / Vigilance Team,96.3,100-90% Very High,Correct
Meter found smoky so meter suspected refer to enforcement,CEG / Enforcement / Vigilance Team,CEG / Enforcement / Vigilance Team,91.37,100-90% Very High,Correct
Meter Terminal Meter box both seals are missing so meter could not be tested Refer to CEG,CEG / Enforcement / Vigilance Team,CEG / Enforcement / Vigilance Team,99.77,100-90% Very High,Correct
Meter kWh reading suspected forward jumped so meter suspected refer to enforcement,CEG / Enforcement / Vigilance Team,CEG / Enforcement / Vigilance Team,95.91,100-90% Very High,Correct
Meter terminal is burnt so meter suspected refer to enforcement,CEG / Enforcement / Vigilance Team,CEG / Enforcement / Vigilance Team,98.12,100-90% Very High,Correct
Meter Instantaneous Current Parameter of Phase and Neutral Current is Found Suspected therefore same is referred to CEG for further analysis photographs of Phase and Neutral Current is been attached for Reference meter tested on External Load KW,CEG / Enforcement / Vigilance Team,CEG / Enforcement / Vigilance Team,86.85,90-75% High,Correct
Meter calibration pulse is not blinking on consumer load as well as on External Load KW also Incoming found Burnt hence same is been reffered to CEG for further analysis,CEG / Enforcement / Vigilance Team,CEG / Enforcement / Vigilance Team,96.22,100-90% Very High,Correct
meter perameter not match with Accuchaek at the time of testing so meter suspected referred to enforcement inspection,CEG / Enforcement / Vigilance Team,CEG / Enforcement / Vigilance Team,96.04,100-90% Very High,Correct
Meter Instantaneous Parameters are suspected as per connected load hence same needs to be reffered to CEG for further analysis,CEG / Enforcement / Vigilance Team,CEG / Enforcement / Vigilance Team,99.21,100-90% Very High,Correct
Meter Terminal Meter box both seals are missing so meter is suspected Refer to CEG,CEG / Enforcement / Vigilance Team,CEG / Enforcement / Vigilance Team,99.95,100-90% Very High,Correct
Nutral not present from pole at the time of testing so meter could not be test discuss with consumer sh Uamesh phone no,Network / Zone Maintenance Team,Network / Zone Maintenance Team,86.64,90-75% High,Correct
Netural not present from pole at the time of testing so meter could not be test discuss with consumer sh Suresh Kumar phone no,Network / Zone Maintenance Team,Network / Zone Maintenance Team,86.77,90-75% High,Correct
Netural not present from pole at the time of testing so meter could not be test discuss with consumer sh Satish phone no,Network / Zone Maintenance Team,Network / Zone Maintenance Team,70.45,75-50% Medium,Correct
Meter Retain at side so meter could not be test discuss with consumer sh Jayant phone no,Scheduling / Field Dispatch Team,Field Operations / Meter Testing,59.53,75-50% Medium,Wrong
No active meter at site Meter disconnect temporary,Scheduling / Field Dispatch Team,Field Operations / Meter Testing,60.55,75-50% Medium,Wrong
Supply found disconnected at site no supply in meter from pole end therefore same couldnt be tested,Scheduling / Field Dispatch Team,Network / Zone Maintenance Team,99.37,100-90% Very High,Wrong
AS PER SYSTEM METER RETAIN AT SITE,Scheduling / Field Dispatch Team,Field Operations / Meter Testing,87.02,90-75% High,Wrong
AS PER SYSTEM METER RETAIN AT SITE,Scheduling / Field Dispatch Team,Field Operations / Meter Testing,87.02,90-75% High,Wrong
Supply found disconnected at site no supply found on meter therefore meter couldnt be tested,Scheduling / Field Dispatch Team,Network / Zone Maintenance Team,98.97,100-90% Very High,Wrong
AS PER SYSTEM METER RETAIN AT SITE,Scheduling / Field Dispatch Team,Field Operations / Meter Testing,87.02,90-75% High,Wrong
No active meter found at site as per system meter removed from site on,Scheduling / Field Dispatch Team,Field Operations / Meter Testing,77.83,90-75% High,Wrong
mass fire in metering common point meter totally burnt,Scheduling / Field Dispatch Team,Meter Replacement / Installation Team,90.26,100-90% Very High,Wrong
Meter RTC Fail at the time of testing So meter needs to replacement required,Meter Replacement / Installation Team,Meter Replacement / Installation Team,99.96,100-90% Very High,Correct
mass fire in common metering point meter totally burnt,Scheduling / Field Dispatch Team,Meter Replacement / Installation Team,90.26,100-90% Very High,Wrong
as per system meter retain,Scheduling / Field Dispatch Team,Meter Replacement / Installation Team,66.79,75-50% Medium,Wrong
METER FOUND RETAIN AT SITE,Scheduling / Field Dispatch Team,Field Operations / Meter Testing,87.02,90-75% High,Wrong
as per system meter retain,Scheduling / Field Dispatch Team,Meter Replacement / Installation Team,66.79,75-50% Medium,Wrong
as per system meter retain at site,Scheduling / Field Dispatch Team,Field Operations / Meter Testing,87.02,90-75% High,Wrong
meter already removed at site date on consumer name is Suresh mobile number is,Scheduling / Field Dispatch Team,Field Operations / Meter Testing,67.54,75-50% Medium,Wrong
Meter already removed on dated as per discuss back office,Scheduling / Field Dispatch Team,No Action Needed,59.17,75-50% Medium,Wrong
Said meter no Retain at site at the time of testing discuss with back office TL and consumer sh Ravinder Singh phone no,Scheduling / Field Dispatch Team,Field Operations / Meter Testing,48.08,Below 50% Low,Wrong
Said meter no Retain at site at the time of testing discuss with back office TL and consumer sh Ravinder Singh phone no,Scheduling / Field Dispatch Team,Field Operations / Meter Testing,48.08,Below 50% Low,Wrong
Meter temporary Disconnect as per sap at side at the time of testing discuss back office TL,Scheduling / Field Dispatch Team,No Action Needed,65.3,75-50% Medium,Wrong
Meter Supply already disconnect,Scheduling / Field Dispatch Team,Network / Zone Maintenance Team,81.58,90-75% High,Wrong
as per system meter retain at site,Scheduling / Field Dispatch Team,Field Operations / Meter Testing,87.02,90-75% High,Wrong
meter retained at site New meter installed,Scheduling / Field Dispatch Team,Field Operations / Meter Testing,68.05,75-50% Medium,Wrong
as per system meter retain,Scheduling / Field Dispatch Team,Meter Replacement / Installation Team,66.79,75-50% Medium,Wrong
Meter site is unsafe condition meter incoming wire pvc insulation broken so Meter site unsafe condition thatsway Meter couldnt be tested,Field Operations / Meter Testing,Field Operations / Meter Testing,98.43,100-90% Very High,Correct
No person at side and no response on said phone at the time of testing so meter could not be test,Back-Office / Administrative Operations,Back-Office / Administrative Operations,99.21,100-90% Very High,Correct
No person at side and no response on said phone at the time of testing so meter could not be test,Back-Office / Administrative Operations,Back-Office / Administrative Operations,99.21,100-90% Very High,Correct
Premises found locked no person at side and no response on said phone at the time of testing so meter could not be test,Back-Office / Administrative Operations,Back-Office / Administrative Operations,94.58,100-90% Very High,Correct
No person at side and no response on said phone at the time of testing so meter could not be test,Back-Office / Administrative Operations,Back-Office / Administrative Operations,99.21,100-90% Very High,Correct
No person at side and no response on said phone at the time of testing,Back-Office / Administrative Operations,Back-Office / Administrative Operations,99.41,100-90% Very High,Correct
Premises found locked no person at side at the time of testing no response on said phone,Back-Office / Administrative Operations,Back-Office / Administrative Operations,93.87,100-90% Very High,Correct
No person at site and no response on given phone number,Back-Office / Administrative Operations,Back-Office / Administrative Operations,94.04,100-90% Very High,Correct
Meter Terminal Meter box both seals are not found so Meter could not be tested Refer to CEG,CEG / Enforcement / Vigilance Team,CEG / Enforcement / Vigilance Team,98.08,100-90% Very High,Correct
No person at side and no response on said phone at the time of testing so meter could not be test,Back-Office / Administrative Operations,Back-Office / Administrative Operations,99.21,100-90% Very High,Correct
No person at site and no response on given phone number,Back-Office / Administrative Operations,Back-Office / Administrative Operations,94.04,100-90% Very High,Correct
No person at side and no response on said phone at the time of testing so meter could not be test,Back-Office / Administrative Operations,Back-Office / Administrative Operations,99.21,100-90% Very High,Correct
No person at side and no response on said phone at the time of testing so meter could not be test,Back-Office / Administrative Operations,Back-Office / Administrative Operations,99.21,100-90% Very High,Correct
no person ar site no response on call,Back-Office / Administrative Operations,Back-Office / Administrative Operations,84.7,90-75% High,Correct
No person at side and no response on said phone at the time of testing so meter could not be test,Back-Office / Administrative Operations,Back-Office / Administrative Operations,99.21,100-90% Very High,Correct
No person at side and no response on said phone at the time of testing so meter could not be test,Back-Office / Administrative Operations,Back-Office / Administrative Operations,99.21,100-90% Very High,Correct
Premises found locked no person at side and no response on said phone at the time of testing so meter could not be test,Back-Office / Administrative Operations,Back-Office / Administrative Operations,94.58,100-90% Very High,Correct
No person at side and no response on said phone at the time of testing so meter could not be test,Back-Office / Administrative Operations,Back-Office / Administrative Operations,99.21,100-90% Very High,Correct
no person at site no response on phone,Back-Office / Administrative Operations,Back-Office / Administrative Operations,99.45,100-90% Very High,Correct
No person at side and no response on said phone at the time of testing so meter could not be test,Back-Office / Administrative Operations,Back-Office / Administrative Operations,99.21,100-90% Very High,Correct
no person at site and no response on given phone number,Back-Office / Administrative Operations,Back-Office / Administrative Operations,94.04,100-90% Very High,Correct
No person at side and no response on said phone at the time of testing so meter could not be test,Back-Office / Administrative Operations,Back-Office / Administrative Operations,99.21,100-90% Very High,Correct
no responsible person At site and mobile number Available but Consumer not proper Response So Meter Could not be Tested,Back-Office / Administrative Operations,Back-Office / Administrative Operations,82.39,90-75% High,Correct
No person at side and no response on said phone at the time of testing so meter could not be test,Back-Office / Administrative Operations,Back-Office / Administrative Operations,99.21,100-90% Very High,Correct
no person at site no response on call,Back-Office / Administrative Operations,Back-Office / Administrative Operations,99.2,100-90% Very High,Correct
No person at site and no response on given phone number,Back-Office / Administrative Operations,Back-Office / Administrative Operations,94.04,100-90% Very High,Correct
No person at site and no response on given phone number,Back-Office / Administrative Operations,Back-Office / Administrative Operations,94.04,100-90% Very High,Correct
Premises found locked no person at side and no response on said phone at the time of testing so meter could not be test,Back-Office / Administrative Operations,Back-Office / Administrative Operations,94.58,100-90% Very High,Correct
No person at side and no response on said phone at the time of testing so meter could not be test,Back-Office / Administrative Operations,Back-Office / Administrative Operations,99.21,100-90% Very High,Correct
No person at side and no response on said phone at the time of testing so meter could not be test,Back-Office / Administrative Operations,Back-Office / Administrative Operations,99.21,100-90% Very High,Correct
No person at site and no response on given phone number,Back-Office / Administrative Operations,Back-Office / Administrative Operations,94.04,100-90% Very High,Correct
no person at site and no response on given phone number,Back-Office / Administrative Operations,Back-Office / Administrative Operations,94.04,100-90% Very High,Correct
no person at site no response on call,Back-Office / Administrative Operations,Back-Office / Administrative Operations,99.2,100-90% Very High,Correct
time visit but no person at site no response on call,Back-Office / Administrative Operations,Back-Office / Administrative Operations,97.92,100-90% Very High,Correct
No person at side and no response on said phone at the time of testing so meter could not be test,Back-Office / Administrative Operations,Back-Office / Administrative Operations,99.21,100-90% Very High,Correct
No response on said phone at the time of testing so meter could not be test,Back-Office / Administrative Operations,Back-Office / Administrative Operations,95.12,100-90% Very High,Correct
Premises found locked no person at side and no response on said phone at the time of testing so meter could not be test,Back-Office / Administrative Operations,Back-Office / Administrative Operations,94.58,100-90% Very High,Correct
premises found locked and N person at side and no response on said phone at the time of testing so meter could not be test,Back-Office / Administrative Operations,Back-Office / Administrative Operations,94.58,100-90% Very High,Correct
time visit but no person at site no response on call,Back-Office / Administrative Operations,Back-Office / Administrative Operations,97.92,100-90% Very High,Correct
No person at site and no response on given phone number,Back-Office / Administrative Operations,Back-Office / Administrative Operations,94.04,100-90% Very High,Correct
time visit but no person at site no response on call,Back-Office / Administrative Operations,Back-Office / Administrative Operations,97.92,100-90% Very High,Correct
Premises found locked No person at side and no response on said phone at the time of testing so meter could not be test,Back-Office / Administrative Operations,Back-Office / Administrative Operations,94.58,100-90% Very High,Correct
No person at site and no response on given phone number,Back-Office / Administrative Operations,Back-Office / Administrative Operations,94.04,100-90% Very High,Correct
time visit but no person at site no response on call,Back-Office / Administrative Operations,Back-Office / Administrative Operations,97.92,100-90% Very High,Correct
Premises found locked no person at side and no response on said phone at the time of testing so meter could not be test,Back-Office / Administrative Operations,Back-Office / Administrative Operations,94.58,100-90% Very High,Correct
Appointment already taken times but consumer demand more time in each appointment Today team also contacted to consumer on phone but no response on phone Due to the said reason case has been cance,Back-Office / Administrative Operations,Back-Office / Administrative Operations,91.48,100-90% Very High,Correct
Permises found locked no person at side and no response on said phone at the time of testing so meter could not be test,Back-Office / Administrative Operations,Back-Office / Administrative Operations,98.68,100-90% Very High,Correct
no responseble person At site And mobile number Available but not Proper Response so Meter could not be Tested,Back-Office / Administrative Operations,Back-Office / Administrative Operations,94.04,100-90% Very High,Correct
no person at site no response on call,Back-Office / Administrative Operations,Back-Office / Administrative Operations,99.2,100-90% Very High,Correct
time visit but no person at site no response on call,Back-Office / Administrative Operations,Back-Office / Administrative Operations,97.92,100-90% Very High,Correct
no person at site and ni response on phone,Back-Office / Administrative Operations,Back-Office / Administrative Operations,93.78,100-90% Very High,Correct
Premises found locked no person at side and no response on said phone at the time of testing so meter could not be test,Back-Office / Administrative Operations,Back-Office / Administrative Operations,94.58,100-90% Very High,Correct
Premises found locked no person at side and no response on said phone at the time of testing so meter could not be test,Back-Office / Administrative Operations,Back-Office / Administrative Operations,94.58,100-90% Very High,Correct
no person at site and no response on given phone number,Back-Office / Administrative Operations,Back-Office / Administrative Operations,94.04,100-90% Very High,Correct
Premises found locked no person at site and no response on said phone at the time of testing so meter could not be test,Back-Office / Administrative Operations,Back-Office / Administrative Operations,94.77,100-90% Very High,Correct
No person at side and no response on said phone at the time of testing so meter could not be test,Back-Office / Administrative Operations,Back-Office / Administrative Operations,99.21,100-90% Very High,Correct
no person at side and no response on said phone at the time of testing so meter could not be test,Back-Office / Administrative Operations,Back-Office / Administrative Operations,99.21,100-90% Very High,Correct
Permises found locked no person at side at the time of testing discuss with consumer sh Vinay phone no,Back-Office / Administrative Operations,Back-Office / Administrative Operations,50.83,75-50% Medium,Correct
Permises found locked no person at side and no response on said phone at the time of testing so meter could not be test,Back-Office / Administrative Operations,Back-Office / Administrative Operations,98.68,100-90% Very High,Correct
no responseble person At site And mobile number not Corrective Response So Meter could not be Tested,Back-Office / Administrative Operations,Back-Office / Administrative Operations,93.56,100-90% Very High,Correct
Permises found locked and no person at side at the time of testing so meter could not test,Back-Office / Administrative Operations,Back-Office / Administrative Operations,49.7,Below 50% Low,Correct
no responseble person At site And mobile number Available but Mobile number no Proper Corrective Response So Meter could not be Tested,Back-Office / Administrative Operations,Back-Office / Administrative Operations,81.68,90-75% High,Correct
No person at site and no response on given phone number,Back-Office / Administrative Operations,Back-Office / Administrative Operations,94.04,100-90% Very High,Correct
time visit but no person at site,Back-Office / Administrative Operations,Back-Office / Administrative Operations,94.61,100-90% Very High,Correct
no person at site many times call to consumer but consumer not respond on phone mobile number is,Back-Office / Administrative Operations,Back-Office / Administrative Operations,91.53,100-90% Very High,Correct
No person at site and no response on said phone at the time of testing so meter could not be test,Back-Office / Administrative Operations,Back-Office / Administrative Operations,99.55,100-90% Very High,Correct
No person at side and no response on said phone at the time of testing so meter could not be test,Back-Office / Administrative Operations,Back-Office / Administrative Operations,99.21,100-90% Very High,Correct
time visit but no person at site no response on call,Back-Office / Administrative Operations,Back-Office / Administrative Operations,97.92,100-90% Very High,Correct
No person at side and no response on said phone at the time of testing so meter could not be test,Back-Office / Administrative Operations,Back-Office / Administrative Operations,99.21,100-90% Very High,Correct
Permises found locked No person at side and no response on said phone at the time of testing so meter could not be test,Back-Office / Administrative Operations,Back-Office / Administrative Operations,98.68,100-90% Very High,Correct
No person at site and no response on said phone at the time of testing so meter could be test,Back-Office / Administrative Operations,Back-Office / Administrative Operations,99.55,100-90% Very High,Correct
No person at site and no response on said phone no premises found locked,Back-Office / Administrative Operations,Back-Office / Administrative Operations,93.57,100-90% Very High,Correct
No person at site and no response on phone,Back-Office / Administrative Operations,Back-Office / Administrative Operations,99.45,100-90% Very High,Correct
Permises found locked no person at side at the time of testing so meter could not be test,Back-Office / Administrative Operations,Back-Office / Administrative Operations,49.7,Below 50% Low,Correct
no person at site and no response on phone number,Back-Office / Administrative Operations,Back-Office / Administrative Operations,98.57,100-90% Very High,Correct
time visit but no person at site,Back-Office / Administrative Operations,Back-Office / Administrative Operations,94.61,100-90% Very High,Correct
No person at site and no response on said phone at the time of testing so meter could not be test,Back-Office / Administrative Operations,Back-Office / Administrative Operations,99.55,100-90% Very High,Correct
no person at site no response on phone,Back-Office / Administrative Operations,Back-Office / Administrative Operations,99.45,100-90% Very High,Correct
no person at site and no response on phone,Back-Office / Administrative Operations,Back-Office / Administrative Operations,99.45,100-90% Very High,Correct
no person at site many times call to consumer but consumer not respond on phone consumer number is,Back-Office / Administrative Operations,Back-Office / Administrative Operations,94.93,100-90% Very High,Correct
meter room found locked and key not provided by gard Discuss sh Sanjay HDFC Bank,Back-Office / Administrative Operations,Field Operations / Meter Testing,91.06,100-90% Very High,Wrong
NO PERSON AT SITE NO RESPONSE ON GIVEN PHONE NUMBER SO METER COULDNT BE TESTED AT THE TIME OF TESTING,Back-Office / Administrative Operations,Back-Office / Administrative Operations,92.32,100-90% Very High,Correct
Premises found locked no person at site and no response on said phone at the time of testing so meter could not be test,Back-Office / Administrative Operations,Back-Office / Administrative Operations,94.77,100-90% Very High,Correct
Premises found locked no person at side and no response on said phone at the time of testing so meter could not be test,Back-Office / Administrative Operations,Back-Office / Administrative Operations,94.58,100-90% Very High,Correct
No person at site and no response on said phone at the time of testing so meter could not be test,Back-Office / Administrative Operations,Back-Office / Administrative Operations,99.55,100-90% Very High,Correct
time visit but no person at site no response on call,Back-Office / Administrative Operations,Back-Office / Administrative Operations,97.92,100-90% Very High,Correct
No person at site and no response on given phone number,Back-Office / Administrative Operations,Back-Office / Administrative Operations,94.04,100-90% Very High,Correct
NO PERSON AT SITE NO RESPONSE ON GIVEN PHONE NUMBER SO METER COULD NOT BE TESTED AT THE TIME OF TESTING,Back-Office / Administrative Operations,Back-Office / Administrative Operations,92.32,100-90% Very High,Correct
time visit but no person at site no response on call,Back-Office / Administrative Operations,Back-Office / Administrative Operations,97.92,100-90% Very High,Correct
Permises found locked no person at side and no response on said phone at the time of testing so meter could not be test,Back-Office / Administrative Operations,Back-Office / Administrative Operations,98.68,100-90% Very High,Correct
No responseble person At site And mobile number Available but Consumer no proper Corrective Response So Meter could not be Tested,Back-Office / Administrative Operations,Back-Office / Administrative Operations,97.54,100-90% Very High,Correct
Premises found locked no person at site discuss with consumer on said phone,Back-Office / Administrative Operations,Back-Office / Administrative Operations,66.4,75-50% Medium,Correct
no person at site and no response on said phone number at the time of testing so meter could not be test,Back-Office / Administrative Operations,Back-Office / Administrative Operations,99.45,100-90% Very High,Correct
Premises found locked no person at site and no response on said phone at the time of testing so meter could not be test,Back-Office / Administrative Operations,Back-Office / Administrative Operations,94.77,100-90% Very High,Correct
Premises found locked no person at site and no response on said phone at the time of testing so meter could not be test,Back-Office / Administrative Operations,Back-Office / Administrative Operations,94.77,100-90% Very High,Correct
time visit but no person at site,Back-Office / Administrative Operations,Back-Office / Administrative Operations,94.61,100-90% Very High,Correct
NO person at site no response given phone number so meter could not be tested at the time of testing,Back-Office / Administrative Operations,Back-Office / Administrative Operations,92.32,100-90% Very High,Correct
Premises found locked no person at side and no response on said phone at the time of testing so meter could not be test,Back-Office / Administrative Operations,Back-Office / Administrative Operations,94.58,100-90% Very High,Correct
Premises found locked no person at site and no response on said phone at the time testing so meter could not be test,Back-Office / Administrative Operations,Back-Office / Administrative Operations,94.77,100-90% Very High,Correct
time visit but no person at site no response on call,Back-Office / Administrative Operations,Back-Office / Administrative Operations,97.92,100-90% Very High,Correct
No person at siteno response on phone,Back-Office / Administrative Operations,Back-Office / Administrative Operations,88.21,90-75% High,Correct
No person at site and no response on said phone at the time of testing so meter could not be test,Back-Office / Administrative Operations,Back-Office / Administrative Operations,99.55,100-90% Very High,Correct
Premises found locked no person at site and no response on said phone no at the time of testing so meter could not be test,Back-Office / Administrative Operations,Back-Office / Administrative Operations,94.77,100-90% Very High,Correct
No person at site no response on phone,Back-Office / Administrative Operations,Back-Office / Administrative Operations,99.45,100-90% Very High,Correct
no person at site no response on call,Back-Office / Administrative Operations,Back-Office / Administrative Operations,99.2,100-90% Very High,Correct
time visit but no person at site no response on call,Back-Office / Administrative Operations,Back-Office / Administrative Operations,97.92,100-90% Very High,Correct
time visit but no person at site no response on call,Back-Office / Administrative Operations,Back-Office / Administrative Operations,97.92,100-90% Very High,Correct
time visit but No person at site,Back-Office / Administrative Operations,Back-Office / Administrative Operations,94.61,100-90% Very High,Correct
No person at site no response given phone number so meter could not be tested at the time of testing,Back-Office / Administrative Operations,Back-Office / Administrative Operations,92.32,100-90% Very High,Correct
Premises found locked no person at site and no response on said phone at the time of testing so meter could not be test,Back-Office / Administrative Operations,Back-Office / Administrative Operations,94.77,100-90% Very High,Correct
time visit but no person at site no response on call,Back-Office / Administrative Operations,Back-Office / Administrative Operations,97.92,100-90% Very High,Correct
Premises found locked no person at site and no response on said phone at the time of testing so meter could not be test,Back-Office / Administrative Operations,Back-Office / Administrative Operations,94.77,100-90% Very High,Correct
No person at site and no response on said phone at the time of testing so meter could not be test,Back-Office / Administrative Operations,Back-Office / Administrative Operations,99.55,100-90% Very High,Correct
Premises found locked no person at site and no response on said phone at the time of testing so meter could not be test,Back-Office / Administrative Operations,Back-Office / Administrative Operations,94.77,100-90% Very High,Correct
time visit but no person at site no response on call,Back-Office / Administrative Operations,Back-Office / Administrative Operations,97.92,100-90% Very High,Correct
Premises found locked no person at site and no response on said phone at the time of testing so meter could not be test,Back-Office / Administrative Operations,Back-Office / Administrative Operations,94.77,100-90% Very High,Correct
time visit no person at site no response on call,Back-Office / Administrative Operations,Back-Office / Administrative Operations,97.92,100-90% Very High,Correct
Premises found locked no person at site and no response on said phone at the time of testing so meter could not be test,Back-Office / Administrative Operations,Back-Office / Administrative Operations,94.77,100-90% Very High,Correct
Premises found locked no person at site and no response on said phone at the time of testing so meter could not be test,Back-Office / Administrative Operations,Back-Office / Administrative Operations,94.77,100-90% Very High,Correct
Premises found locked no person at site and no response on said phone at the time of testing,Back-Office / Administrative Operations,Back-Office / Administrative Operations,93.99,100-90% Very High,Correct
time visit but no person at site no response on call,Back-Office / Administrative Operations,Back-Office / Administrative Operations,97.92,100-90% Very High,Correct
no person at site no response on phone,Back-Office / Administrative Operations,Back-Office / Administrative Operations,99.45,100-90% Very High,Correct
No response on telecommunication and no responsible person found at site for meter testing even multiple calling and site visit already done hence same needs to be close,Back-Office / Administrative Operations,Back-Office / Administrative Operations,65.5,75-50% Medium,Correct
time visit but no person at site,Back-Office / Administrative Operations,Back-Office / Administrative Operations,94.61,100-90% Very High,Correct
time visit but no person at site,Back-Office / Administrative Operations,Back-Office / Administrative Operations,94.61,100-90% Very High,Correct
time visit but no person at site,Back-Office / Administrative Operations,Back-Office / Administrative Operations,94.61,100-90% Very High,Correct
No person at site so meter couldnt be tested,Back-Office / Administrative Operations,Back-Office / Administrative Operations,91.7,100-90% Very High,Correct
No person at site and no response on said phone at the time of so meter could not be test,Back-Office / Administrative Operations,Back-Office / Administrative Operations,99.53,100-90% Very High,Correct
Premises found locked no person at site and no person at site and no response on said phone at the time of testing so meter could not be test,Back-Office / Administrative Operations,Back-Office / Administrative Operations,98.13,100-90% Very High,Correct
NO PERSON AT SITE NO RESPONSE ON GIVEN PHONE NUMBER SO METER COULD NOT BE TESTED AT THE TIME OF TESTING,Back-Office / Administrative Operations,Back-Office / Administrative Operations,92.32,100-90% Very High,Correct
No person at site no response given phone number so meter could not be tested at the time of testing,Back-Office / Administrative Operations,Back-Office / Administrative Operations,92.32,100-90% Very High,Correct
One phase missing in supply from pole so case refer to zone for further rectification,Network / Zone Maintenance Team,Network / Zone Maintenance Team,99.04,100-90% Very High,Correct
B PHASE VOLTAGE MISSING,Network / Zone Maintenance Team,Network / Zone Maintenance Team,95.4,100-90% Very High,Correct
Meter tested as per safety norms Low Voltage Found in Two phases v and v so meter could not be test Refer to zone,Network / Zone Maintenance Team,Network / Zone Maintenance Team,97.0,100-90% Very High,Correct
One phase missing from pole at the time of testing so meter could not be test,Network / Zone Maintenance Team,Network / Zone Maintenance Team,96.32,100-90% Very High,Correct
Two phases missing in supply from pole so case refer to zone for further rectification,Network / Zone Maintenance Team,Network / Zone Maintenance Team,98.77,100-90% Very High,Correct
On phase missing from pole and two phases used only at the time of testing discuss with back office,Network / Zone Maintenance Team,Network / Zone Maintenance Team,92.21,100-90% Very High,Correct
One phase voltage is very low so this case is referred to zone for rectification work,Network / Zone Maintenance Team,Network / Zone Maintenance Team,95.66,100-90% Very High,Correct
One phase voltage is missing so this case is referred to Zone for rectification work,Network / Zone Maintenance Team,Network / Zone Maintenance Team,96.34,100-90% Very High,Correct
y phase voltage low V,Network / Zone Maintenance Team,Network / Zone Maintenance Team,94.83,100-90% Very High,Correct
one phase found missing so case reffered to zone,Network / Zone Maintenance Team,Network / Zone Maintenance Team,95.86,100-90% Very High,Correct
One phase missing from pole at the time of testing so meter could not be test discuss with consumer sh Narsingh phone no,Network / Zone Maintenance Team,Network / Zone Maintenance Team,94.85,100-90% Very High,Correct
Meter Terminal And Meter Box Seals Are Found broken So Meter Suspected Refer To Enforcement,CEG / Enforcement / Vigilance Team,CEG / Enforcement / Vigilance Team,98.67,100-90% Very High,Correct
One phase missing in supply from poleSo case refer to zone for further rectification,Network / Zone Maintenance Team,Network / Zone Maintenance Team,96.16,100-90% Very High,Correct
Incoming voltage from Supply end found unbalanced therefore incoming supply needs to be rectified by the concerned department Photographs of reference voltage in all phases is been attached,Network / Zone Maintenance Team,Network / Zone Maintenance Team,95.03,100-90% Very High,Correct
One Phase missing from pole at the time of testing so meter could not be test discuss with consumer sh Narsingh phone no,Network / Zone Maintenance Team,Network / Zone Maintenance Team,94.85,100-90% Very High,Correct
Solar Panel not working at the time of testing so meter could not be test discuss with consumer sh Jamshed phone no,Network / Zone Maintenance Team,Network / Zone Maintenance Team,59.46,75-50% Medium,Correct
Meter Terminal seal is not found so Meter could not be tested Refer to CEG,CEG / Enforcement / Vigilance Team,CEG / Enforcement / Vigilance Team,96.89,100-90% Very High,Correct
premises found locked thatsway Meter couldnt be tested,Field Operations / Meter Testing,Field Operations / Meter Testing,98.15,100-90% Very High,Correct
Premises found locked no response on telecommunication also mo responsible person is at site,Field Operations / Meter Testing,Field Operations / Meter Testing,96.59,100-90% Very High,Correct
Premises found locked three times visit done so meter could not be test,Field Operations / Meter Testing,Field Operations / Meter Testing,97.8,100-90% Very High,Correct
permises found locked so meter could not be tested,Field Operations / Meter Testing,Field Operations / Meter Testing,98.02,100-90% Very High,Correct
Premises found locked so meter could not be tested,Field Operations / Meter Testing,Field Operations / Meter Testing,99.55,100-90% Very High,Correct
two times site visited both time premises found locked,Field Operations / Meter Testing,Field Operations / Meter Testing,98.77,100-90% Very High,Correct
premises found locked thatsway Meter couldnt be tested,Field Operations / Meter Testing,Field Operations / Meter Testing,98.15,100-90% Very High,Correct
Premises found locked so meter could not be tested at site,Field Operations / Meter Testing,Field Operations / Meter Testing,99.9,100-90% Very High,Correct
PREMISES FOUND LOCKED SO METER COULDNT BE TESTED AT THE TIME OF TESTING,Field Operations / Meter Testing,Field Operations / Meter Testing,99.24,100-90% Very High,Correct
permises found locked so meter could not be tested,Field Operations / Meter Testing,Field Operations / Meter Testing,98.02,100-90% Very High,Correct
Panel of Meter found locked also no responsible person is at site therfore same couldnt be tested photographs has been attached,Field Operations / Meter Testing,Field Operations / Meter Testing,95.53,100-90% Very High,Correct
permises found locked so meter could not be tested,Field Operations / Meter Testing,Field Operations / Meter Testing,98.02,100-90% Very High,Correct
Premises found Locked consumer is not picking the phone please provide alternate contact number,Field Operations / Meter Testing,Field Operations / Meter Testing,95.56,100-90% Very High,Correct
Premises found locked and no response on given phone number so meter could not be tested at site,Field Operations / Meter Testing,Field Operations / Meter Testing,97.14,100-90% Very High,Correct
PREMISES FOUND LOCKED SO METER COULDNT BE TESTED AT THE TIME OF TESTING,Field Operations / Meter Testing,Field Operations / Meter Testing,99.24,100-90% Very High,Correct
permises found locked so meter could not be tested,Field Operations / Meter Testing,Field Operations / Meter Testing,98.02,100-90% Very High,Correct
Premises found Locked,Field Operations / Meter Testing,Field Operations / Meter Testing,99.82,100-90% Very High,Correct
permises found locked,Field Operations / Meter Testing,Field Operations / Meter Testing,98.19,100-90% Very High,Correct
permises found locked,Field Operations / Meter Testing,Field Operations / Meter Testing,98.19,100-90% Very High,Correct
PREMISES FOUND LOCKED SO METER COULDNT BE TESTED AT THE TIME OF TESTING,Field Operations / Meter Testing,Field Operations / Meter Testing,99.24,100-90% Very High,Correct
CONSUMER NOT PROVIDE KEY SO METER COULDNT BE TESTED AT THE TIME OF TESTING,Field Operations / Meter Testing,Field Operations / Meter Testing,94.71,100-90% Very High,Correct
Premises found locked at the time of testing discuss with consumer sh Vikas phone no,Field Operations / Meter Testing,Field Operations / Meter Testing,96.82,100-90% Very High,Correct
time visit but premises found locked no response on call,Field Operations / Meter Testing,Field Operations / Meter Testing,96.18,100-90% Very High,Correct
PREMISES FOUND LOCKED CONSUMER NOT RESPONDING GIVEN PHONE NUMBER SO METER COULDNT BE TESTED AT THE TIME OF TESTING,Field Operations / Meter Testing,Field Operations / Meter Testing,96.15,100-90% Very High,Correct
permises found locked so meter could not be tested,Field Operations / Meter Testing,Field Operations / Meter Testing,98.02,100-90% Very High,Correct
premises found locked so could not be meter tasted,Field Operations / Meter Testing,Field Operations / Meter Testing,98.46,100-90% Very High,Correct
Long time premises found locked so meter could not be tested,Field Operations / Meter Testing,Field Operations / Meter Testing,98.93,100-90% Very High,Correct
permises found locked so meter could not be tested,Field Operations / Meter Testing,Field Operations / Meter Testing,98.02,100-90% Very High,Correct
Premises found locked Phone number is not reachable,Field Operations / Meter Testing,Field Operations / Meter Testing,97.44,100-90% Very High,Correct
permises found locked so meter could not be tested,Field Operations / Meter Testing,Field Operations / Meter Testing,98.02,100-90% Very High,Correct
meter Room door found locked at the time of testing Key not provided by sh Akash phone no so meter could not be test,Field Operations / Meter Testing,Field Operations / Meter Testing,94.83,100-90% Very High,Correct
PREMISES FOUND LOCKED SO METER COULDNT BE TESTED AT THE TIME OF TESTING,Field Operations / Meter Testing,Field Operations / Meter Testing,99.24,100-90% Very High,Correct
time visit but premises found locked no response on call,Field Operations / Meter Testing,Field Operations / Meter Testing,96.18,100-90% Very High,Correct
premises found locked so meter could not be tested,Field Operations / Meter Testing,Field Operations / Meter Testing,99.55,100-90% Very High,Correct
premises found locked so meter could not be tested,Field Operations / Meter Testing,Field Operations / Meter Testing,99.55,100-90% Very High,Correct
three times site visited all times premises found locked so meter could not be tested consumer not giving proper response on phone,Field Operations / Meter Testing,Field Operations / Meter Testing,95.71,100-90% Very High,Correct
Premises found locked no responsible person is found at site therefore meter couldnt be reached hence same couldnt be tested Also meter is not in use,Field Operations / Meter Testing,Field Operations / Meter Testing,97.86,100-90% Very High,Correct
PREMISES FOUND LOCKED SO METER COULDNT BE TESTED AT THE TIME OF TESTING,Field Operations / Meter Testing,Field Operations / Meter Testing,99.24,100-90% Very High,Correct
permises found locked so meter could not be tested,Field Operations / Meter Testing,Field Operations / Meter Testing,98.02,100-90% Very High,Correct
PREMISES FOUND LOCKED SO METER COULDNT BE TESTED AT THE TIME OF TESTING,Field Operations / Meter Testing,Field Operations / Meter Testing,99.24,100-90% Very High,Correct
premises found locked no person at side at the time of testing discuss with consumer shRajpal Sharma on phone no,Field Operations / Meter Testing,Field Operations / Meter Testing,95.51,100-90% Very High,Correct
premises found locked no response on given phone number so meter could not be tested at site,Field Operations / Meter Testing,Field Operations / Meter Testing,97.14,100-90% Very High,Correct
Premises found locked and no response on given phone number,Field Operations / Meter Testing,Field Operations / Meter Testing,97.01,100-90% Very High,Correct
PREMISES FOUND LOCKED SO METER COULDNT BE TESTED AT THE TIME OF TESTING,Field Operations / Meter Testing,Field Operations / Meter Testing,99.24,100-90% Very High,Correct
premises found locked so meter could not be tested,Field Operations / Meter Testing,Field Operations / Meter Testing,99.55,100-90% Very High,Correct
PREMISES FOUND LOCKED METER COULDNT BE TESTED AT THE TIME OF TESTING,Field Operations / Meter Testing,Field Operations / Meter Testing,99.24,100-90% Very High,Correct
permises found locked so meter could not be tested,Field Operations / Meter Testing,Field Operations / Meter Testing,98.02,100-90% Very High,Correct
PREMISES FOUND LOCKED SO METER COULDNT BE TESTED AT THE TIME OF TESTING,Field Operations / Meter Testing,Field Operations / Meter Testing,99.24,100-90% Very High,Correct
PREMISES FOUND LOCKED SO METER COULDNT BE TESTED AT THE TIME OF TESTING,Field Operations / Meter Testing,Field Operations / Meter Testing,99.24,100-90% Very High,Correct
premises found locked so meter could not be tested,Field Operations / Meter Testing,Field Operations / Meter Testing,99.55,100-90% Very High,Correct
PREMISES FOUND LOCKED SO METER COULDNT BE TESTED AT THE TIME OF TESTING,Field Operations / Meter Testing,Field Operations / Meter Testing,99.24,100-90% Very High,Correct
Premises found locked no response on given phone number,Field Operations / Meter Testing,Field Operations / Meter Testing,97.01,100-90% Very High,Correct
long time premises found locked so meter could not be tested,Field Operations / Meter Testing,Field Operations / Meter Testing,98.93,100-90% Very High,Correct
Premises found locked so meter could not be tested,Field Operations / Meter Testing,Field Operations / Meter Testing,99.55,100-90% Very High,Correct
PREMISES FOUND LOCKED SO METER COULDNT BE TESTED AT THE TIME OF TESTING,Field Operations / Meter Testing,Field Operations / Meter Testing,99.24,100-90% Very High,Correct
Premises found locked from one year,Field Operations / Meter Testing,Field Operations / Meter Testing,97.94,100-90% Very High,Correct
permises found locked so meter could not be tested,Field Operations / Meter Testing,Field Operations / Meter Testing,98.02,100-90% Very High,Correct
premises found locked meter couldnt be tested,Field Operations / Meter Testing,Field Operations / Meter Testing,99.55,100-90% Very High,Correct
premises found locked so meter could not be tested,Field Operations / Meter Testing,Field Operations / Meter Testing,99.55,100-90% Very High,Correct
premises found locked so meter could not be tested,Field Operations / Meter Testing,Field Operations / Meter Testing,99.55,100-90% Very High,Correct
Premises found locked no response on given phone number so meter could not be tested at site,Field Operations / Meter Testing,Field Operations / Meter Testing,97.14,100-90% Very High,Correct
premises found licked,Field Operations / Meter Testing,Field Operations / Meter Testing,96.92,100-90% Very High,Correct
time visit but premises found locked no response on call,Field Operations / Meter Testing,Field Operations / Meter Testing,96.18,100-90% Very High,Correct
Premises found locked,Field Operations / Meter Testing,Field Operations / Meter Testing,99.82,100-90% Very High,Correct
permises found locked no response on call so meter could not be tested,Field Operations / Meter Testing,Field Operations / Meter Testing,91.2,100-90% Very High,Correct
PREMISES FOUND LOCKED SO METER COULDNT BE TESTED AT THE TIME OF TESTING,Field Operations / Meter Testing,Field Operations / Meter Testing,99.24,100-90% Very High,Correct
Premises found locked no responsible person us found at site therefore meter is not reachable for Meter testing,Field Operations / Meter Testing,Field Operations / Meter Testing,97.89,100-90% Very High,Correct
time visit but premises found locked,Field Operations / Meter Testing,Field Operations / Meter Testing,98.23,100-90% Very High,Correct
premises found locked so meter could not be tested,Field Operations / Meter Testing,Field Operations / Meter Testing,99.55,100-90% Very High,Correct
premises found locked so meter could not be tested,Field Operations / Meter Testing,Field Operations / Meter Testing,99.55,100-90% Very High,Correct
premises found locked so meter could not be tested,Field Operations / Meter Testing,Field Operations / Meter Testing,99.55,100-90% Very High,Correct
time visit but premises found locked no response on call,Field Operations / Meter Testing,Field Operations / Meter Testing,96.18,100-90% Very High,Correct
premises found locked so meter could not be tested,Field Operations / Meter Testing,Field Operations / Meter Testing,99.55,100-90% Very High,Correct
Premises found locked no person at site and phone number not reachable,Field Operations / Meter Testing,Field Operations / Meter Testing,85.54,90-75% High,Correct
Three time visit but permises found locked so meter could not be tested,Field Operations / Meter Testing,Field Operations / Meter Testing,95.25,100-90% Very High,Correct
Three time visit but permises found locked so meter could not be tested,Field Operations / Meter Testing,Field Operations / Meter Testing,95.25,100-90% Very High,Correct
premises found locked so meter could not be tested,Field Operations / Meter Testing,Field Operations / Meter Testing,99.55,100-90% Very High,Correct
premises found locked,Field Operations / Meter Testing,Field Operations / Meter Testing,99.82,100-90% Very High,Correct
premises found locked no response on given phone number so meter could not be tested at site,Field Operations / Meter Testing,Field Operations / Meter Testing,97.14,100-90% Very High,Correct
premises found locked no response on given phone number so meter could not be tested at site,Field Operations / Meter Testing,Field Operations / Meter Testing,97.14,100-90% Very High,Correct
Premises found locked no person at site,Field Operations / Meter Testing,Field Operations / Meter Testing,95.95,100-90% Very High,Correct
permanent premises found locked,Field Operations / Meter Testing,Field Operations / Meter Testing,98.18,100-90% Very High,Correct
premises found locked no person at site,Field Operations / Meter Testing,Field Operations / Meter Testing,95.95,100-90% Very High,Correct
PREMISES FOUND LOCKED SO METER COULDNT BE TESTED AT THE TIME OF TESTING,Field Operations / Meter Testing,Field Operations / Meter Testing,99.24,100-90% Very High,Correct
Premises found locked no responsible person found at site hence meter couldnt be tested photographs has been attached,Field Operations / Meter Testing,Field Operations / Meter Testing,99.25,100-90% Very High,Correct
premises found locked,Field Operations / Meter Testing,Field Operations / Meter Testing,99.82,100-90% Very High,Correct
premises found locked no person at site,Field Operations / Meter Testing,Field Operations / Meter Testing,95.95,100-90% Very High,Correct
premises found locked no person at site,Field Operations / Meter Testing,Field Operations / Meter Testing,95.95,100-90% Very High,Correct
Premises found locked no person at site,Field Operations / Meter Testing,Field Operations / Meter Testing,95.95,100-90% Very High,Correct
PREMISES FOUND LOCKED SO METER COULDNT BE TESTED AT THE TIME OF TESTING,Field Operations / Meter Testing,Field Operations / Meter Testing,99.24,100-90% Very High,Correct
time visit but premises found locked,Field Operations / Meter Testing,Field Operations / Meter Testing,98.23,100-90% Very High,Correct
permises found locked so meter could not be tested,Field Operations / Meter Testing,Field Operations / Meter Testing,98.02,100-90% Very High,Correct
meter couldnt be tested because premises found locked,Field Operations / Meter Testing,Field Operations / Meter Testing,99.55,100-90% Very High,Correct
No person at site Found,Field Operations / Meter Testing,Back-Office / Administrative Operations,96.19,100-90% Very High,Wrong
Premises found locked so meter could not be tested at site,Field Operations / Meter Testing,Field Operations / Meter Testing,99.9,100-90% Very High,Correct
time visit but premises found locked so could not be meter tasted,Field Operations / Meter Testing,Field Operations / Meter Testing,96.63,100-90% Very High,Correct
premises found locked no response on given phone number so meter could not be tested at site,Field Operations / Meter Testing,Field Operations / Meter Testing,97.14,100-90% Very High,Correct
No person at site no response on given phone number so meter could not be tested at the time of testing,Field Operations / Meter Testing,Back-Office / Administrative Operations,92.32,100-90% Very High,Wrong
permises found locked so meter could not be tested,Field Operations / Meter Testing,Field Operations / Meter Testing,98.02,100-90% Very High,Correct
premises found locked so meter could not be tested,Field Operations / Meter Testing,Field Operations / Meter Testing,99.55,100-90% Very High,Correct
premises found locked so meter could not be tested at the time of the testing,Field Operations / Meter Testing,Field Operations / Meter Testing,99.24,100-90% Very High,Correct
Premises found locked so meter could not be tested at site,Field Operations / Meter Testing,Field Operations / Meter Testing,99.9,100-90% Very High,Correct
Premises found lockedSo meter could not be test,Field Operations / Meter Testing,Field Operations / Meter Testing,95.96,100-90% Very High,Correct
Premises found locked no responsible person available at site for meter testing,Field Operations / Meter Testing,Field Operations / Meter Testing,97.17,100-90% Very High,Correct
permises found locked so meter could not be tested,Field Operations / Meter Testing,Field Operations / Meter Testing,98.02,100-90% Very High,Correct
times visit but premises found locked,Field Operations / Meter Testing,Field Operations / Meter Testing,97.76,100-90% Very High,Correct
Meter fanshing lock and consumer sh RamGanesh key not provided at the time of testing so meter could not be test Ram Ganesh mobile number,Field Operations / Meter Testing,Field Operations / Meter Testing,94.52,100-90% Very High,Correct
Premises found locked no person at side at the time of testing so meter could not be test,Field Operations / Meter Testing,Field Operations / Meter Testing,92.27,100-90% Very High,Correct
permanent premises found locked no response on call,Field Operations / Meter Testing,Field Operations / Meter Testing,97.78,100-90% Very High,Correct
PREMISES FOUND LOCKED SO METER COULDNT BE TESTED AT THE TIME OF TESTING,Field Operations / Meter Testing,Field Operations / Meter Testing,99.24,100-90% Very High,Correct
PREMISES FOUND LOCKED SO METER COULDNT BE TESTED AT THE TIME OF TESTING,Field Operations / Meter Testing,Field Operations / Meter Testing,99.24,100-90% Very High,Correct
premises found locked no response on given phone number so meter could not be tested at site,Field Operations / Meter Testing,Field Operations / Meter Testing,97.14,100-90% Very High,Correct
premises found locked no key,Field Operations / Meter Testing,Field Operations / Meter Testing,99.75,100-90% Very High,Correct
time visit but premises found locked no response on call,Field Operations / Meter Testing,Field Operations / Meter Testing,96.18,100-90% Very High,Correct
Premises found locked no person at site,Field Operations / Meter Testing,Field Operations / Meter Testing,95.95,100-90% Very High,Correct
premises found locked so could not be meter tasted,Field Operations / Meter Testing,Field Operations / Meter Testing,98.46,100-90% Very High,Correct
PREMISES FOUND LOCKED NO RESPONSE ON GIVEN PHONE NUMBER SO METER COULDNT BE TESTED AT THE TIME OF TESTING,Field Operations / Meter Testing,Field Operations / Meter Testing,97.17,100-90% Very High,Correct
permises found locked so meter could not be tested,Field Operations / Meter Testing,Field Operations / Meter Testing,98.02,100-90% Very High,Correct
premises found lockedso meter could not be tested at the time of the testing,Field Operations / Meter Testing,Field Operations / Meter Testing,98.18,100-90% Very High,Correct
premises found locked no person at site at the time of testing discuss with consumer sh Deepak on said phone no,Field Operations / Meter Testing,Field Operations / Meter Testing,81.52,90-75% High,Correct
long time premises found locked so could not be meter tested,Field Operations / Meter Testing,Field Operations / Meter Testing,98.93,100-90% Very High,Correct
time premises found locked no response on call,Field Operations / Meter Testing,Field Operations / Meter Testing,99.18,100-90% Very High,Correct
Three time visit but permises found locked so meter could not be tested,Field Operations / Meter Testing,Field Operations / Meter Testing,95.25,100-90% Very High,Correct
premises found locked,Field Operations / Meter Testing,Field Operations / Meter Testing,99.82,100-90% Very High,Correct
PREMISES FOUND LOCKED SO METER COULDNT BE TESTED AT THE TIME OF TESTING,Field Operations / Meter Testing,Field Operations / Meter Testing,99.24,100-90% Very High,Correct
PREMISES FOUND LOCKED SO METER COULDNT BE TESTED AT THE TIME OF TESTING,Field Operations / Meter Testing,Field Operations / Meter Testing,99.24,100-90% Very High,Correct
Premises found locked No response on call so meter could not be tested,Field Operations / Meter Testing,Field Operations / Meter Testing,99.29,100-90% Very High,Correct
Premises found locked no person at site Consumer Out of Delhi Discussion on phone,Field Operations / Meter Testing,Back-Office / Administrative Operations,64.54,75-50% Medium,Wrong
premises found locked,Field Operations / Meter Testing,Field Operations / Meter Testing,99.82,100-90% Very High,Correct
PREMISES FOUND LOCKED SO METER COULDNT BE TESTED AT THE TIME OF TESTING,Field Operations / Meter Testing,Field Operations / Meter Testing,99.24,100-90% Very High,Correct
Premises found locked and consum Premises found locked no response on said phone at the time of testing so meter could not be test,Field Operations / Meter Testing,Field Operations / Meter Testing,97.05,100-90% Very High,Correct
Premises found locked at the time of testing discuss with consumer on said phone,Field Operations / Meter Testing,Field Operations / Meter Testing,87.06,90-75% High,Correct
premises found locked,Field Operations / Meter Testing,Field Operations / Meter Testing,99.82,100-90% Very High,Correct
premises found lockedso meter couldnt be tested,Field Operations / Meter Testing,Field Operations / Meter Testing,98.21,100-90% Very High,Correct
premises found lockedso meter couldnt be tested,Field Operations / Meter Testing,Field Operations / Meter Testing,98.21,100-90% Very High,Correct
time visit but premises found locked no response on call,Field Operations / Meter Testing,Field Operations / Meter Testing,96.18,100-90% Very High,Correct
time visit but premises found locked no response on call,Field Operations / Meter Testing,Field Operations / Meter Testing,96.18,100-90% Very High,Correct
Premises found locked so meter could not be tested,Field Operations / Meter Testing,Field Operations / Meter Testing,99.55,100-90% Very High,Correct
time visit but premises found locked no response on call,Field Operations / Meter Testing,Field Operations / Meter Testing,96.18,100-90% Very High,Correct
time visit but premises found locked no response on call,Field Operations / Meter Testing,Field Operations / Meter Testing,96.18,100-90% Very High,Correct
premises found lockedso meter couldnt be tested at the time,Field Operations / Meter Testing,Field Operations / Meter Testing,97.67,100-90% Very High,Correct
Meter site premises found lockedso meter couldnt be tested,Field Operations / Meter Testing,Field Operations / Meter Testing,98.72,100-90% Very High,Correct
Premises found locked no person at site no response given phone number,Field Operations / Meter Testing,Field Operations / Meter Testing,66.13,75-50% Medium,Correct
No person at site no response given phone number so meter could not be tested at the time of testing,Field Operations / Meter Testing,Back-Office / Administrative Operations,92.32,100-90% Very High,Wrong
Premises found locked so meter could not be tested,Field Operations / Meter Testing,Field Operations / Meter Testing,99.55,100-90% Very High,Correct
premises found lockedso meter couldnt be tested,Field Operations / Meter Testing,Field Operations / Meter Testing,98.21,100-90% Very High,Correct
primses found locked so meter could not be tested at the time,Field Operations / Meter Testing,Field Operations / Meter Testing,78.6,90-75% High,Correct
Premises found locked at the time of testing so meter could not be test discuss with consumer on said phone no,Field Operations / Meter Testing,Field Operations / Meter Testing,80.49,90-75% High,Correct
Meter room found locked key not provided by security guard at the time of testing so meter could not be test,Field Operations / Meter Testing,Field Operations / Meter Testing,95.26,100-90% Very High,Correct
Premises found locked times visit,Field Operations / Meter Testing,Field Operations / Meter Testing,97.76,100-90% Very High,Correct
PREMISES FOUND LOCKED SO METER COULDNT BE TESTED AT THE TIME OF TESTING,Field Operations / Meter Testing,Field Operations / Meter Testing,99.24,100-90% Very High,Correct
Premises found locked so meter could not be tested,Field Operations / Meter Testing,Field Operations / Meter Testing,99.55,100-90% Very High,Correct
time visit but premises found locked no response on call,Field Operations / Meter Testing,Field Operations / Meter Testing,96.18,100-90% Very High,Correct
premises found lockedso meter couldnt be tested,Field Operations / Meter Testing,Field Operations / Meter Testing,98.21,100-90% Very High,Correct
Premises found locked so meter could not be tested at site,Field Operations / Meter Testing,Field Operations / Meter Testing,99.9,100-90% Very High,Correct
Meter site premises found lockedso meter couldnt be tested at the time,Field Operations / Meter Testing,Field Operations / Meter Testing,98.46,100-90% Very High,Correct
premises found locked no response on given phone number so meter could not be tested at site,Field Operations / Meter Testing,Field Operations / Meter Testing,97.14,100-90% Very High,Correct
no response on call,Field Operations / Meter Testing,Back-Office / Administrative Operations,72.9,75-50% Medium,Wrong
time visit but premises found locked no response on call,Field Operations / Meter Testing,Field Operations / Meter Testing,96.18,100-90% Very High,Correct
time visit but premises found locked no response on call,Field Operations / Meter Testing,Field Operations / Meter Testing,96.18,100-90% Very High,Correct
Meter site premises found lockedso meter couldnt be tested,Field Operations / Meter Testing,Field Operations / Meter Testing,98.72,100-90% Very High,Correct
premises found locked,Field Operations / Meter Testing,Field Operations / Meter Testing,99.82,100-90% Very High,Correct
premises found locked no response on given phone number,Field Operations / Meter Testing,Field Operations / Meter Testing,97.01,100-90% Very High,Correct
premises found lockedso meter couldnt be tested,Field Operations / Meter Testing,Field Operations / Meter Testing,98.21,100-90% Very High,Correct
PREMISES FOUND LOCKED SO METER COULDNT BE TESTED AT THE TIME OF TESTING,Field Operations / Meter Testing,Field Operations / Meter Testing,99.24,100-90% Very High,Correct
time premises found locked no response on call,Field Operations / Meter Testing,Field Operations / Meter Testing,99.18,100-90% Very High,Correct
Insufficient Load found at site also no response on telecommunication also OP of meter is inside the premises which is found locked neighbour consumer told that meter is not in use,Field Operations / Meter Testing,Field Operations / Meter Testing,96.77,100-90% Very High,Correct
PREMISES FOUND LOCKED SO METER COULDNT BE TESTED AT THE TIME OF TESTING,Field Operations / Meter Testing,Field Operations / Meter Testing,99.24,100-90% Very High,Correct
Premises found locked times visit,Field Operations / Meter Testing,Field Operations / Meter Testing,97.76,100-90% Very High,Correct
premises found locked so meter couldnt be tested,Field Operations / Meter Testing,Field Operations / Meter Testing,99.55,100-90% Very High,Correct
promises found locked so Meter couldnt be tested,Field Operations / Meter Testing,Field Operations / Meter Testing,84.35,90-75% High,Correct
premises found locked so meter could not be tested,Field Operations / Meter Testing,Field Operations / Meter Testing,99.55,100-90% Very High,Correct
time visit but premises found locked,Field Operations / Meter Testing,Field Operations / Meter Testing,98.23,100-90% Very High,Correct
premises found locked so meter could not be tested at site,Field Operations / Meter Testing,Field Operations / Meter Testing,99.9,100-90% Very High,Correct
time visit but premises found locked no response on call,Field Operations / Meter Testing,Field Operations / Meter Testing,96.18,100-90% Very High,Correct
time visit but premises found locked no response on call,Field Operations / Meter Testing,Field Operations / Meter Testing,96.18,100-90% Very High,Correct
PREMISES FOUND LOCKED,Field Operations / Meter Testing,Field Operations / Meter Testing,99.82,100-90% Very High,Correct
premises found locked,Field Operations / Meter Testing,Field Operations / Meter Testing,99.82,100-90% Very High,Correct
Premises found locked so meter could not be test,Field Operations / Meter Testing,Field Operations / Meter Testing,99.46,100-90% Very High,Correct
PREMISES FOUND LOCKED SO METER COULDNT BE TESTED AT THE TIME OF TESTING,Field Operations / Meter Testing,Field Operations / Meter Testing,99.24,100-90% Very High,Correct
premises found locked Meter couldnt be tested,Field Operations / Meter Testing,Field Operations / Meter Testing,99.55,100-90% Very High,Correct
premises found locked meter couldnt be tested,Field Operations / Meter Testing,Field Operations / Meter Testing,99.55,100-90% Very High,Correct
premises found lockedso meter couldnt be tested,Field Operations / Meter Testing,Field Operations / Meter Testing,98.21,100-90% Very High,Correct
time visit but premises found locked,Field Operations / Meter Testing,Field Operations / Meter Testing,98.23,100-90% Very High,Correct
Meter site premises found lockedso meter couldnt be tested,Field Operations / Meter Testing,Field Operations / Meter Testing,98.72,100-90% Very High,Correct
Premises found locked times visit,Field Operations / Meter Testing,Field Operations / Meter Testing,97.76,100-90% Very High,Correct
premises found locked so meter could not be tested at site,Field Operations / Meter Testing,Field Operations / Meter Testing,99.9,100-90% Very High,Correct
Meter room found locked key not provided by security guard at the time of testing so meter could not be test,Field Operations / Meter Testing,Field Operations / Meter Testing,95.26,100-90% Very High,Correct
time visit but premises found locked no response on call,Field Operations / Meter Testing,Field Operations / Meter Testing,96.18,100-90% Very High,Correct
premises found lockedso meter couldnt be tested,Field Operations / Meter Testing,Field Operations / Meter Testing,98.21,100-90% Very High,Correct
primises Found permanent Locked in long time So Meter Could not be Tested,Field Operations / Meter Testing,Field Operations / Meter Testing,87.1,90-75% High,Correct
time visit but premises found locked no response on call,Field Operations / Meter Testing,Field Operations / Meter Testing,96.18,100-90% Very High,Correct
premises found lockedso meter couldnt be tested,Field Operations / Meter Testing,Field Operations / Meter Testing,98.21,100-90% Very High,Correct
Meter site premises found lockedso meter couldnt be tested,Field Operations / Meter Testing,Field Operations / Meter Testing,98.72,100-90% Very High,Correct
NO PERSON AT SITE NO RESPONSE ON GIVEN PHONE NUMBER SO METER COULD NOT BE TESTED AT THE TIME OF TESTING,Field Operations / Meter Testing,Back-Office / Administrative Operations,92.32,100-90% Very High,Wrong
Premises found locked so meter could not be tested,Field Operations / Meter Testing,Field Operations / Meter Testing,99.55,100-90% Very High,Correct
premises found locked so meter could not be tested,Field Operations / Meter Testing,Field Operations / Meter Testing,99.55,100-90% Very High,Correct
premises found locked,Field Operations / Meter Testing,Field Operations / Meter Testing,99.82,100-90% Very High,Correct
premises found locked no response on call,Field Operations / Meter Testing,Field Operations / Meter Testing,99.34,100-90% Very High,Correct
time visit but premises found locked,Field Operations / Meter Testing,Field Operations / Meter Testing,98.23,100-90% Very High,Correct
premises found locked no response on given phone number so meter could not be tested at site,Field Operations / Meter Testing,Field Operations / Meter Testing,97.14,100-90% Very High,Correct
PREMISES FOUND LOCKED SO METER COULDNT BE TESTED AT THE TIME OF TESTING,Field Operations / Meter Testing,Field Operations / Meter Testing,99.24,100-90% Very High,Correct
PREMISES FOUND LOCKED SO METER COULDNT BE TESTED AT THE TIME OF TESTING,Field Operations / Meter Testing,Field Operations / Meter Testing,99.24,100-90% Very High,Correct
time visit but premises found locked,Field Operations / Meter Testing,Field Operations / Meter Testing,98.23,100-90% Very High,Correct
meter couldnt be tested because premises found locked,Field Operations / Meter Testing,Field Operations / Meter Testing,99.55,100-90% Very High,Correct
PREMISES FOUND LOCKED SO METER COULDNT BE TESTED AT THE TIME OF TESTING,Field Operations / Meter Testing,Field Operations / Meter Testing,99.24,100-90% Very High,Correct
premises found locked two times visit,Field Operations / Meter Testing,Field Operations / Meter Testing,97.76,100-90% Very High,Correct
time visit but premises found locked no response on call,Field Operations / Meter Testing,Field Operations / Meter Testing,96.18,100-90% Very High,Correct
time visit but premises found locked no response on call,Field Operations / Meter Testing,Field Operations / Meter Testing,96.18,100-90% Very High,Correct
time visit but premises found locked,Field Operations / Meter Testing,Field Operations / Meter Testing,98.23,100-90% Very High,Correct
premises found locked,Field Operations / Meter Testing,Field Operations / Meter Testing,99.82,100-90% Very High,Correct
PREMISES FOUND LOCKED SO METER COULDNT BE TESTED AT THE TIME OF TESTING,Field Operations / Meter Testing,Field Operations / Meter Testing,99.24,100-90% Very High,Correct
time visit but premises found locked,Field Operations / Meter Testing,Field Operations / Meter Testing,98.23,100-90% Very High,Correct
premises found locked no response on given phone number so meter could not be tested at site,Field Operations / Meter Testing,Field Operations / Meter Testing,97.14,100-90% Very High,Correct
premises found locked,Field Operations / Meter Testing,Field Operations / Meter Testing,99.82,100-90% Very High,Correct
Premises is found Sealed by MCD and meter is installed inside the premises therefore same meter couldnt be tested photographs has been attached,Field Operations / Meter Testing,Field Operations / Meter Testing,97.61,100-90% Very High,Correct
Meter terminal Seal And box Seal missing So Meter is Suspected Refer to CEG For further Analysis,CEG / Enforcement / Vigilance Team,CEG / Enforcement / Vigilance Team,99.91,100-90% Very High,Correct
No Seals found on meter terminals and Meter box as well as no terminal cover found on meter therefore same is been Reffered to CEG for further analysis also no contact could be done on provided num,CEG / Enforcement / Vigilance Team,CEG / Enforcement / Vigilance Team,94.75,100-90% Very High,Correct
Meter box seals are not found and meter calibration pulse are not blinking on load so meter suspected refer to enforcement,CEG / Enforcement / Vigilance Team,CEG / Enforcement / Vigilance Team,98.78,100-90% Very High,Correct
No seals found on meter box and meter terminal so this case is referred to CEG for further examination or analysis,CEG / Enforcement / Vigilance Team,CEG / Enforcement / Vigilance Team,99.5,100-90% Very High,Correct
Meter Terminal Meter box both seals are not found so Meter could not be tested Refer to CEG,CEG / Enforcement / Vigilance Team,CEG / Enforcement / Vigilance Team,98.08,100-90% Very High,Correct
Side unsafe for meter testing due to meter hanging alongwith incoming service line and seals missing on meter box Discuss with consumer Vipen Singh phone no,CEG / Enforcement / Vigilance Team,CEG / Enforcement / Vigilance Team,83.96,90-75% High,Correct
No meter Box front cover found also no terminal seal found on meter therefore same has been reffered to CEG for further analysis,CEG / Enforcement / Vigilance Team,CEG / Enforcement / Vigilance Team,99.24,100-90% Very High,Correct
No seals found on meter box alongwith Meter box found damage at the time of testing so meter could not be test discuss with consumer on said phone and Anand Kumar Gard,CEG / Enforcement / Vigilance Team,CEG / Enforcement / Vigilance Team,88.29,90-75% High,Correct
Seals missing found on meter box at the time of testing so meter could not be test discuss with consumer sh Ali,CEG / Enforcement / Vigilance Team,CEG / Enforcement / Vigilance Team,95.98,100-90% Very High,Correct
No person at side and no response on said phone at the time of testing so meter could not be test,Back-Office / Administrative Operations,Back-Office / Administrative Operations,99.21,100-90% Very High,Correct
Meter terminal Seal And box Seal missing So Meter is Suspected Refer to CEG For further Analysis,CEG / Enforcement / Vigilance Team,CEG / Enforcement / Vigilance Team,99.91,100-90% Very High,Correct
Meter terminal Seal And box Seal missing So Meter is Suspected Refer to CEG For further Analysis,CEG / Enforcement / Vigilance Team,CEG / Enforcement / Vigilance Team,99.91,100-90% Very High,Correct
Meter Terminal And Meter Box Seals Are Not Found So Meter Suspected Refer To Enforcement,CEG / Enforcement / Vigilance Team,CEG / Enforcement / Vigilance Team,99.48,100-90% Very High,Correct
No seals found on meter box and meter terminal so this case is referred to CEG for further examination or analysis,CEG / Enforcement / Vigilance Team,CEG / Enforcement / Vigilance Team,99.5,100-90% Very High,Correct
seal missing on meter box and terminal,CEG / Enforcement / Vigilance Team,CEG / Enforcement / Vigilance Team,97.68,100-90% Very High,Correct
Meter terminal Seal And box Seal missing So Meter is Suspected Refer to CEG For further Analysis,CEG / Enforcement / Vigilance Team,CEG / Enforcement / Vigilance Team,99.91,100-90% Very High,Correct
Seals missing found on meter box at the time of testing so meter could not be test discuss with consumer sh Satyavan phone no,CEG / Enforcement / Vigilance Team,CEG / Enforcement / Vigilance Team,95.94,100-90% Very High,Correct
Meter terminal Seal And box Seal missing So Meter is Suspected Refer to CEG For further Analysis,CEG / Enforcement / Vigilance Team,CEG / Enforcement / Vigilance Team,99.91,100-90% Very High,Correct
seal missing on meter box terminal so refer to ceg,CEG / Enforcement / Vigilance Team,CEG / Enforcement / Vigilance Team,99.67,100-90% Very High,Correct
Meter terminal Seal And box Seal missing So Meter is Suspected Refer to CEG For further Analysis,CEG / Enforcement / Vigilance Team,CEG / Enforcement / Vigilance Team,99.91,100-90% Very High,Correct
Zero instantaneous current found on meter display for RPhase and BPhase as well as from the juice wire of the HTCT unit Verified from Reference Meter other instantaneous current and voltage parameters found OK on further inspection at HT and LT side of Consumer normal Load is runningAt the time of inspection Instantaneous current at HT Side Consumer HT Panel is as follows RA YA BA Instantaneous Current at LT side Consumer Main Incomer Cabel is as follows RA Y,CEG / Enforcement / Vigilance Team,CEG / Enforcement / Vigilance Team,85.86,90-75% High,Correct
Meter Terminal And Meter Box Seals Are Not Found So Meter Suspected Refer To Enforcement,CEG / Enforcement / Vigilance Team,CEG / Enforcement / Vigilance Team,99.48,100-90% Very High,Correct
Meter Terminal And Meter Box Seals Are Not Found So Meter Suspected Refer To Enforcement,CEG / Enforcement / Vigilance Team,CEG / Enforcement / Vigilance Team,99.48,100-90% Very High,Correct
Meter terminal Seal And box Seal missing So Meter is Suspected Refer to CEG For further Analysis,CEG / Enforcement / Vigilance Team,CEG / Enforcement / Vigilance Team,99.91,100-90% Very High,Correct
seal missing on meter box terminal suspected meter input terminals so refer to ceg,CEG / Enforcement / Vigilance Team,CEG / Enforcement / Vigilance Team,99.33,100-90% Very High,Correct
Meter Terminal And Meter Box Seals Are Not Found So Meter Suspected Refer To Enforcement,CEG / Enforcement / Vigilance Team,CEG / Enforcement / Vigilance Team,99.48,100-90% Very High,Correct
Seals missing on meter box at the time of testing so meter could not be test discuss with consumer sh Sarwan Kumar phone no,CEG / Enforcement / Vigilance Team,CEG / Enforcement / Vigilance Team,95.45,100-90% Very High,Correct
seal missing on meter box and terminal,CEG / Enforcement / Vigilance Team,CEG / Enforcement / Vigilance Team,97.68,100-90% Very High,Correct
Seals missing on meter box and traminal,CEG / Enforcement / Vigilance Team,CEG / Enforcement / Vigilance Team,96.93,100-90% Very High,Correct
seal missing on meter box terminal so refer to ceg,CEG / Enforcement / Vigilance Team,CEG / Enforcement / Vigilance Team,99.67,100-90% Very High,Correct
seal missing on meter box and terminal,CEG / Enforcement / Vigilance Team,CEG / Enforcement / Vigilance Team,97.68,100-90% Very High,Correct
Meter box and meter terminal seal not found so meter suspected refer to CEG,CEG / Enforcement / Vigilance Team,CEG / Enforcement / Vigilance Team,99.74,100-90% Very High,Correct
seal meaning on meter box terminal so meter suspected refer to ceg,CEG / Enforcement / Vigilance Team,CEG / Enforcement / Vigilance Team,98.96,100-90% Very High,Correct
Meter terminal Seal And box Seal missing So Meter is Suspected Refer to CEG For further Analysis,CEG / Enforcement / Vigilance Team,CEG / Enforcement / Vigilance Team,99.91,100-90% Very High,Correct
meter box broken meter terminal seal not found so meter suspected refer to CEG for further analysis,CEG / Enforcement / Vigilance Team,CEG / Enforcement / Vigilance Team,99.66,100-90% Very High,Correct
Meter Terminal And Meter Box Seals Are Not Found So Meter Suspected Refer To Enforcement,CEG / Enforcement / Vigilance Team,CEG / Enforcement / Vigilance Team,99.48,100-90% Very High,Correct
Meter Terminal Meter box both seals are not found so Meter could not be tested Refer to CEG,CEG / Enforcement / Vigilance Team,CEG / Enforcement / Vigilance Team,98.08,100-90% Very High,Correct
seal missing on meter box and terminal zonal paper seal damage,CEG / Enforcement / Vigilance Team,CEG / Enforcement / Vigilance Team,93.55,100-90% Very High,Correct
Meter terminal Seal And box Seal missing So Meter is Suspected Refer to CEG For further Analysis,CEG / Enforcement / Vigilance Team,CEG / Enforcement / Vigilance Team,99.91,100-90% Very High,Correct
seal missing on meter box terminal so meter sucpected refer to ceg,CEG / Enforcement / Vigilance Team,CEG / Enforcement / Vigilance Team,98.89,100-90% Very High,Correct
Meter Terminal Seal and box Seal Missing So Meter is Suspected Refer to CEG For Futher Analysis At the time of testing,CEG / Enforcement / Vigilance Team,CEG / Enforcement / Vigilance Team,99.77,100-90% Very High,Correct
meter box meter terminal seal not found so meter suspected refer to CEG for further analysis,CEG / Enforcement / Vigilance Team,CEG / Enforcement / Vigilance Team,99.89,100-90% Very High,Correct
Meter terminal Seal And box Seal missing So Meter is Suspected Refer to CEG For further Analysis,CEG / Enforcement / Vigilance Team,CEG / Enforcement / Vigilance Team,99.91,100-90% Very High,Correct
Meter terminal Seal And box Seal missing So Meter is Suspected Refer to CEG For further Analysis,CEG / Enforcement / Vigilance Team,CEG / Enforcement / Vigilance Team,99.91,100-90% Very High,Correct
Meter terminal Seal And box Seal missing So Meter is Suspected Refer to CEG For further AnalysisMeter seal tempered,CEG / Enforcement / Vigilance Team,CEG / Enforcement / Vigilance Team,98.43,100-90% Very High,Correct
Meter Terminal Seal and box Seal Missing So Meter is Suspected Refer to CEG For Futher Analysis At the time of testing,CEG / Enforcement / Vigilance Team,CEG / Enforcement / Vigilance Team,99.77,100-90% Very High,Correct
Meter Terminal And Meter Box Seals Are Not Found So Meter Suspected Refer To Enforcement,CEG / Enforcement / Vigilance Team,CEG / Enforcement / Vigilance Team,99.48,100-90% Very High,Correct
Seal missing Meter box and Meter Terminal seal found missing also Suspect found on Incoming Service Cable hence meter Is suspected therefore same has been reffered to CEG for Further analysis,CEG / Enforcement / Vigilance Team,CEG / Enforcement / Vigilance Team,99.23,100-90% Very High,Correct
as per site visit seal missing on meter box and terminal consumer mobile no not reachable,CEG / Enforcement / Vigilance Team,CEG / Enforcement / Vigilance Team,92.16,100-90% Very High,Correct
seals missing on meter box terminal so refer to ceg,CEG / Enforcement / Vigilance Team,CEG / Enforcement / Vigilance Team,99.88,100-90% Very High,Correct
seal missing on meter box terminal meter terminal cover not install so refer to ceg,CEG / Enforcement / Vigilance Team,CEG / Enforcement / Vigilance Team,98.8,100-90% Very High,Correct
Seals found missing meter terminal and meter Box at the time of testing so meter suspected refered to enforcement inspection discuss smt Mamta phone no,CEG / Enforcement / Vigilance Team,CEG / Enforcement / Vigilance Team,98.96,100-90% Very High,Correct
SEAL MISSING ON METER BOX AND TERMINAL,CEG / Enforcement / Vigilance Team,CEG / Enforcement / Vigilance Team,97.68,100-90% Very High,Correct
Meter Terminal And Meter Box Seals Are Not Found So Meter Suspected Refer To Enforcement,CEG / Enforcement / Vigilance Team,CEG / Enforcement / Vigilance Team,99.48,100-90% Very High,Correct
Meter Terminal And Meter Box Seals Are Not Found So Meter Suspected Refer To Enforcement,CEG / Enforcement / Vigilance Team,CEG / Enforcement / Vigilance Team,99.48,100-90% Very High,Correct
Meter box and terminal seal not found so meter suspected refer to CEG,CEG / Enforcement / Vigilance Team,CEG / Enforcement / Vigilance Team,99.8,100-90% Very High,Correct
Meter terminal Seal And box Seal missing So Meter is Suspected Refer to CEG For further Analysis,CEG / Enforcement / Vigilance Team,CEG / Enforcement / Vigilance Team,99.91,100-90% Very High,Correct
Meter terminal Seal And box Seal missing So Meter is Suspected Refer to CEG For further Analysis,CEG / Enforcement / Vigilance Team,CEG / Enforcement / Vigilance Team,99.91,100-90% Very High,Correct
Meter terminal Seal And box Seal missing So Meter is Suspected Refer to CEG For further Analysis,CEG / Enforcement / Vigilance Team,CEG / Enforcement / Vigilance Team,99.91,100-90% Very High,Correct
Meter terminal Seal And box Seal missing So Meter is Suspected Refer to CEG For further Analysis,CEG / Enforcement / Vigilance Team,CEG / Enforcement / Vigilance Team,99.91,100-90% Very High,Correct
seal missing on meter box and terminal,CEG / Enforcement / Vigilance Team,CEG / Enforcement / Vigilance Team,97.68,100-90% Very High,Correct
seals missing on meter so this case is referred to CEG for further examination or analysis,CEG / Enforcement / Vigilance Team,CEG / Enforcement / Vigilance Team,99.35,100-90% Very High,Correct
Meter Terminal Seal and outer Box seal found missing also no terminal cover found on meter hence theft os suspected therefore same has been referred to CEG for further analysis,CEG / Enforcement / Vigilance Team,CEG / Enforcement / Vigilance Team,99.29,100-90% Very High,Correct
Meter terminal Seal And box Seal missing So Meter is Suspected Refer to CEG For further Analysis,CEG / Enforcement / Vigilance Team,CEG / Enforcement / Vigilance Team,99.91,100-90% Very High,Correct
Meter found burant and terminal seal not found at the time of testing so meter suspected refer to CEG,CEG / Enforcement / Vigilance Team,CEG / Enforcement / Vigilance Team,98.03,100-90% Very High,Correct
Meter terminal Seal And box Seal missing So Meter is Suspected Refer to CEG For further Analysis,CEG / Enforcement / Vigilance Team,CEG / Enforcement / Vigilance Team,99.91,100-90% Very High,Correct
seal missing on meter box terminal so meter suspected refer to ceg,CEG / Enforcement / Vigilance Team,CEG / Enforcement / Vigilance Team,99.93,100-90% Very High,Correct
Meter terminal Seal And Box Seal Missing So Meter is Suspected Refer to CEG Department For Futher Analysis,CEG / Enforcement / Vigilance Team,CEG / Enforcement / Vigilance Team,99.5,100-90% Very High,Correct
Seal Missing on meter Terminal and Meter Box hence meter is suspected therefore same is been reffered to CEG for further analysis,CEG / Enforcement / Vigilance Team,CEG / Enforcement / Vigilance Team,99.94,100-90% Very High,Correct
Meter Terminal and Meter Box Seal found Missing also Terminal Cover not found hence meter is suspected and Therefore same is been reffered to CEG for further analysis,CEG / Enforcement / Vigilance Team,CEG / Enforcement / Vigilance Team,99.9,100-90% Very High,Correct
seal missing on meter box and terminal so meter is suspected refer to CEG,CEG / Enforcement / Vigilance Team,CEG / Enforcement / Vigilance Team,99.93,100-90% Very High,Correct
Meter terminal Seal And box Seal missing So Meter is Suspected Refer to CEG For further Analysis,CEG / Enforcement / Vigilance Team,CEG / Enforcement / Vigilance Team,99.91,100-90% Very High,Correct
Meter terminal Seal And box Seal missing So Meter is Suspected Refer to CEG For further Analysis,CEG / Enforcement / Vigilance Team,CEG / Enforcement / Vigilance Team,99.91,100-90% Very High,Correct
seal missing on meter box and terminal,CEG / Enforcement / Vigilance Team,CEG / Enforcement / Vigilance Team,97.68,100-90% Very High,Correct
seal missing on meter box terminal so meter suspected refer to ceg,CEG / Enforcement / Vigilance Team,CEG / Enforcement / Vigilance Team,99.93,100-90% Very High,Correct
Site Visited For Meter Testing meter Cubicle found at site Meter is found suspected slow as at consumer side Balance Load is running on LT Side but in HT side current is showing abnomal hence same has beem reffered to CEG for further analysis,CEG / Enforcement / Vigilance Team,CEG / Enforcement / Vigilance Team,92.17,100-90% Very High,Correct
Meter Terminal And Meter Box Seals Are Not Found So Meter Suspected Refer To Enforcement,CEG / Enforcement / Vigilance Team,CEG / Enforcement / Vigilance Team,99.48,100-90% Very High,Correct
Meter box seals are not found so meter suspected refer to enforcement,CEG / Enforcement / Vigilance Team,CEG / Enforcement / Vigilance Team,99.21,100-90% Very High,Correct
Meter terminal seal Box seal not found hence meter is suspected therefore same has been reffered to CEG for further analysis,CEG / Enforcement / Vigilance Team,CEG / Enforcement / Vigilance Team,99.73,100-90% Very High,Correct
Meter terminal Seal And box Seal missing So Meter is Suspected Refer to CEG For further Analysis,CEG / Enforcement / Vigilance Team,CEG / Enforcement / Vigilance Team,99.91,100-90% Very High,Correct
seal missing on meter box and terminal,CEG / Enforcement / Vigilance Team,CEG / Enforcement / Vigilance Team,97.68,100-90% Very High,Correct
Seals missing from meter box at the time of testing so meter could not be test discuss with consumer sh Satish Bhardwaj,CEG / Enforcement / Vigilance Team,CEG / Enforcement / Vigilance Team,96.03,100-90% Very High,Correct
seal missing on meter box terminal so meter suspected refer to ceg,CEG / Enforcement / Vigilance Team,CEG / Enforcement / Vigilance Team,99.93,100-90% Very High,Correct
Seals missing from meter box at the time of testing so meter could not be test discuss with consumer sh Rajat,CEG / Enforcement / Vigilance Team,CEG / Enforcement / Vigilance Team,92.17,100-90% Very High,Correct
seal missing on meter box and terminal,CEG / Enforcement / Vigilance Team,CEG / Enforcement / Vigilance Team,97.68,100-90% Very High,Correct
Seals missing from meter box and meter box damage incoming side at the time of testing so meter suspected referred to enforcement,CEG / Enforcement / Vigilance Team,CEG / Enforcement / Vigilance Team,99.38,100-90% Very High,Correct
No seals found on meter box and meter terminal so this case is referred to CEG for further examination or analysis,CEG / Enforcement / Vigilance Team,CEG / Enforcement / Vigilance Team,99.5,100-90% Very High,Correct
seal missing on meter box terminal so meter suspected refer to ceg,CEG / Enforcement / Vigilance Team,CEG / Enforcement / Vigilance Team,99.93,100-90% Very High,Correct
Meter Terminal And Meter Box Seals Are Not Found So Meter Suspected Refer To Enforcement,CEG / Enforcement / Vigilance Team,CEG / Enforcement / Vigilance Team,99.48,100-90% Very High,Correct
Seals missing from meter box and terminal at the time of testing so meter could not be test discuss with consumer Smt Sunita,CEG / Enforcement / Vigilance Team,CEG / Enforcement / Vigilance Team,95.93,100-90% Very High,Correct
No person at side at and no response on said phone at the time of testing so meter could not be test,Back-Office / Administrative Operations,Back-Office / Administrative Operations,99.21,100-90% Very High,Correct
Meter Display not found also Meter found burnt at R and Y Phase Side inside meter body also Blackish marks observed inside the meter body therefore this meter is defective amd replacement required for the same,Meter Replacement / Installation Team,Meter Replacement / Installation Team,95.53,100-90% Very High,Correct
No display at the time of testing so meter need replacement required discuss with back office TL,Meter Replacement / Installation Team,Meter Replacement / Installation Team,97.25,100-90% Very High,Correct
metering pulse abnormally blinking so meter to be replaced,Meter Replacement / Installation Team,Meter Replacement / Installation Team,97.37,100-90% Very High,Correct
Meter display segment not proper at the time of testing so meter need replacement required,Meter Replacement / Installation Team,Meter Replacement / Installation Team,99.95,100-90% Very High,Correct
Meter ELT ON An External Load So Meter Defective Needs to be replacement At the time of testing,Meter Replacement / Installation Team,Meter Replacement / Installation Team,99.49,100-90% Very High,Correct
Meter RTC fail at the time of the testingso meter is defective meter needs to replace,Meter Replacement / Installation Team,Meter Replacement / Installation Team,99.8,100-90% Very High,Correct
FIGURE UPSET SO METER REPLACEMENT REQUIRED AT SITE,Meter Replacement / Installation Team,Meter Replacement / Installation Team,98.4,100-90% Very High,Correct
FIGURE UPSET SO METET REPLACEMENT REQUIRED AT SITE,Meter Replacement / Installation Team,Meter Replacement / Installation Team,98.24,100-90% Very High,Correct
Seven Segment display found defective therefore same needs to be replace under defective category Photograph has been attached for reference,Meter Replacement / Installation Team,Meter Replacement / Installation Team,98.73,100-90% Very High,Correct
Meter RTC fail as the time of the testingso meter is defective meter needs to replace,Meter Replacement / Installation Team,Meter Replacement / Installation Team,99.8,100-90% Very High,Correct
Meter ELT on at same current at the time of testing so meter defective need to replacement,Meter Replacement / Installation Team,Meter Replacement / Installation Team,99.99,100-90% Very High,Correct
meter display showing Low battery so meter to replaced,Meter Replacement / Installation Team,Meter Replacement / Installation Team,97.49,100-90% Very High,Correct
Seven Segment display found defective therefore same needs to be replace under defective category Photograph has been attached for reference,Meter Replacement / Installation Team,Meter Replacement / Installation Team,98.73,100-90% Very High,Correct
Meter RTC failed at the time of testing so meter need to be change,Meter Replacement / Installation Team,Meter Replacement / Installation Team,98.09,100-90% Very High,Correct
Meter display Segment is found defective so Meter is Defective needs to be replacement,Meter Replacement / Installation Team,Meter Replacement / Installation Team,99.98,100-90% Very High,Correct
Meter display segment defective at the time of testing so meter need replacement required,Meter Replacement / Installation Team,Meter Replacement / Installation Team,100.0,100-90% Very High,Correct
Meter display segment defective at the time of testing so meter need replacement required,Meter Replacement / Installation Team,Meter Replacement / Installation Team,100.0,100-90% Very High,Correct
Meter is Physically damaged Meter body is found cracked just upper of Meter terminal PW meter found at site therefore same need to be replaced Meter is been sealed at meter terminal and Meter chamber Box and photographs has been atached,Meter Replacement / Installation Team,Meter Replacement / Installation Team,97.76,100-90% Very High,Correct
Meter Body Found Physically damaged Meter Terminal and Its body fallen down during seal removal process for meter testing subsequently while attaching the terminal cover upper body also fallen down hence meter is physically damage and couldnt be tested and same needs replacement for further action Photographs has been attached removed Seal has been mentioned and Only Meter Chamber box seal is been installed on site,Meter Replacement / Installation Team,Meter Replacement / Installation Team,97.3,100-90% Very High,Correct
meter display sagment defective so meter defective meter need to replacment,Meter Replacement / Installation Team,Meter Replacement / Installation Team,99.73,100-90% Very High,Correct
Seven Segment display found defective therefore same needs to be replace under defective category Photograph has been attached for reference,Meter Replacement / Installation Team,Meter Replacement / Installation Team,98.73,100-90% Very High,Correct
Meter RTC fail as the time of the testingso meter is defective meter needs to replace,Meter Replacement / Installation Team,Meter Replacement / Installation Team,99.8,100-90% Very High,Correct
meter RTC failed at the time of testing so meter need to be change,Meter Replacement / Installation Team,Meter Replacement / Installation Team,98.09,100-90% Very High,Correct
Meter RTC fail as the time of the testingso meter is defective meter needs to replace,Meter Replacement / Installation Team,Meter Replacement / Installation Team,99.8,100-90% Very High,Correct
Meter RTC failed at the time of testing so meter need to be change,Meter Replacement / Installation Team,Meter Replacement / Installation Team,98.09,100-90% Very High,Correct
Meter RTC failed at the time of testing so meter need to be change,Meter Replacement / Installation Team,Meter Replacement / Installation Team,98.09,100-90% Very High,Correct
Meter RTC fail as the time of the testingso meter is defective meter needs to replace,Meter Replacement / Installation Team,Meter Replacement / Installation Team,99.8,100-90% Very High,Correct
Meter RTC Failed at the time of testing so meter need to be changed,Meter Replacement / Installation Team,Meter Replacement / Installation Team,98.32,100-90% Very High,Correct
Meter RTC Failed at the time of testing so meter need to be changed,Meter Replacement / Installation Team,Meter Replacement / Installation Team,98.32,100-90% Very High,Correct
Meter RTC fail at the time of the testingso meter is defective meter needs to replace,Meter Replacement / Installation Team,Meter Replacement / Installation Team,99.8,100-90% Very High,Correct
Meter RTC failed at the time of testing so meter need to be change,Meter Replacement / Installation Team,Meter Replacement / Installation Team,98.09,100-90% Very High,Correct
RTC found fail hence the meter is defective therefore meter replacement required,Meter Replacement / Installation Team,Meter Replacement / Installation Team,100.0,100-90% Very High,Correct
Meter RTC fail at the time of the testingso meter is defective meter needs to replace,Meter Replacement / Installation Team,Meter Replacement / Installation Team,99.8,100-90% Very High,Correct
Meter RTC Failed at the time of testing so meter need to be changed,Meter Replacement / Installation Team,Meter Replacement / Installation Team,98.32,100-90% Very High,Correct
Meter RTC fail at the time of the testingso meter is defective meter needs to replace,Meter Replacement / Installation Team,Meter Replacement / Installation Team,99.8,100-90% Very High,Correct
one phase voltage is very low so this case is referred to zone for rectification work,Network / Zone Maintenance Team,Network / Zone Maintenance Team,95.66,100-90% Very High,Correct
Meter RTC failed at the time of testing so meter need to be change,Meter Replacement / Installation Team,Meter Replacement / Installation Team,98.09,100-90% Very High,Correct
ELT SHOWING IN EXTERNAL LOAD SO METER REPLACEMENT REQUIRED AT SITE,Meter Replacement / Installation Team,Meter Replacement / Installation Team,99.52,100-90% Very High,Correct
meter reading forward jump so meter replacement required AT site,Meter Replacement / Installation Team,Meter Replacement / Installation Team,98.21,100-90% Very High,Correct
ABNORMAL PULSE BLINKING IN METER SO METER REPLACEMENT REQUIRED AT SITE,Meter Replacement / Installation Team,Meter Replacement / Installation Team,99.61,100-90% Very High,Correct
Seven Segment display found faulty seven segment is partially absent meter is defective and replacement required for the same,Meter Replacement / Installation Team,Meter Replacement / Installation Team,97.62,100-90% Very High,Correct
Meter display segment defective at the time of testing so meter need replacement required,Meter Replacement / Installation Team,Meter Replacement / Installation Team,100.0,100-90% Very High,Correct
MDI CORRUPT METER NOT RECORDING PROPER MDI AS PER CONNECTED LOAD SO METER REPLACEMENT REQUIRED AT SITE,Meter Replacement / Installation Team,Meter Replacement / Installation Team,99.24,100-90% Very High,Correct
Meter display Segment is found defective so Meter is Defective needs to be replacement,Meter Replacement / Installation Team,Meter Replacement / Installation Team,99.98,100-90% Very High,Correct
Seven Segment display found defective therefore same needs to be replace under defective category Photograph has been attached for reference,Meter Replacement / Installation Team,Meter Replacement / Installation Team,98.73,100-90% Very High,Correct
Meter RTC found failed hence same needs to be replaced under defective category Contacted Person Yasmin,Meter Replacement / Installation Team,Meter Replacement / Installation Team,98.16,100-90% Very High,Correct
Instantaneous Values of Neutral and Phase current is Mismatching as compare with Reference Meter photographs has been attached for reference therefore same is defective and replacement required for the same Contacted Person Suraj Bhan,Meter Replacement / Installation Team,Meter Replacement / Installation Team,97.53,100-90% Very High,Correct
Meter RTC fail as the time of the testingso meter is defective meter needs to replace,Meter Replacement / Installation Team,Meter Replacement / Installation Team,99.8,100-90% Very High,Correct
Meter RTC fail at the time of the testingso meter is defective meter needs to replace,Meter Replacement / Installation Team,Meter Replacement / Installation Team,99.8,100-90% Very High,Correct
Meter RTC fail at the time of the testingso meter is defective meter needs to replace,Meter Replacement / Installation Team,Meter Replacement / Installation Team,99.8,100-90% Very High,Correct
meter display segment is defective at the time of testing so meter needs to replacement required,Meter Replacement / Installation Team,Meter Replacement / Installation Team,99.98,100-90% Very High,Correct
Meter RTC Failed at the time of testing so meter need to be changed,Meter Replacement / Installation Team,Meter Replacement / Installation Team,98.32,100-90% Very High,Correct
Meter RTC failed at the time of testing so meter need to be change,Meter Replacement / Installation Team,Meter Replacement / Installation Team,98.09,100-90% Very High,Correct
Meter RTC fail at the time of the testingso meter is defective meter needs to replace,Meter Replacement / Installation Team,Meter Replacement / Installation Team,99.8,100-90% Very High,Correct
Instantaneous Values of Neutral and Phase current is Mismatching as compare with Reference Meter photographs has been attached for reference therefore same is defective and replacement required for the same Contacted PersonSatish Kumar,Meter Replacement / Installation Team,Meter Replacement / Installation Team,97.19,100-90% Very High,Correct
meter terminal burnt so meter replacement required at site,Meter Replacement / Installation Team,Meter Replacement / Installation Team,99.73,100-90% Very High,Correct
RTC found fail therefore meter needs to be replace under defective category,Meter Replacement / Installation Team,Meter Replacement / Installation Team,99.81,100-90% Very High,Correct
Meter calibration pulse is blinking abnormal at the time of testing So Meter is Defective need to be Replacement,Meter Replacement / Installation Team,Meter Replacement / Installation Team,99.92,100-90% Very High,Correct
Instantaneous Values of Neutral and Phase current is Mismatching as compare with Reference Meter photographs has been attached for reference therefore same is defective and replacement required for the same Also RTC found Defective and EL LED glowing even on External load KW Contacted Person Muskan,Meter Replacement / Installation Team,Meter Replacement / Installation Team,98.99,100-90% Very High,Correct
Instantaneous Values of Neutral and Phase current is Mismatching as compare with Reference Meter photographs has been attached for reference therefore same is defective and replacement required for the same Contacted Person Shiv Ashish Pandey,Meter Replacement / Installation Team,Meter Replacement / Installation Team,96.32,100-90% Very High,Correct
meter RTC failed at the time of testing so meter need to be change,Meter Replacement / Installation Team,Meter Replacement / Installation Team,98.09,100-90% Very High,Correct
MDI CORRUPT METER NOT RECORDING PROPER MDI AS PER CONNECTED LOAD SO METER REPLACEMENT REQUIRED AT SITE,Meter Replacement / Installation Team,Meter Replacement / Installation Team,99.24,100-90% Very High,Correct
Meter RTC Failed so meter defective need to replacement,Meter Replacement / Installation Team,Meter Replacement / Installation Team,99.99,100-90% Very High,Correct
Meter RTC failed at the time of testing so meter need to be change,Meter Replacement / Installation Team,Meter Replacement / Installation Team,98.09,100-90% Very High,Correct
Meter RTC fail at the time of the testingso meter is defective meter needs to replace,Meter Replacement / Installation Team,Meter Replacement / Installation Team,99.8,100-90% Very High,Correct
Meter display segment found defective so meter need to be change,Meter Replacement / Installation Team,Meter Replacement / Installation Team,99.84,100-90% Very High,Correct
meter RTC failed at the time of testing so meter need to be changed,Meter Replacement / Installation Team,Meter Replacement / Installation Team,98.32,100-90% Very High,Correct
Meter RTC fail at the time of the testingso meter is defective meter needs to replace,Meter Replacement / Installation Team,Meter Replacement / Installation Team,99.8,100-90% Very High,Correct
Meter RTC Failed at the time of testing so meter need to be changed,Meter Replacement / Installation Team,Meter Replacement / Installation Team,98.32,100-90% Very High,Correct
Meter calibration pulse abnormal blinking at the time of testing so meter needs to replacement required,Meter Replacement / Installation Team,Meter Replacement / Installation Team,99.48,100-90% Very High,Correct
Instantaneous Values of Neutral and Phase current is Mismatching as compare with Reference Meter photographs has been attached for reference therefore same is defective and replacement required for the same,Meter Replacement / Installation Team,Meter Replacement / Installation Team,98.18,100-90% Very High,Correct
Meter RTC Fail at the time of testing So meter needs to replacement required,Meter Replacement / Installation Team,Meter Replacement / Installation Team,99.96,100-90% Very High,Correct
The Meter Display is found defective display is found struck therefore the meter needs to be replaced under the defective category,Meter Replacement / Installation Team,Meter Replacement / Installation Team,99.7,100-90% Very High,Correct
Instantaneous Values of Neutral and Phase current is Mismatching as compare with Reference Meter photographs has been attached for reference therefore same is defective and replacement required for the same also RTC found fail Contacted Person Seema,Meter Replacement / Installation Team,Meter Replacement / Installation Team,98.41,100-90% Very High,Correct
Meter EL and REV Led found glowing even on external load therefore meter is defective and replacement required for the same,Meter Replacement / Installation Team,Meter Replacement / Installation Team,98.28,100-90% Very High,Correct
meter RTC failed at the time of testing so meter need to be changed,Meter Replacement / Installation Team,Meter Replacement / Installation Team,98.32,100-90% Very High,Correct
RTC is corrupt hence Meter replacement is required,Meter Replacement / Installation Team,Meter Replacement / Installation Team,98.91,100-90% Very High,Correct
Meter RTC fail as the time of the testingso meter is defective meter needs to replace,Meter Replacement / Installation Team,Meter Replacement / Installation Team,99.8,100-90% Very High,Correct
Meter RTC failed at the time of testing so meter need to be change,Meter Replacement / Installation Team,Meter Replacement / Installation Team,98.09,100-90% Very High,Correct
Meter RTC fail at the time of the testingso meter is defective meter needs to replace,Meter Replacement / Installation Team,Meter Replacement / Installation Team,99.8,100-90% Very High,Correct
Meter calibration pulse is blinking abnormal at the time of testing So Meter is Defective need to be Replacement,Meter Replacement / Installation Team,Meter Replacement / Installation Team,99.92,100-90% Very High,Correct
Meter Display Segment not Proper Showing So Meter Defective Needs to be replacement At the time of testing,Meter Replacement / Installation Team,Meter Replacement / Installation Team,99.84,100-90% Very High,Correct
Meter Rtc Fail So Meter Defective Needs to be replacement,Meter Replacement / Installation Team,Meter Replacement / Installation Team,99.99,100-90% Very High,Correct
meter no pulse blinking on load so meter defective need replacement,Meter Replacement / Installation Team,Meter Replacement / Installation Team,99.96,100-90% Very High,Correct
Meter RTC fail at the time of the testingso meter is defective meter needs to replace,Meter Replacement / Installation Team,Meter Replacement / Installation Team,99.8,100-90% Very High,Correct
ELT SHOWING IN EXTERNAL LOAD SO METER REPLACEMENT REQUIRED AT SITE,Meter Replacement / Installation Team,Meter Replacement / Installation Team,99.52,100-90% Very High,Correct
Meter EL and REV Led found glowing even on external load therefore meter is defective and replacement required for the same,Meter Replacement / Installation Team,Meter Replacement / Installation Team,98.28,100-90% Very High,Correct
Meter RTC fail at the time of the testingso meter is defective meter needs to replace,Meter Replacement / Installation Team,Meter Replacement / Installation Team,99.8,100-90% Very High,Correct
Meter RTC fail at the time of the testingso meter is defective meter needs to replace,Meter Replacement / Installation Team,Meter Replacement / Installation Team,99.8,100-90% Very High,Correct
Meter RTC Failed at the time of testing so meter need to be changed,Meter Replacement / Installation Team,Meter Replacement / Installation Team,98.32,100-90% Very High,Correct
Meter RTC fail at the time of the testingso meter is defective meter needs to replace,Meter Replacement / Installation Team,Meter Replacement / Installation Team,99.8,100-90% Very High,Correct
Meter RTC fail at the time of the testingso meter is defective meter needs to replace,Meter Replacement / Installation Team,Meter Replacement / Installation Team,99.8,100-90% Very High,Correct
Meter RTC fail at the time of the testingso meter is defective meter needs to replace,Meter Replacement / Installation Team,Meter Replacement / Installation Team,99.8,100-90% Very High,Correct
meter calibration pulse abnormal blinking so meter defective so meter need to be changed,Meter Replacement / Installation Team,Meter Replacement / Installation Team,99.56,100-90% Very High,Correct
Meter RTC Failed at the time of testing so meter need to be changed,Meter Replacement / Installation Team,Meter Replacement / Installation Team,98.32,100-90% Very High,Correct
Meter RTC Failed at the time of testing so meter need to be changed,Meter Replacement / Installation Team,Meter Replacement / Installation Team,98.32,100-90% Very High,Correct
Meter Display Segment Not Proper Showing So Meter Defective Needs to be replacement At the time of testing,Meter Replacement / Installation Team,Meter Replacement / Installation Team,99.84,100-90% Very High,Correct
Meter RTC Failed at the time of testing so meter need to be changed,Meter Replacement / Installation Team,Meter Replacement / Installation Team,98.32,100-90% Very High,Correct
Meter RTC fail at the time of the testingso meter is defective meter needs to replace,Meter Replacement / Installation Team,Meter Replacement / Installation Team,99.8,100-90% Very High,Correct
Meter RTC fail at the time of the testingso meter is defective meter needs to replace,Meter Replacement / Installation Team,Meter Replacement / Installation Team,99.8,100-90% Very High,Correct
Meter calibration pulse abnormal blinking at the time of testing so meter defective need to replacement,Meter Replacement / Installation Team,Meter Replacement / Installation Team,99.92,100-90% Very High,Correct
Meter found totally burnt at site and meter number not visible so meter needs to replacement required,Meter Replacement / Installation Team,Meter Replacement / Installation Team,98.17,100-90% Very High,Correct
Instantaneous Values of Neutral and Phase current is Mismatching as compare with Reference Meter photographs has been attached for reference therefore same is defective and replacement required for the same Contacted Person Roy,Meter Replacement / Installation Team,Meter Replacement / Installation Team,97.61,100-90% Very High,Correct
meter mdi not recorded as per connected load so Meter defective meter need to replacment,Meter Replacement / Installation Team,Meter Replacement / Installation Team,99.54,100-90% Very High,Correct
Meter RTC fail at the time of the testingso meter is defective meter needs to replace,Meter Replacement / Installation Team,Meter Replacement / Installation Team,99.8,100-90% Very High,Correct
Meter RTC failed at the time of testing so meter need to be change,Meter Replacement / Installation Team,Meter Replacement / Installation Team,98.09,100-90% Very High,Correct
meter RTC failed at the time of testing so meter need to be changed,Meter Replacement / Installation Team,Meter Replacement / Installation Team,98.32,100-90% Very High,Correct
Meter calibration pulse is blinking abnormal at the time of testing So Meter is Defective need to be Replacement,Meter Replacement / Installation Team,Meter Replacement / Installation Team,99.92,100-90% Very High,Correct
meter RTc failed at the time of testing so meter need to be changed,Meter Replacement / Installation Team,Meter Replacement / Installation Team,98.32,100-90% Very High,Correct
Meter RTC fail at the time of the testingso meter is defective meter needs to replace,Meter Replacement / Installation Team,Meter Replacement / Installation Team,99.8,100-90% Very High,Correct
Meter RTC fail at the time of the testingso meter is defective meter needs to replace,Meter Replacement / Installation Team,Meter Replacement / Installation Team,99.8,100-90% Very High,Correct
Meter RTC Failed at the time of testing so meter need to be changed,Meter Replacement / Installation Team,Meter Replacement / Installation Team,98.32,100-90% Very High,Correct
Meter RTC fail at the time of the testingso meter is defective meter needs to replace,Meter Replacement / Installation Team,Meter Replacement / Installation Team,99.8,100-90% Very High,Correct
Meter RTC fail at the time of the testingso meter is defective meter needs to replace,Meter Replacement / Installation Team,Meter Replacement / Installation Team,99.8,100-90% Very High,Correct
Meter calebration pluse abnormal belinking on without load and meter terminal found melt at the time of testing so meter need replacement required Discuss with consumer sh sonu phone no,Meter Replacement / Installation Team,Meter Replacement / Installation Team,96.95,100-90% Very High,Correct
Instantaneous Values of Neutral and Phase current is Mismatching as compare with Reference Meter photographs has been attached for reference therefore same is defective and replacement required for the same Contacted Person Neeraj Kumar,Meter Replacement / Installation Team,Meter Replacement / Installation Team,97.43,100-90% Very High,Correct
Meter RTC failed at the time of testing so meter need to be change,Meter Replacement / Installation Team,Meter Replacement / Installation Team,98.09,100-90% Very High,Correct
Meter Rtc Fail So Meter Defective Needs to be replacement,Meter Replacement / Installation Team,Meter Replacement / Installation Team,99.99,100-90% Very High,Correct
Meter display is faulty so meter is defective need to be replacement,Meter Replacement / Installation Team,Meter Replacement / Installation Team,99.89,100-90% Very High,Correct
Meter RTC fail as the time of the testingso meter is defective meter needs to replace,Meter Replacement / Installation Team,Meter Replacement / Installation Team,99.8,100-90% Very High,Correct
Meter calibration pulse is blinking abnormal at the time of testing So Meter is Defective need to be Replacement,Meter Replacement / Installation Team,Meter Replacement / Installation Team,99.92,100-90% Very High,Correct
meter RTC failed at the time of testing so meter need to be change,Meter Replacement / Installation Team,Meter Replacement / Installation Team,98.09,100-90% Very High,Correct
meter tested as per safty norms meter calibration pulse abnormal blinking so meter defective meter need to replacment,Meter Replacement / Installation Team,Meter Replacement / Installation Team,98.4,100-90% Very High,Correct
Meter calibration pulse is blinking abnormal at the time of testing So Meter is Defective need to be Replacement,Meter Replacement / Installation Team,Meter Replacement / Installation Team,99.92,100-90% Very High,Correct
METER RTC Fail So Meter Is Defective Need Replacement,Meter Replacement / Installation Team,Meter Replacement / Installation Team,100.0,100-90% Very High,Correct
Meter display segments are not properly visible so meter is defective and need replacement,Meter Replacement / Installation Team,Meter Replacement / Installation Team,98.91,100-90% Very High,Correct
meter calibration pulse abnormal blinking at the time of testing so Meter defective meter need to replacment,Meter Replacement / Installation Team,Meter Replacement / Installation Team,99.55,100-90% Very High,Correct
Instantaneous Values of Neutral and Phase current is Mismatching as compare with Reference Meter photographs has been attached for reference therefore same is defective and replacement required for the sameAlso Seven Segment display is defective,Meter Replacement / Installation Team,Meter Replacement / Installation Team,99.15,100-90% Very High,Correct
Meter calibration pulse is blinking abnormal at the time of testing So Meter is Defective need to be Replacement,Meter Replacement / Installation Team,Meter Replacement / Installation Team,99.92,100-90% Very High,Correct
Meter RTC failed at the time of testing so meter need to be change,Meter Replacement / Installation Team,Meter Replacement / Installation Team,98.09,100-90% Very High,Correct
Meter RTC Failed at the time of testing so meter need to be changed,Meter Replacement / Installation Team,Meter Replacement / Installation Team,98.32,100-90% Very High,Correct
meter RTc fail at the time of testing so meter need to be changed,Meter Replacement / Installation Team,Meter Replacement / Installation Team,99.58,100-90% Very High,Correct
Seven Segment display found defective therefore same needs to be replace under defective category Photograph has been attached for reference,Meter Replacement / Installation Team,Meter Replacement / Installation Team,98.73,100-90% Very High,Correct
meter calibration pulse abnormal blinking at the time of testing so meter needs to replacement required,Meter Replacement / Installation Team,Meter Replacement / Installation Team,99.48,100-90% Very High,Correct
Meter RTC fail at the time of the testingso meter is defective meter needs to replace,Meter Replacement / Installation Team,Meter Replacement / Installation Team,99.8,100-90% Very High,Correct
No Display at the time of testing so meter need replacement required,Meter Replacement / Installation Team,Meter Replacement / Installation Team,99.99,100-90% Very High,Correct
Meter display Segment is found defective so Meter is Defective needs to be replacement,Meter Replacement / Installation Team,Meter Replacement / Installation Team,99.98,100-90% Very High,Correct
Meter RTC fail at the time of the testingso meter is defective meter needs to replace,Meter Replacement / Installation Team,Meter Replacement / Installation Team,99.8,100-90% Very High,Correct
Meter RTC failed at the time of testing so meter need to be change,Meter Replacement / Installation Team,Meter Replacement / Installation Team,98.09,100-90% Very High,Correct
Meter display segments are not properly visible so meter is defective and need replacement,Meter Replacement / Installation Team,Meter Replacement / Installation Team,98.91,100-90% Very High,Correct
Earth LED found ON even on External Load KW hence meter is defective and replacement required for the same,Meter Replacement / Installation Team,Meter Replacement / Installation Team,98.65,100-90% Very High,Correct
Meter RTC fail at the time of the testingso meter is defective meter needs to replace,Meter Replacement / Installation Team,Meter Replacement / Installation Team,99.8,100-90% Very High,Correct
Meter RTC failed at the time of testing so meter need to be change,Meter Replacement / Installation Team,Meter Replacement / Installation Team,98.09,100-90% Very High,Correct
Meter RTC fail at the time of the testingso meter is defective meter needs to replace,Meter Replacement / Installation Team,Meter Replacement / Installation Team,99.8,100-90% Very High,Correct
meter abnormal pulse blinking so meter defective need replacement,Meter Replacement / Installation Team,Meter Replacement / Installation Team,99.96,100-90% Very High,Correct
meter RTC failed at the time of testing so meter need to be changed,Meter Replacement / Installation Team,Meter Replacement / Installation Team,98.32,100-90% Very High,Correct
Meter RTC fail at the time of the testingso meter is defective meter needs to replace,Meter Replacement / Installation Team,Meter Replacement / Installation Team,99.8,100-90% Very High,Correct
meter calibration pulse abnormal blinking at the time of testing so meter needs to replacement required,Meter Replacement / Installation Team,Meter Replacement / Installation Team,99.48,100-90% Very High,Correct
Meter RTC fail at the time of the testingso meter is defective meter needs to replace,Meter Replacement / Installation Team,Meter Replacement / Installation Team,99.8,100-90% Very High,Correct
meter RTC failed at the time of testing so meter need to be changed,Meter Replacement / Installation Team,Meter Replacement / Installation Team,98.32,100-90% Very High,Correct
Meter RTC failed at the time of testing so meter need to be change,Meter Replacement / Installation Team,Meter Replacement / Installation Team,98.09,100-90% Very High,Correct
Meter RTC Fail at the time of testing So meter needs to replacement required,Meter Replacement / Installation Team,Meter Replacement / Installation Team,99.96,100-90% Very High,Correct
meter RTC failed at the time of testing so meter need to be changed,Meter Replacement / Installation Team,Meter Replacement / Installation Team,98.32,100-90% Very High,Correct
meter RTC failed at the time of testing so meter need to be changed,Meter Replacement / Installation Team,Meter Replacement / Installation Team,98.32,100-90% Very High,Correct
ELT SHOWING IN EXTERNAL LOAD SO METER REPLACEMENT REQUIRED AT SITE,Meter Replacement / Installation Team,Meter Replacement / Installation Team,99.52,100-90% Very High,Correct
Meter RTC fail at the time of the testingso meter is defective meter needs to replace,Meter Replacement / Installation Team,Meter Replacement / Installation Team,99.8,100-90% Very High,Correct
Meter RTC failed at the time of testing so meter need to be change,Meter Replacement / Installation Team,Meter Replacement / Installation Team,98.09,100-90% Very High,Correct
meter display segment found defective so meter need to be changed,Meter Replacement / Installation Team,Meter Replacement / Installation Team,99.92,100-90% Very High,Correct
Meter RTC failed at the time of testing so meter need to be change,Meter Replacement / Installation Team,Meter Replacement / Installation Team,98.09,100-90% Very High,Correct
meter abnormal pulse blinking so meter defective need replacement,Meter Replacement / Installation Team,Meter Replacement / Installation Team,99.96,100-90% Very High,Correct
Meter RTC failed at the time of testing so meter need to be change,Meter Replacement / Installation Team,Meter Replacement / Installation Team,98.09,100-90% Very High,Correct
meter calibration plus abnormal blinking at the time of testing so meter is defectiveso meter need to be changed,Meter Replacement / Installation Team,Meter Replacement / Installation Team,88.77,90-75% High,Correct
meter mdi not recorded as per connected load so meter defective meter need to replacment,Meter Replacement / Installation Team,Meter Replacement / Installation Team,99.54,100-90% Very High,Correct
Meter RTC failed at the time of testing so meter need to be change,Meter Replacement / Installation Team,Meter Replacement / Installation Team,98.09,100-90% Very High,Correct
meter RTC failed at the time of testing so meter need to be changed,Meter Replacement / Installation Team,Meter Replacement / Installation Team,98.32,100-90% Very High,Correct
Meter RTC failed at the time of testing so meter need to be change,Meter Replacement / Installation Team,Meter Replacement / Installation Team,98.09,100-90% Very High,Correct
Meter Rtc Fail So Meter Defective Needs to be replacement,Meter Replacement / Installation Team,Meter Replacement / Installation Team,99.99,100-90% Very High,Correct
RTC is corrupt hence Meter replacement is required,Meter Replacement / Installation Team,Meter Replacement / Installation Team,98.91,100-90% Very High,Correct
Meter RTC fail at the time of the testingso meter is defective meter needs to replace,Meter Replacement / Installation Team,Meter Replacement / Installation Team,99.8,100-90% Very High,Correct
meter ELT ON on external load so meter defective meter need to replacement,Meter Replacement / Installation Team,Meter Replacement / Installation Team,99.94,100-90% Very High,Correct
RTC found fail therefore meter is defective hence Replacement required for the same,Meter Replacement / Installation Team,Meter Replacement / Installation Team,99.99,100-90% Very High,Correct
meter RTC failed at the time of testing so meter need to be changed,Meter Replacement / Installation Team,Meter Replacement / Installation Team,98.32,100-90% Very High,Correct
Meter RTC fail at the time of the testingso meter is defective meter needs to replace,Meter Replacement / Installation Team,Meter Replacement / Installation Team,99.8,100-90% Very High,Correct
meter RTC failed at the time of testing so meter need to be changed,Meter Replacement / Installation Team,Meter Replacement / Installation Team,98.32,100-90% Very High,Correct
Meter RTC Fail at the time of testing So meter needs to replacement required,Meter Replacement / Installation Team,Meter Replacement / Installation Team,99.96,100-90% Very High,Correct
Meter RTC Failed at the time of testing so meter need to be changed,Meter Replacement / Installation Team,Meter Replacement / Installation Team,98.32,100-90% Very High,Correct
Meter display segment found defective so meter need to change,Meter Replacement / Installation Team,Meter Replacement / Installation Team,99.84,100-90% Very High,Correct
meter RTC failed at the time of testing so meter need to change,Meter Replacement / Installation Team,Meter Replacement / Installation Team,98.09,100-90% Very High,Correct
NO DISPLAY SO METER REPLACEMENT REQUIRED AT SITE,Meter Replacement / Installation Team,Meter Replacement / Installation Team,99.87,100-90% Very High,Correct
Meter RTC Failed at the time of testing so meter need to be changed,Meter Replacement / Installation Team,Meter Replacement / Installation Team,98.32,100-90% Very High,Correct
Meter RTC fail at the time of the testingso meter is defective meter needs to replace,Meter Replacement / Installation Team,Meter Replacement / Installation Team,99.8,100-90% Very High,Correct
meter RTC failed at the time of testing so meter need to change,Meter Replacement / Installation Team,Meter Replacement / Installation Team,98.09,100-90% Very High,Correct
meter rtc fail so meter defective need replacement,Meter Replacement / Installation Team,Meter Replacement / Installation Team,100.0,100-90% Very High,Correct
Meter RTC fail at the time of the testingso meter is defective meter needs to replace,Meter Replacement / Installation Team,Meter Replacement / Installation Team,99.8,100-90% Very High,Correct
Meter RTC fail at the time of the testingso meter is defective meter needs to replace,Meter Replacement / Installation Team,Meter Replacement / Installation Team,99.8,100-90% Very High,Correct
meter incoming terminal burnt meter mdi not recorded as per connected load so meter defective meter need to replacement,Meter Replacement / Installation Team,Meter Replacement / Installation Team,99.74,100-90% Very High,Correct
Meter display segments are not properly visible so meter is defective and need replacement,Meter Replacement / Installation Team,Meter Replacement / Installation Team,98.91,100-90% Very High,Correct
ELT SHOWING IN EXTERNAL LOAD SO METER REPLACEMENT REQUIRED AT SITE,Meter Replacement / Installation Team,Meter Replacement / Installation Team,99.52,100-90% Very High,Correct
Meter display segment defective at the time of testing so meter need replacement required,Meter Replacement / Installation Team,Meter Replacement / Installation Team,100.0,100-90% Very High,Correct
Meter RTC fail at the time of the testingso meter is defective meter needs to replace,Meter Replacement / Installation Team,Meter Replacement / Installation Team,99.8,100-90% Very High,Correct
Meter display segment found defective so meter need to be changed,Meter Replacement / Installation Team,Meter Replacement / Installation Team,99.92,100-90% Very High,Correct
Meter RTC fail at the time of the testingso meter is defective meter needs to replace,Meter Replacement / Installation Team,Meter Replacement / Installation Team,99.8,100-90% Very High,Correct
meter RTC failed at the time of testing so meter need to be changed,Meter Replacement / Installation Team,Meter Replacement / Installation Team,98.32,100-90% Very High,Correct
Meter RTC fail at the time of the testingso meter is defective meter needs to replace,Meter Replacement / Installation Team,Meter Replacement / Installation Team,99.8,100-90% Very High,Correct
Meter RTC failed at the time of testing so meter need to be change,Meter Replacement / Installation Team,Meter Replacement / Installation Team,98.09,100-90% Very High,Correct
Meter EL is ON on external load so meter is defective and need replacement,Meter Replacement / Installation Team,Meter Replacement / Installation Team,99.82,100-90% Very High,Correct
Meter ELT is glowing on external load so meter is defective need to be replacement,Meter Replacement / Installation Team,Meter Replacement / Installation Team,99.74,100-90% Very High,Correct
meter RTc failed at the time of testing so meter need to be changed,Meter Replacement / Installation Team,Meter Replacement / Installation Team,98.32,100-90% Very High,Correct
Meter RTC Failed at the time of testing so meter need to be changed,Meter Replacement / Installation Team,Meter Replacement / Installation Team,98.32,100-90% Very High,Correct
Meter RTC Failed at the time of testing so meter need to be changed,Meter Replacement / Installation Team,Meter Replacement / Installation Team,98.32,100-90% Very High,Correct
meter RTC failed at the time of testing so meter need to be changed,Meter Replacement / Installation Team,Meter Replacement / Installation Team,98.32,100-90% Very High,Correct
Current Parameter of Phase and Neutral is not matching also RTC found failed therefore same is defective therefore same needs to be replace,Meter Replacement / Installation Team,Meter Replacement / Installation Team,98.88,100-90% Very High,Correct
meter display segment found defective so meter need to be changed,Meter Replacement / Installation Team,Meter Replacement / Installation Team,99.92,100-90% Very High,Correct
RTC found Fail hence meter is defective also Low Battery found hence replacement required for the same,Meter Replacement / Installation Team,Meter Replacement / Installation Team,99.5,100-90% Very High,Correct
meter RTC failed at the time of testing so meter need to be changed,Meter Replacement / Installation Team,Meter Replacement / Installation Team,98.32,100-90% Very High,Correct
Meter display segments are not properly visible so meter is defective and need replacement,Meter Replacement / Installation Team,Meter Replacement / Installation Team,98.91,100-90% Very High,Correct
Meter RTC failed at the time of testing so meter need to be change,Meter Replacement / Installation Team,Meter Replacement / Installation Team,98.09,100-90% Very High,Correct
ELT SHOWING IN EXTERNAL LOAD SO METER REPLACEMENT REQUIRED AT SITE,Meter Replacement / Installation Team,Meter Replacement / Installation Team,99.52,100-90% Very High,Correct
Meter RTC failed at the time of testing so meter need to be change,Meter Replacement / Installation Team,Meter Replacement / Installation Team,98.09,100-90% Very High,Correct
Meter RTC failed at the time of testing so meter need to be change,Meter Replacement / Installation Team,Meter Replacement / Installation Team,98.09,100-90% Very High,Correct
Meter RTC failed at the time of testing so meter need to be change,Meter Replacement / Installation Team,Meter Replacement / Installation Team,98.09,100-90% Very High,Correct
Meter RTC fail at the time of the testingso meter is defective meter needs to replace,Meter Replacement / Installation Team,Meter Replacement / Installation Team,99.8,100-90% Very High,Correct
Meter RTC fail at the time of the testingso meter is defective meter needs to replace,Meter Replacement / Installation Team,Meter Replacement / Installation Team,99.8,100-90% Very High,Correct
meter RTC failed at the time of testing so meter need to be changed,Meter Replacement / Installation Team,Meter Replacement / Installation Team,98.32,100-90% Very High,Correct
RTC found fail therefore meter is defective hence Replacement required for the same,Meter Replacement / Installation Team,Meter Replacement / Installation Team,99.99,100-90% Very High,Correct
ELT SHOWING IN EXTERNAL LOAD SO METER REPLACEMENT REQUIRED AT SITE,Meter Replacement / Installation Team,Meter Replacement / Installation Team,99.52,100-90% Very High,Correct
meter ELT glow on external load at the time of testing so meter needs to replacement required,Meter Replacement / Installation Team,Meter Replacement / Installation Team,98.35,100-90% Very High,Correct
Meter RTC Fail at the time of testing So meter needs to replacement required,Meter Replacement / Installation Team,Meter Replacement / Installation Team,99.96,100-90% Very High,Correct
Meter RTC fail at the time of the testingso meter is defective meter needs to replace,Meter Replacement / Installation Team,Meter Replacement / Installation Team,99.8,100-90% Very High,Correct
meter CURRENT PARAMETER ABNORMAL AT A TIME OF TESTING SO METER REPLACEMENT REQUIRED AT SITE,Meter Replacement / Installation Team,Meter Replacement / Installation Team,99.42,100-90% Very High,Correct
Meter RTC Fail at the time of testing So meter needs to replacement required,Meter Replacement / Installation Team,Meter Replacement / Installation Team,99.96,100-90% Very High,Correct
Meter RTC Fail at the time of testing So meter needs to replacement required,Meter Replacement / Installation Team,Meter Replacement / Installation Team,99.96,100-90% Very High,Correct
Meter RTC Fail at the time of testing So meter needs to replacement required,Meter Replacement / Installation Team,Meter Replacement / Installation Team,99.96,100-90% Very High,Correct
Meter RTC Fail at the time of testing So meter needs to replacement required,Meter Replacement / Installation Team,Meter Replacement / Installation Team,99.96,100-90% Very High,Correct
meter RTc failed at the time of testing so meter need to be changed,Meter Replacement / Installation Team,Meter Replacement / Installation Team,98.32,100-90% Very High,Correct
Meter RTC Failed at the time of testing so meter need to be changed,Meter Replacement / Installation Team,Meter Replacement / Installation Team,98.32,100-90% Very High,Correct
meter RTC fail at the time of testing so meter needs to replacement required,Meter Replacement / Installation Team,Meter Replacement / Installation Team,99.96,100-90% Very High,Correct
Meter RTC Failed at the time of testing so meter need to be changed,Meter Replacement / Installation Team,Meter Replacement / Installation Team,98.32,100-90% Very High,Correct
Meter RTC Fail at the time of testing So meter needs to replacement required,Meter Replacement / Installation Team,Meter Replacement / Installation Team,99.96,100-90% Very High,Correct
Meter RTC Fail at the time of testing So meter needs to replacement required,Meter Replacement / Installation Team,Meter Replacement / Installation Team,99.96,100-90% Very High,Correct
Meter RTC Fail at the time of testing So meter needs to replacement required,Meter Replacement / Installation Team,Meter Replacement / Installation Team,99.96,100-90% Very High,Correct
Meter RTC fail at the time of the testingso meter is defective meter needs to replace,Meter Replacement / Installation Team,Meter Replacement / Installation Team,99.8,100-90% Very High,Correct
Meter RTC fail at the time of the testingso meter is defective meter needs to replace,Meter Replacement / Installation Team,Meter Replacement / Installation Team,99.8,100-90% Very High,Correct
Meter RTC Fail at the time of testing So meter needs to replacement required,Meter Replacement / Installation Team,Meter Replacement / Installation Team,99.96,100-90% Very High,Correct
meter outgoing terminal burnt so meter defective meter need to replacment,Meter Replacement / Installation Team,Meter Replacement / Installation Team,99.09,100-90% Very High,Correct
Meter RTC Failed at the time of testing so meter need to be changed,Meter Replacement / Installation Team,Meter Replacement / Installation Team,98.32,100-90% Very High,Correct
Meter RTC fail at the time of the testingso meter is defective meter needs to replace,Meter Replacement / Installation Team,Meter Replacement / Installation Team,99.8,100-90% Very High,Correct
meter RTC failed at the time of testing so meter need to change,Meter Replacement / Installation Team,Meter Replacement / Installation Team,98.09,100-90% Very High,Correct
Meter RTC fail at the time of the testingso meter is defective meter needs to replace,Meter Replacement / Installation Team,Meter Replacement / Installation Team,99.8,100-90% Very High,Correct
Meter RTC Fail at the time of testing So meter needs to replacement required,Meter Replacement / Installation Team,Meter Replacement / Installation Team,99.96,100-90% Very High,Correct
RTC is corrupt hence Meter replacement is required,Meter Replacement / Installation Team,Meter Replacement / Installation Team,98.91,100-90% Very High,Correct
Meter RTC failed at the time of testing so meter need to change,Meter Replacement / Installation Team,Meter Replacement / Installation Team,98.09,100-90% Very High,Correct
meter display figgure upset not proper so meter defective need replacement,Meter Replacement / Installation Team,Meter Replacement / Installation Team,99.0,100-90% Very High,Correct
Meter Outgoing terminal found burntMeter need to be replacement required,Meter Replacement / Installation Team,Meter Replacement / Installation Team,98.65,100-90% Very High,Correct
meter RTC failed at the time of testing so meter need to be changed,Meter Replacement / Installation Team,Meter Replacement / Installation Team,98.32,100-90% Very High,Correct
meter RTC failed at the time of testing so meter need to change,Meter Replacement / Installation Team,Meter Replacement / Installation Team,98.09,100-90% Very High,Correct
Meter RTC fail at the time of the testingso meter is defective meter needs to replace,Meter Replacement / Installation Team,Meter Replacement / Installation Team,99.8,100-90% Very High,Correct
meter display found defective at time of testing so meter need to be charged,Meter Replacement / Installation Team,Meter Replacement / Installation Team,97.78,100-90% Very High,Correct
Meter ELT is glowing on external load so meter is defective need to be replacement,Meter Replacement / Installation Team,Meter Replacement / Installation Team,99.74,100-90% Very High,Correct
meter tested as per safety norms meter ELT ON external load so Meter defective meter need to replacment,Meter Replacement / Installation Team,Meter Replacement / Installation Team,98.02,100-90% Very High,Correct
Meter RTC failed at the time of testing so meter need to be change,Meter Replacement / Installation Team,Meter Replacement / Installation Team,98.09,100-90% Very High,Correct
Meter RTC fail at the time of the testingso meter is defective meter needs to replace,Meter Replacement / Installation Team,Meter Replacement / Installation Team,99.8,100-90% Very High,Correct
Current Parameter of Phase and Neutral is not matching therefore same is defective therefore same needs to be replace,Meter Replacement / Installation Team,Meter Replacement / Installation Team,98.43,100-90% Very High,Correct
Meter RTC fail at the time of the testingso meter is defective meter needs to replace,Meter Replacement / Installation Team,Meter Replacement / Installation Team,99.8,100-90% Very High,Correct
Meter RTC fail at the time of the testingso meter is defective meter needs to replace,Meter Replacement / Installation Team,Meter Replacement / Installation Team,99.8,100-90% Very High,Correct
Meter RTC fail at the time of the testingso meter is defective meter needs to replace,Meter Replacement / Installation Team,Meter Replacement / Installation Team,99.8,100-90% Very High,Correct
METER RTC Fail So Meter Is Defective Need Replacement,Meter Replacement / Installation Team,Meter Replacement / Installation Team,100.0,100-90% Very High,Correct
metet ELT on same current so meter defective need replacement,Meter Replacement / Installation Team,Meter Replacement / Installation Team,99.91,100-90% Very High,Correct
Meter RTC fail at the time of the testingso meter is defective meter needs to replace,Meter Replacement / Installation Team,Meter Replacement / Installation Team,99.8,100-90% Very High,Correct
ELT SHOWING IN EXTERNAL LOAD SO METER REPLACEMENT REQUIRED AT SITE,Meter Replacement / Installation Team,Meter Replacement / Installation Team,99.52,100-90% Very High,Correct
meter ELT glow on external load at the time of testing so meter needs to replacement required,Meter Replacement / Installation Team,Meter Replacement / Installation Team,98.35,100-90% Very High,Correct
RTC CORRUPT SO METER REPLACEMENT REQUIRED AT SITE,Meter Replacement / Installation Team,Meter Replacement / Installation Team,98.91,100-90% Very High,Correct
METER VOLTAGE PARAMETER ABNORMAL SO METER REPLACEMENT REQUIRED AT SITE,Meter Replacement / Installation Team,Meter Replacement / Installation Team,98.29,100-90% Very High,Correct
Meter RTC Fail at the time of testing So meter needs to replacement required,Meter Replacement / Installation Team,Meter Replacement / Installation Team,99.96,100-90% Very High,Correct
Meter RTC Failed at the time of testing so meter need to be changed,Meter Replacement / Installation Team,Meter Replacement / Installation Team,98.32,100-90% Very High,Correct
Meter RTC fail at the time of the testingso meter is defective meter needs to replace,Meter Replacement / Installation Team,Meter Replacement / Installation Team,99.8,100-90% Very High,Correct
Current Parameter of Phase and Neutral is not matching therefore same is defective therefore same needs to be replace,Meter Replacement / Installation Team,Meter Replacement / Installation Team,98.43,100-90% Very High,Correct
meter RTC failed at the time of testing so meter need to be changed,Meter Replacement / Installation Team,Meter Replacement / Installation Team,98.32,100-90% Very High,Correct
Meter RTC fail at the time of the testingso meter is defective meter needs to replace,Meter Replacement / Installation Team,Meter Replacement / Installation Team,99.8,100-90% Very High,Correct
Meter RTC fail at the time of the testingso meter is defective meter needs to replace,Meter Replacement / Installation Team,Meter Replacement / Installation Team,99.8,100-90% Very High,Correct
Meter RTC fail at the time of the testingso meter is defective meter needs to replace,Meter Replacement / Installation Team,Meter Replacement / Installation Team,99.8,100-90% Very High,Correct
Meter RTC fail at the time of the testingso meter is defective meter needs to replace,Meter Replacement / Installation Team,Meter Replacement / Installation Team,99.8,100-90% Very High,Correct
METER RTC Fail So Meter Is Defective Need Replacement,Meter Replacement / Installation Team,Meter Replacement / Installation Team,100.0,100-90% Very High,Correct
Meter RTC fail at the time of the testingso meter is defective meter needs to replace,Meter Replacement / Installation Team,Meter Replacement / Installation Team,99.8,100-90% Very High,Correct
meter RTC failed at the time of testing so meter need to be changed,Meter Replacement / Installation Team,Meter Replacement / Installation Team,98.32,100-90% Very High,Correct
Meter RTC failed at the time of testing so meter need to change,Meter Replacement / Installation Team,Meter Replacement / Installation Team,98.09,100-90% Very High,Correct
Meter RTC Fail at the time of testing So meter needs to replacement required,Meter Replacement / Installation Team,Meter Replacement / Installation Team,99.96,100-90% Very High,Correct
Seven Segment display found Faulty therefore meter is defective and replacement required for same under defective category photograph has been atached,Meter Replacement / Installation Team,Meter Replacement / Installation Team,99.47,100-90% Very High,Correct
meter Calibration pulse abnormal blinking at the time of testing so meter needs to replacement required,Meter Replacement / Installation Team,Meter Replacement / Installation Team,99.48,100-90% Very High,Correct
Meter RTC fail at the time of the testingso meter is defective meter needs to replace,Meter Replacement / Installation Team,Meter Replacement / Installation Team,99.8,100-90% Very High,Correct
Earth LED found ON even on External Load KW hence meter is defective and replacement required for the same,Meter Replacement / Installation Team,Meter Replacement / Installation Team,98.65,100-90% Very High,Correct
meter abnormal pulse blinking so meter defective need replacement,Meter Replacement / Installation Team,Meter Replacement / Installation Team,99.96,100-90% Very High,Correct
Meter RTC fail at the time of the testingso meter is defective meter needs to replace,Meter Replacement / Installation Team,Meter Replacement / Installation Team,99.8,100-90% Very High,Correct
Meter ELT is glowing on external load so meter is defective need to be replacement,Meter Replacement / Installation Team,Meter Replacement / Installation Team,99.74,100-90% Very High,Correct
Meter RTC Corrupted So Meter Defective Needs to be replacement At the time of testing,Meter Replacement / Installation Team,Meter Replacement / Installation Team,99.76,100-90% Very High,Correct
meter reading forward jump so meter replacement required at site,Meter Replacement / Installation Team,Meter Replacement / Installation Team,98.21,100-90% Very High,Correct
meter calibration pulse abnormal blinking at the time of testing so meter needs to replacement required,Meter Replacement / Installation Team,Meter Replacement / Installation Team,99.48,100-90% Very High,Correct
MDI CORRUPT METER NOT RECORDING PROPER MDI AS PER CONNECTED LOAD SO METER REPLACEMENT REQUIRED AT SITE,Meter Replacement / Installation Team,Meter Replacement / Installation Team,99.24,100-90% Very High,Correct
Meter display segment found defective so meter need to change,Meter Replacement / Installation Team,Meter Replacement / Installation Team,99.84,100-90% Very High,Correct
Meter RTC Failed at the time of testing so meter need to be changed,Meter Replacement / Installation Team,Meter Replacement / Installation Team,98.32,100-90% Very High,Correct
Meter RTC fail at the time of testing so meter needs to be replacement required,Meter Replacement / Installation Team,Meter Replacement / Installation Team,99.96,100-90% Very High,Correct
Earth LED found ON even on External Load KW hence meter is defective and replacement required for the same,Meter Replacement / Installation Team,Meter Replacement / Installation Team,98.65,100-90% Very High,Correct
Meter RTC Fail at the time of testing So meter needs to replacement required,Meter Replacement / Installation Team,Meter Replacement / Installation Team,99.96,100-90% Very High,Correct
Meter RTC Fail at the time of testing So meter needs to replacement required,Meter Replacement / Installation Team,Meter Replacement / Installation Team,99.96,100-90% Very High,Correct
Meter display Segment is found defective so Meter is Defective needs to be replacement,Meter Replacement / Installation Team,Meter Replacement / Installation Team,99.98,100-90% Very High,Correct
meter RTC failed at the time of testing so meter need to be changed,Meter Replacement / Installation Team,Meter Replacement / Installation Team,98.32,100-90% Very High,Correct
Meter RTC Failed at the time of testing so meter need to be changed,Meter Replacement / Installation Team,Meter Replacement / Installation Team,98.32,100-90% Very High,Correct
Meter RTC found Failed also Low Battery symbol is showing therefore meter is defective and same needs to be replace under defective category Contacted Person Mithlesh,Meter Replacement / Installation Team,Meter Replacement / Installation Team,99.02,100-90% Very High,Correct
meter RTC failed at the time of testing so meter need to be changed,Meter Replacement / Installation Team,Meter Replacement / Installation Team,98.32,100-90% Very High,Correct
Meter Rtc Fail So Meter Defective Needs to be replacement,Meter Replacement / Installation Team,Meter Replacement / Installation Team,99.99,100-90% Very High,Correct
Meter RTC failed at the time of testing so meter need to be change,Meter Replacement / Installation Team,Meter Replacement / Installation Team,98.09,100-90% Very High,Correct
Meter RTC fail at the time of the testingso meter is defective meter needs to replace,Meter Replacement / Installation Team,Meter Replacement / Installation Team,99.8,100-90% Very High,Correct
Meter RTC fail at the time of the testingso meter is defective meter needs to replace,Meter Replacement / Installation Team,Meter Replacement / Installation Team,99.8,100-90% Very High,Correct
meter RTC failed at the time of testing so meter need to be changed,Meter Replacement / Installation Team,Meter Replacement / Installation Team,98.32,100-90% Very High,Correct
Meter RTC found failed therefore same needs to be replaced under detective category,Meter Replacement / Installation Team,Meter Replacement / Installation Team,96.02,100-90% Very High,Correct
Meter display segments are not properly visible so meter is defective and need replacement,Meter Replacement / Installation Team,Meter Replacement / Installation Team,98.91,100-90% Very High,Correct
Meter RTC fail at the time of the testingso meter is defective meter needs to replace,Meter Replacement / Installation Team,Meter Replacement / Installation Team,99.8,100-90% Very High,Correct
Meter Rtc Fail So Meter Defective Needs to be replacement,Meter Replacement / Installation Team,Meter Replacement / Installation Team,99.99,100-90% Very High,Correct
Meter RTC Failed at the time of testing so meter need to be changed,Meter Replacement / Installation Team,Meter Replacement / Installation Team,98.32,100-90% Very High,Correct
Earth LED found ON even on External Load KW hence meter is defective and replacement required for the same,Meter Replacement / Installation Team,Meter Replacement / Installation Team,98.65,100-90% Very High,Correct
meter calibration pulse not blinking on load So meter meter defective meter need to replacment,Meter Replacement / Installation Team,Meter Replacement / Installation Team,99.39,100-90% Very High,Correct
meter RTC fail so meter defective need replacement,Meter Replacement / Installation Team,Meter Replacement / Installation Team,100.0,100-90% Very High,Correct
Meter RTC Fail at the time of testing So meter needs to replacement required,Meter Replacement / Installation Team,Meter Replacement / Installation Team,99.96,100-90% Very High,Correct
meter RTC failed at the time of testing so meter need to be changed,Meter Replacement / Installation Team,Meter Replacement / Installation Team,98.32,100-90% Very High,Correct
Meter RTC Fail at the time of testing So meter needs to replacement required,Meter Replacement / Installation Team,Meter Replacement / Installation Team,99.96,100-90% Very High,Correct
Meter RTC Fail at the time of testing So meter needs to replacement required,Meter Replacement / Installation Team,Meter Replacement / Installation Team,99.96,100-90% Very High,Correct
Meter RTC Failed at the time of testing so meter need to be changed,Meter Replacement / Installation Team,Meter Replacement / Installation Team,98.32,100-90% Very High,Correct
meter reading forward jump so meter replacement required at site,Meter Replacement / Installation Team,Meter Replacement / Installation Team,98.21,100-90% Very High,Correct
Meter RTC fail at the time of the testingso meter is defective meter needs to replace,Meter Replacement / Installation Team,Meter Replacement / Installation Team,99.8,100-90% Very High,Correct
RTC found Fail hence meter is defective also Low Battery found hence replacement required for the same,Meter Replacement / Installation Team,Meter Replacement / Installation Team,99.5,100-90% Very High,Correct
Meter RTC fail at the time of the testingso meter is defective meter needs to replace,Meter Replacement / Installation Team,Meter Replacement / Installation Team,99.8,100-90% Very High,Correct
meter RTC failed at the time of testing so meter need to be changed,Meter Replacement / Installation Team,Meter Replacement / Installation Team,98.32,100-90% Very High,Correct
meter RTC failed at the time of testing so meter need to be changed,Meter Replacement / Installation Team,Meter Replacement / Installation Team,98.32,100-90% Very High,Correct
meter RTC failed at the time of testing so meter need to be changed,Meter Replacement / Installation Team,Meter Replacement / Installation Team,98.32,100-90% Very High,Correct
meter RTC failed at the time of testing so meter need to be changed,Meter Replacement / Installation Team,Meter Replacement / Installation Team,98.32,100-90% Very High,Correct
Meter RTC Failed at the time of testing so meter need to be changed,Meter Replacement / Installation Team,Meter Replacement / Installation Team,98.32,100-90% Very High,Correct
Meter RTC fail at the time of the testingso meter is defective meter needs to replace,Meter Replacement / Installation Team,Meter Replacement / Installation Team,99.8,100-90% Very High,Correct
Meter RTC fail at the time of the testingso meter is defective meter needs to replace,Meter Replacement / Installation Team,Meter Replacement / Installation Team,99.8,100-90% Very High,Correct
Meter tested and instantaneous Parameter found mismatched as compared with Reference meter V voltage observed in Meter Display whereas in reference only V Voltage found hence meter is defective therefore same needs to be replaced under defective category,Meter Replacement / Installation Team,Meter Replacement / Installation Team,97.91,100-90% Very High,Correct
Meter ELT ON An External Load So Meter Defective Needs to be replacement At the time of testing,Meter Replacement / Installation Team,Meter Replacement / Installation Team,99.49,100-90% Very High,Correct
meter display segment is defective at the time of testing so meter needs to be replacement required,Meter Replacement / Installation Team,Meter Replacement / Installation Team,99.98,100-90% Very High,Correct
Meter RTC Failed at the time of testing so meter need to be changed,Meter Replacement / Installation Team,Meter Replacement / Installation Team,98.32,100-90% Very High,Correct
Meter RTC Failed at the time of testing so meter need to be changed,Meter Replacement / Installation Team,Meter Replacement / Installation Team,98.32,100-90% Very High,Correct
Meter RTC Failed at the time of testing so meter need to be changed,Meter Replacement / Installation Team,Meter Replacement / Installation Team,98.32,100-90% Very High,Correct
Meter RTC Fail at the time of testing So meter needs to replacement required,Meter Replacement / Installation Team,Meter Replacement / Installation Team,99.96,100-90% Very High,Correct
Meter Calibration Pulse are blinking abnormal at the time of testingSo meter is defective and need replacement,Meter Replacement / Installation Team,Meter Replacement / Installation Team,99.87,100-90% Very High,Correct
meter RTC failed at the time of testing so meter need to be changed,Meter Replacement / Installation Team,Meter Replacement / Installation Team,98.32,100-90% Very High,Correct
Meter RTC Fail at the time of testing So meter needs to replacement required,Meter Replacement / Installation Team,Meter Replacement / Installation Team,99.96,100-90% Very High,Correct
Meter RTC fail at the time of the testingso meter is defective meter needs to replace,Meter Replacement / Installation Team,Meter Replacement / Installation Team,99.8,100-90% Very High,Correct
Meter RTC Fail at the time of testing So meter needs to replacement required,Meter Replacement / Installation Team,Meter Replacement / Installation Team,99.96,100-90% Very High,Correct
Meter RTC Fail at the time of testing So meter needs to replacement required,Meter Replacement / Installation Team,Meter Replacement / Installation Team,99.96,100-90% Very High,Correct
Meter RTC Fail at the time of testing So meter needs to replacement required,Meter Replacement / Installation Team,Meter Replacement / Installation Team,99.96,100-90% Very High,Correct
Meter RTC Fail at the time of testing So meter needs to replacement required,Meter Replacement / Installation Team,Meter Replacement / Installation Team,99.96,100-90% Very High,Correct
meter RTC failed at the time of testing so meter need to be changed,Meter Replacement / Installation Team,Meter Replacement / Installation Team,98.32,100-90% Very High,Correct
Meter RTC Fail at the time of testing So meter needs to replacement required,Meter Replacement / Installation Team,Meter Replacement / Installation Team,99.96,100-90% Very High,Correct
Meter display segments are not properly visible so meter is defective and need replacement,Meter Replacement / Installation Team,Meter Replacement / Installation Team,98.91,100-90% Very High,Correct
meter RTC failed at the time of testing so meter need to be changed,Meter Replacement / Installation Team,Meter Replacement / Installation Team,98.32,100-90% Very High,Correct
ABNORMAL PULSE BLINKING IN METER SO METER REPLACEMENT REQUIRED AT SITE,Meter Replacement / Installation Team,Meter Replacement / Installation Team,99.61,100-90% Very High,Correct
meter RTC failed at the time of testing so meter need to be changed,Meter Replacement / Installation Team,Meter Replacement / Installation Team,98.32,100-90% Very High,Correct
Meter RTC fail at the time of the testingso meter is defective meter needs to replace,Meter Replacement / Installation Team,Meter Replacement / Installation Team,99.8,100-90% Very High,Correct
Meter RTC Fail at the time of testing So meter needs to replacement required,Meter Replacement / Installation Team,Meter Replacement / Installation Team,99.96,100-90% Very High,Correct
meter RTC failed at the time of testing so meter need to be changed,Meter Replacement / Installation Team,Meter Replacement / Installation Team,98.32,100-90% Very High,Correct
meter RTC failed at the time of testing so meter need to be changed,Meter Replacement / Installation Team,Meter Replacement / Installation Team,98.32,100-90% Very High,Correct
meter RTC failed at the time of testing so meter need to change,Meter Replacement / Installation Team,Meter Replacement / Installation Team,98.09,100-90% Very High,Correct
Meter RTC Fail at the time of testing So meter needs to replacement required,Meter Replacement / Installation Team,Meter Replacement / Installation Team,99.96,100-90% Very High,Correct
Meter RTC Fail at the time of testing So meter needs to replacement required,Meter Replacement / Installation Team,Meter Replacement / Installation Team,99.96,100-90% Very High,Correct
RTC found Fail hence meter is defective also Low Battery found hence replacement required for the same,Meter Replacement / Installation Team,Meter Replacement / Installation Team,99.5,100-90% Very High,Correct
EL LED found glowing even on External Load KW hence meter is defective and replacement required for the same Contacted Person Manisha,Meter Replacement / Installation Team,Meter Replacement / Installation Team,97.89,100-90% Very High,Correct
meter calibration pulse abnormal blinking at the time of testing so meter need to be changed,Meter Replacement / Installation Team,Meter Replacement / Installation Team,97.82,100-90% Very High,Correct
Meter RTC fail at the time of the testingso meter is defective meter needs to replace,Meter Replacement / Installation Team,Meter Replacement / Installation Team,99.8,100-90% Very High,Correct
Meter RTC Failed at the time of testing so meter need to be changed,Meter Replacement / Installation Team,Meter Replacement / Installation Team,98.32,100-90% Very High,Correct
Meter RTC fail at the time of the testingso meter is defective meter needs to replace,Meter Replacement / Installation Team,Meter Replacement / Installation Team,99.8,100-90% Very High,Correct
meter display segment is defective at the time of testing so meter needs to replacement required,Meter Replacement / Installation Team,Meter Replacement / Installation Team,99.98,100-90% Very High,Correct
Meter RTC fail at the time of testing so meter needs to replacement required,Meter Replacement / Installation Team,Meter Replacement / Installation Team,99.96,100-90% Very High,Correct
Meter RTC fail at the time of the testingso meter is defective meter needs to replace,Meter Replacement / Installation Team,Meter Replacement / Installation Team,99.8,100-90% Very High,Correct
Meter RTC fail at the time of the testingso meter is defective meter needs to replace,Meter Replacement / Installation Team,Meter Replacement / Installation Team,99.8,100-90% Very High,Correct
meter RTC failed at the time of testing so meter need to be changed,Meter Replacement / Installation Team,Meter Replacement / Installation Team,98.32,100-90% Very High,Correct
meter RTC failed at the time of testing so meter need to be changed,Meter Replacement / Installation Team,Meter Replacement / Installation Team,98.32,100-90% Very High,Correct
Meter RTC failed at the time of testing so meter need to be change,Meter Replacement / Installation Team,Meter Replacement / Installation Team,98.09,100-90% Very High,Correct
Meter RTC Fail at the time of testing So meter needs to replacement required,Meter Replacement / Installation Team,Meter Replacement / Installation Team,99.96,100-90% Very High,Correct
Meter RTC Fail at the time of testing So meter needs to replacement required,Meter Replacement / Installation Team,Meter Replacement / Installation Team,99.96,100-90% Very High,Correct
meter RTC failed at the time of testing so meter need to change,Meter Replacement / Installation Team,Meter Replacement / Installation Team,98.09,100-90% Very High,Correct
Meter RTC Fail at the time of testing So meter needs to replacement required,Meter Replacement / Installation Team,Meter Replacement / Installation Team,99.96,100-90% Very High,Correct
meter RTc failed at the time of testing so meter need to be changed,Meter Replacement / Installation Team,Meter Replacement / Installation Team,98.32,100-90% Very High,Correct
Meter RTC fail at the time of the testingso meter is defective meter needs to replace,Meter Replacement / Installation Team,Meter Replacement / Installation Team,99.8,100-90% Very High,Correct
Meter RTC fail at the time of the testingso meter is defective meter needs to replace,Meter Replacement / Installation Team,Meter Replacement / Installation Team,99.8,100-90% Very High,Correct
Meter RTC fail at the time of the testingso meter is defective meter needs to replace,Meter Replacement / Installation Team,Meter Replacement / Installation Team,99.8,100-90% Very High,Correct
Meter RTC Fail at the time of testing So meter needs to replacement required,Meter Replacement / Installation Team,Meter Replacement / Installation Team,99.96,100-90% Very High,Correct
meter RTC failed at the time of testing so meter need to be changed,Meter Replacement / Installation Team,Meter Replacement / Installation Team,98.32,100-90% Very High,Correct
Meter RTC Fail at the time of testing So meter needs to replacement required,Meter Replacement / Installation Team,Meter Replacement / Installation Team,99.96,100-90% Very High,Correct
meter RTC failed at the time of testing so meter need to be changed,Meter Replacement / Installation Team,Meter Replacement / Installation Team,98.32,100-90% Very High,Correct
meter RTC failed at the time of testing so meter need to change,Meter Replacement / Installation Team,Meter Replacement / Installation Team,98.09,100-90% Very High,Correct
Meter RTC fail at the time of the testingso meter is defective meter needs to replace,Meter Replacement / Installation Team,Meter Replacement / Installation Team,99.8,100-90% Very High,Correct
Meter RTC Failed at the time of testing so meter need to be changed,Meter Replacement / Installation Team,Meter Replacement / Installation Team,98.32,100-90% Very High,Correct
Meter RTC Failed at the time of testing so meter need to be changed,Meter Replacement / Installation Team,Meter Replacement / Installation Team,98.32,100-90% Very High,Correct
Meter RTC fail at the time of the testingso meter is defective meter needs to replace,Meter Replacement / Installation Team,Meter Replacement / Installation Team,99.8,100-90% Very High,Correct
meter output terminals found brunt at the time of testing alongwith meter box found damage so meter need replacement required,Meter Replacement / Installation Team,Meter Replacement / Installation Team,88.7,90-75% High,Correct
meter display showing low batteryso meter defective need replacement,Meter Replacement / Installation Team,Meter Replacement / Installation Team,99.57,100-90% Very High,Correct
meter RTC Fail at the time of testing so meter need replacement required,Meter Replacement / Installation Team,Meter Replacement / Installation Team,99.99,100-90% Very High,Correct
Meter RTC Failed at the time of testing so meter need to be changed,Meter Replacement / Installation Team,Meter Replacement / Installation Team,98.32,100-90% Very High,Correct
Meter RTC Fail at the time of testing So meter needs to replacement required,Meter Replacement / Installation Team,Meter Replacement / Installation Team,99.96,100-90% Very High,Correct
Meter calibration pulse is blinking abnormal at the time of testing So Meter is Defective need to be Replacement,Meter Replacement / Installation Team,Meter Replacement / Installation Team,99.92,100-90% Very High,Correct
Earth LED found ON even on External Load KW hence meter is defective and replacement required for the same,Meter Replacement / Installation Team,Meter Replacement / Installation Team,98.65,100-90% Very High,Correct
meter RTC Failed at the time of testing so meter need to be changed,Meter Replacement / Installation Team,Meter Replacement / Installation Team,98.32,100-90% Very High,Correct
Meter display segment found defective so meter need to be changed,Meter Replacement / Installation Team,Meter Replacement / Installation Team,99.92,100-90% Very High,Correct
meter RTC failed at the time of testing so meter need to be changed,Meter Replacement / Installation Team,Meter Replacement / Installation Team,98.32,100-90% Very High,Correct
meter display segment defective at the time of testing so meter need replacement required,Meter Replacement / Installation Team,Meter Replacement / Installation Team,100.0,100-90% Very High,Correct
Meter RTC fail at the time of the testingso meter is defective meter needs to replace,Meter Replacement / Installation Team,Meter Replacement / Installation Team,99.8,100-90% Very High,Correct
Meter Display Segment not Proper Showing So Meter Defective Needs to be replacement At the time of testing,Meter Replacement / Installation Team,Meter Replacement / Installation Team,99.84,100-90% Very High,Correct
Meter display segment found defective so meter need to change,Meter Replacement / Installation Team,Meter Replacement / Installation Team,99.84,100-90% Very High,Correct
Meter RTC fail at the time of the testingso meter is defective meter needs to replace,Meter Replacement / Installation Team,Meter Replacement / Installation Team,99.8,100-90% Very High,Correct
Meter RTC failed at the time of testing so meter need to be change,Meter Replacement / Installation Team,Meter Replacement / Installation Team,98.09,100-90% Very High,Correct
Meter RTC fail at the time of the testingso meter is defective meter needs to replace,Meter Replacement / Installation Team,Meter Replacement / Installation Team,99.8,100-90% Very High,Correct
Meter RTC Failed at the time of testing so meter need to be changed,Meter Replacement / Installation Team,Meter Replacement / Installation Team,98.32,100-90% Very High,Correct
METER READING FORWARD JUMP SO METER REPLACEMENT REQUIRED AT SITE,Meter Replacement / Installation Team,Meter Replacement / Installation Team,98.21,100-90% Very High,Correct
meter abnormal pulse blinking so meter defective need replacement,Meter Replacement / Installation Team,Meter Replacement / Installation Team,99.96,100-90% Very High,Correct
meter calibration pulse abnormal blinking so meter defective meter need to replacment,Meter Replacement / Installation Team,Meter Replacement / Installation Team,99.56,100-90% Very High,Correct
Meter RTC failed at the time of testing so meter need to be change,Meter Replacement / Installation Team,Meter Replacement / Installation Team,98.09,100-90% Very High,Correct
Meter RTC fail at the time of the testingso meter is defective meter needs to replace,Meter Replacement / Installation Team,Meter Replacement / Installation Team,99.8,100-90% Very High,Correct
Meter RTC Failed at the time of testing so meter need to be changed,Meter Replacement / Installation Team,Meter Replacement / Installation Team,98.32,100-90% Very High,Correct
Meter ELT glow on external load at the time of testing so meter needs to replacement required,Meter Replacement / Installation Team,Meter Replacement / Installation Team,98.35,100-90% Very High,Correct
meter RTC failed at the time of testing so meter need to be changed,Meter Replacement / Installation Team,Meter Replacement / Installation Team,98.32,100-90% Very High,Correct
Meter RTC fail at the time of the testingso meter is defective meter needs to replace,Meter Replacement / Installation Team,Meter Replacement / Installation Team,99.8,100-90% Very High,Correct
Meter RTC Fail at the time of testing So meter needs to replacement required,Meter Replacement / Installation Team,Meter Replacement / Installation Team,99.96,100-90% Very High,Correct
Meter RTC Fail at the time of testing So meter needs to replacement required,Meter Replacement / Installation Team,Meter Replacement / Installation Team,99.96,100-90% Very High,Correct
Meter RTC Fail at the time of testing So meter needs to replacement required,Meter Replacement / Installation Team,Meter Replacement / Installation Team,99.96,100-90% Very High,Correct
meter RTC failed at the time of testing so meter need to be changed,Meter Replacement / Installation Team,Meter Replacement / Installation Team,98.32,100-90% Very High,Correct
Meter RTC fail at the time of the testingso meter is defective meter needs to replace,Meter Replacement / Installation Team,Meter Replacement / Installation Team,99.8,100-90% Very High,Correct
RTC fail so meter defective need replacement,Meter Replacement / Installation Team,Meter Replacement / Installation Team,100.0,100-90% Very High,Correct
RTC found Fail hence meter is defective also Low Battery found hence replacement required for the same,Meter Replacement / Installation Team,Meter Replacement / Installation Team,99.5,100-90% Very High,Correct
meter calibration pulse abnormal blinking at the time of testing so meter needs to replacement required,Meter Replacement / Installation Team,Meter Replacement / Installation Team,99.48,100-90% Very High,Correct
Meter RTC fail at the time of the testingso meter is defective meter needs to replace,Meter Replacement / Installation Team,Meter Replacement / Installation Team,99.8,100-90% Very High,Correct
Meter RTC fail at the time of the testingso meter is defective meter needs to replace,Meter Replacement / Installation Team,Meter Replacement / Installation Team,99.8,100-90% Very High,Correct
Meter RTC Fail at the time of testing So meter needs to replacement required,Meter Replacement / Installation Team,Meter Replacement / Installation Team,99.96,100-90% Very High,Correct
meter RTC failed at the time of testing so meter need to be changed,Meter Replacement / Installation Team,Meter Replacement / Installation Team,98.32,100-90% Very High,Correct
Meter RTC fail at the time of the testingso meter is defective meter needs to replace,Meter Replacement / Installation Team,Meter Replacement / Installation Team,99.8,100-90% Very High,Correct
Meter RTC failed at the time of testing so meter need to be change,Meter Replacement / Installation Team,Meter Replacement / Installation Team,98.09,100-90% Very High,Correct
Meter RTC fail at the time of the testingso meter is defective meter needs to replace,Meter Replacement / Installation Team,Meter Replacement / Installation Team,99.8,100-90% Very High,Correct
METER READING FORWARD JUMP SO METER REPLACEMENT REQUIRED AT SITE,Meter Replacement / Installation Team,Meter Replacement / Installation Team,98.21,100-90% Very High,Correct
meter calibration pulse abnormal blinking meter display parameters mismatch at time of testing so meter defective meter need to replacment,Meter Replacement / Installation Team,Meter Replacement / Installation Team,99.09,100-90% Very High,Correct
Meter calibration pulse is blinking abnormal at the time of testing So Meter is Defective need to be Replacement,Meter Replacement / Installation Team,Meter Replacement / Installation Team,99.92,100-90% Very High,Correct
Meter Rtc Fail So Meter Defective Needs to be replacement,Meter Replacement / Installation Team,Meter Replacement / Installation Team,99.99,100-90% Very High,Correct
Meter RTC fail at the time of the testingso meter is defective meter needs to replace,Meter Replacement / Installation Team,Meter Replacement / Installation Team,99.8,100-90% Very High,Correct
Meter RTC Fail at the time of testing So meter needs to replacement required,Meter Replacement / Installation Team,Meter Replacement / Installation Team,99.96,100-90% Very High,Correct
Meter RTC fail at the time of the testingso meter is defective meter needs to replace,Meter Replacement / Installation Team,Meter Replacement / Installation Team,99.8,100-90% Very High,Correct
Current Parameter of Phase and Neutral is not matching therefore same is defective therefore same needs to be replace Contacted Person Tarun,Meter Replacement / Installation Team,Meter Replacement / Installation Team,97.45,100-90% Very High,Correct
Meter Display Segment not Proper Showing So Meter Defective Needs to be replacement At the time of testing,Meter Replacement / Installation Team,Meter Replacement / Installation Team,99.84,100-90% Very High,Correct
MDI CORRUPT METER NOT RECORDING PROPER MDI AS PER CONNECTED LOAD SO METER REPLACEMENT REQUIRED AT SITE,Meter Replacement / Installation Team,Meter Replacement / Installation Team,99.24,100-90% Very High,Correct
RTC found Fail hence meter is defective also Low Battery found hence replacement required for the same,Meter Replacement / Installation Team,Meter Replacement / Installation Team,99.5,100-90% Very High,Correct
ELT SHOWING IN EXTERNAL LOAD SO METER REPLACEMENT REQUIRED AT SITE consumer refuse for photograph,Meter Replacement / Installation Team,Meter Replacement / Installation Team,82.03,90-75% High,Correct
Meter RTC Fail at the time of testing So meter needs to replacement required,Meter Replacement / Installation Team,Meter Replacement / Installation Team,99.96,100-90% Very High,Correct
Meter RTC Fail at the time of testing So meter needs to replacement required,Meter Replacement / Installation Team,Meter Replacement / Installation Team,99.96,100-90% Very High,Correct
Meter RTC Fail at the time of testing So meter needs to replacement required,Meter Replacement / Installation Team,Meter Replacement / Installation Team,99.96,100-90% Very High,Correct
Meter RTC fail at the time of the testingso meter is defective meter needs to replace,Meter Replacement / Installation Team,Meter Replacement / Installation Team,99.8,100-90% Very High,Correct
Meter RTC fail at the time of the testingso meter is defective meter needs to replace,Meter Replacement / Installation Team,Meter Replacement / Installation Team,99.8,100-90% Very High,Correct
meter ELT ON on external load so meter defective meter need to replacment,Meter Replacement / Installation Team,Meter Replacement / Installation Team,99.51,100-90% Very High,Correct
Meter RTC Failed at the time of testing so meter need to be changed,Meter Replacement / Installation Team,Meter Replacement / Installation Team,98.32,100-90% Very High,Correct
Meter RTC fail at the time of the testingso meter is defective meter needs to replace,Meter Replacement / Installation Team,Meter Replacement / Installation Team,99.8,100-90% Very High,Correct
meter RTC failed at the time of testing so meter need to be changed,Meter Replacement / Installation Team,Meter Replacement / Installation Team,98.32,100-90% Very High,Correct
Meter RTC Fail at the time of testing So meter needs to replacement required,Meter Replacement / Installation Team,Meter Replacement / Installation Team,99.96,100-90% Very High,Correct
Meter RTC fail at the time of the testingso meter is defective meter needs to replace,Meter Replacement / Installation Team,Meter Replacement / Installation Team,99.8,100-90% Very High,Correct
Meter RTC fail at the time of the testingso meter is defective meter needs to replace,Meter Replacement / Installation Team,Meter Replacement / Installation Team,99.8,100-90% Very High,Correct
Meter RTC fail at the time of the testingso meter is defective meter needs to replace,Meter Replacement / Installation Team,Meter Replacement / Installation Team,99.8,100-90% Very High,Correct
Meter display flickering so meter need to be change,Meter Replacement / Installation Team,Meter Replacement / Installation Team,97.71,100-90% Very High,Correct
meter calibration pulse without load blinking so meter defective meter need to replacment,Meter Replacement / Installation Team,Meter Replacement / Installation Team,99.27,100-90% Very High,Correct
Meter RTC fail at the time of the testingso meter is defective meter needs to replace,Meter Replacement / Installation Team,Meter Replacement / Installation Team,99.8,100-90% Very High,Correct
Meter RTC Fail at the time of testing So meter needs to replacement required,Meter Replacement / Installation Team,Meter Replacement / Installation Team,99.96,100-90% Very High,Correct
Meter RTC failed at the time of testing so meter need to be change,Meter Replacement / Installation Team,Meter Replacement / Installation Team,98.09,100-90% Very High,Correct
meter reading forward jump so meter replacement required at site,Meter Replacement / Installation Team,Meter Replacement / Installation Team,98.21,100-90% Very High,Correct
Meter RTC fail at the time of the testingso meter is defective meter needs to replace,Meter Replacement / Installation Team,Meter Replacement / Installation Team,99.8,100-90% Very High,Correct
Meter RTC Corrupted So Meter Defective Needs to be replacement At the time of testing,Meter Replacement / Installation Team,Meter Replacement / Installation Team,99.76,100-90% Very High,Correct
meter display segment found defective so meter need to be changed,Meter Replacement / Installation Team,Meter Replacement / Installation Team,99.92,100-90% Very High,Correct
Meter RTC fail at the time of the testingso meter is defective meter needs to replace,Meter Replacement / Installation Team,Meter Replacement / Installation Team,99.8,100-90% Very High,Correct
Meter Display parameters not Match in Standard Meter So Meter Defective Needs to be replacement At the time of testing,Meter Replacement / Installation Team,Meter Replacement / Installation Team,97.8,100-90% Very High,Correct
Meter RTC fail at the time of the testingso meter is defective meter needs to replace,Meter Replacement / Installation Team,Meter Replacement / Installation Team,99.8,100-90% Very High,Correct
Meter RTC fail at the time of the testingso meter is defective meter needs to replace,Meter Replacement / Installation Team,Meter Replacement / Installation Team,99.8,100-90% Very High,Correct
Meter Terminal Are Found Burnt So Meter Is Defective Need Replacement,Meter Replacement / Installation Team,Meter Replacement / Installation Team,99.98,100-90% Very High,Correct
Meter ELT ON An External Load So Meter Defective Needs to be replacement At the time of testing,Meter Replacement / Installation Team,Meter Replacement / Installation Team,99.49,100-90% Very High,Correct
Current Month MDI of KW is Very high as compare to KVA hence meter is defective therefore same needs to be replace under defective category,Meter Replacement / Installation Team,Meter Replacement / Installation Team,99.15,100-90% Very High,Correct
meter RTC failed at the time of testing so meter need to be changed,Meter Replacement / Installation Team,Meter Replacement / Installation Team,98.32,100-90% Very High,Correct
Seven Segment Display found faulty hence replacement required for the same under defective category Photographs has been attached for reference,Meter Replacement / Installation Team,Meter Replacement / Installation Team,99.43,100-90% Very High,Correct
Meter RTC Fail at the time of testing So meter needs to replacement required,Meter Replacement / Installation Team,Meter Replacement / Installation Team,99.96,100-90% Very High,Correct
Meter RTC Fail at the time of testing So meter needs to replacement required,Meter Replacement / Installation Team,Meter Replacement / Installation Team,99.96,100-90% Very High,Correct
Meter RTC Fail at the time of testing So meter needs to replacement required,Meter Replacement / Installation Team,Meter Replacement / Installation Team,99.96,100-90% Very High,Correct
Meter RTC fail at the time of the testingso meter is defective meter needs to replace,Meter Replacement / Installation Team,Meter Replacement / Installation Team,99.8,100-90% Very High,Correct
Earth LED found ON even on External Load KW hence meter is defective and replacement required for the same,Meter Replacement / Installation Team,Meter Replacement / Installation Team,98.65,100-90% Very High,Correct
Meter RTC Corrupted So Meter Defective Needs to be replacement At the time of testing,Meter Replacement / Installation Team,Meter Replacement / Installation Team,99.76,100-90% Very High,Correct
meter RTC failed at the time of testing so meter need to be changed,Meter Replacement / Installation Team,Meter Replacement / Installation Team,98.32,100-90% Very High,Correct
Meter RTC Fail at the time of testing So meter needs to replacement required,Meter Replacement / Installation Team,Meter Replacement / Installation Team,99.96,100-90% Very High,Correct
Meter RTC fail at the time of the testingso meter is defective meter needs to replace,Meter Replacement / Installation Team,Meter Replacement / Installation Team,99.8,100-90% Very High,Correct
Meter RTC fail at the time of the testingso meter is defective meter needs to replace,Meter Replacement / Installation Team,Meter Replacement / Installation Team,99.8,100-90% Very High,Correct
Meter RTC Failed at the time of testing so meter need to be changed,Meter Replacement / Installation Team,Meter Replacement / Installation Team,98.32,100-90% Very High,Correct
Meter Display Segment not Proper Showing So Meter Defective Needs to be replacement At the time of testing,Meter Replacement / Installation Team,Meter Replacement / Installation Team,99.84,100-90% Very High,Correct
Meter RTC fail at the time of the testingso meter is defective meter needs to replace,Meter Replacement / Installation Team,Meter Replacement / Installation Team,99.8,100-90% Very High,Correct
Meter RTC Fail at the time of testing So meter needs to replacement required,Meter Replacement / Installation Team,Meter Replacement / Installation Team,99.96,100-90% Very High,Correct
Meter RTC Failed at the time of testing so meter need to be changed,Meter Replacement / Installation Team,Meter Replacement / Installation Team,98.32,100-90% Very High,Correct
Meter calibration pulse is blinking abnormal without load at the time of testing So Meter is Defective need to be Replacement,Meter Replacement / Installation Team,Meter Replacement / Installation Team,99.9,100-90% Very High,Correct
meter RTC failed at the time of testing so meter need to be changed,Meter Replacement / Installation Team,Meter Replacement / Installation Team,98.32,100-90% Very High,Correct
Seven Segment Display found faulty hence replacement required for the same under defective category Photographs has been attached for reference,Meter Replacement / Installation Team,Meter Replacement / Installation Team,99.43,100-90% Very High,Correct
Meter RTC Fail at the time of testing So meter needs to replacement required,Meter Replacement / Installation Team,Meter Replacement / Installation Team,99.96,100-90% Very High,Correct
Meter RTC Fail at the time of testing So meter needs to replacement required,Meter Replacement / Installation Team,Meter Replacement / Installation Team,99.96,100-90% Very High,Correct
Meter RTC fail at the time of the testingso meter is defective meter needs to replace,Meter Replacement / Installation Team,Meter Replacement / Installation Team,99.8,100-90% Very High,Correct
Meter RTC fail at the time of the testingso meter is defective meter needs to replace,Meter Replacement / Installation Team,Meter Replacement / Installation Team,99.8,100-90% Very High,Correct
meter RTC failed at the time of testing so meter need to be changed,Meter Replacement / Installation Team,Meter Replacement / Installation Team,98.32,100-90% Very High,Correct
Meter RTC Fail at the time of testing So meter needs to replacement required,Meter Replacement / Installation Team,Meter Replacement / Installation Team,99.96,100-90% Very High,Correct
meter RTC failed at the time of testing so meter need to change,Meter Replacement / Installation Team,Meter Replacement / Installation Team,98.09,100-90% Very High,Correct
meter RTc failed at the time of testing so meter need to be changed,Meter Replacement / Installation Team,Meter Replacement / Installation Team,98.32,100-90% Very High,Correct
Meter RTC Fail at the time of testing So meter needs to replacement required,Meter Replacement / Installation Team,Meter Replacement / Installation Team,99.96,100-90% Very High,Correct
meter RTC failed at the time of testing so meter need to be changed,Meter Replacement / Installation Team,Meter Replacement / Installation Team,98.32,100-90% Very High,Correct
Meter RTC fail at the time of the testingso meter is defective meter needs to replace,Meter Replacement / Installation Team,Meter Replacement / Installation Team,99.8,100-90% Very High,Correct
Meter RTC Failed at the time of testing so meter need to be changed,Meter Replacement / Installation Team,Meter Replacement / Installation Team,98.32,100-90% Very High,Correct
meter RTC failed at the time of testing so meter need to change,Meter Replacement / Installation Team,Meter Replacement / Installation Team,98.09,100-90% Very High,Correct
meter RTC failed at the time of testing so meter need to be changed,Meter Replacement / Installation Team,Meter Replacement / Installation Team,98.32,100-90% Very High,Correct
Meter RTC Fail at the time of testing So meter needs to replacement required,Meter Replacement / Installation Team,Meter Replacement / Installation Team,99.96,100-90% Very High,Correct
Meter RTC Failed at the time of testing so meter need to be changed,Meter Replacement / Installation Team,Meter Replacement / Installation Team,98.32,100-90% Very High,Correct
Meter tested as per safety normsbut meter MDI not recorded as per connected load So Meter is Defective Need Replacement,Meter Replacement / Installation Team,Meter Replacement / Installation Team,99.36,100-90% Very High,Correct
Meter RTC Fail at the time of testing So meter needs to replacement required,Meter Replacement / Installation Team,Meter Replacement / Installation Team,99.96,100-90% Very High,Correct
Meter RTC fail at the time of the testingso meter is defective meter needs to replace,Meter Replacement / Installation Team,Meter Replacement / Installation Team,99.8,100-90% Very High,Correct
Seven Segment Display found faulty hence replacement required for the same under defective category Photographs has been attached for reference,Meter Replacement / Installation Team,Meter Replacement / Installation Team,99.43,100-90% Very High,Correct
Meter RTC fail at the time of the testingso meter is defective meter needs to replace,Meter Replacement / Installation Team,Meter Replacement / Installation Team,99.8,100-90% Very High,Correct
meter RTC failed at the time of testing so meter need to be changed,Meter Replacement / Installation Team,Meter Replacement / Installation Team,98.32,100-90% Very High,Correct
METER RTC Fail So Meter Is Defective Need Replacement,Meter Replacement / Installation Team,Meter Replacement / Installation Team,100.0,100-90% Very High,Correct
Meter RTC Fail at the time of testing So meter needs to replacement required,Meter Replacement / Installation Team,Meter Replacement / Installation Team,99.96,100-90% Very High,Correct
Meter RTC Fail at the time of testing So meter needs to replacement required,Meter Replacement / Installation Team,Meter Replacement / Installation Team,99.96,100-90% Very High,Correct
Meter RTC Fail at the time of testing So meter needs to replacement required,Meter Replacement / Installation Team,Meter Replacement / Installation Team,99.96,100-90% Very High,Correct
Meter RTC Fail at the time of testing So meter needs to replacement required,Meter Replacement / Installation Team,Meter Replacement / Installation Team,99.96,100-90% Very High,Correct
The instantaneous parameter of the Meter display is mismatched Voltage parameter of Meter display V is found mismatched BUT ACTUAL VOLTAGE IS V so meter replacement required at site,Meter Replacement / Installation Team,Meter Replacement / Installation Team,97.32,100-90% Very High,Correct
RTC CORRUPT SO METER REPLACEMENT REQUIRED AT SITE,Meter Replacement / Installation Team,Meter Replacement / Installation Team,98.91,100-90% Very High,Correct
Meter display segment found defective so meter need to change,Meter Replacement / Installation Team,Meter Replacement / Installation Team,99.84,100-90% Very High,Correct
RTC CORRUPT SO METER REPLACEMENT REQUIRED AT SITE,Meter Replacement / Installation Team,Meter Replacement / Installation Team,98.91,100-90% Very High,Correct
Meter RTC Failed at the time of testing so meter need to be changed,Meter Replacement / Installation Team,Meter Replacement / Installation Team,98.32,100-90% Very High,Correct
Meter RTC fail at the time of the testingso meter is defective meter needs to replace,Meter Replacement / Installation Team,Meter Replacement / Installation Team,99.8,100-90% Very High,Correct
Meter RTC Failed at the time of testing so meter need to be changed,Meter Replacement / Installation Team,Meter Replacement / Installation Team,98.32,100-90% Very High,Correct
meter display segment found defective so meter need to be changed,Meter Replacement / Installation Team,Meter Replacement / Installation Team,99.92,100-90% Very High,Correct
Meter RTC fail at the time of the testingso meter is defective meter needs to replace,Meter Replacement / Installation Team,Meter Replacement / Installation Team,99.8,100-90% Very High,Correct
FIGURE UPSET SO METER REPLACEMENT REQUIRED AT SITE,Meter Replacement / Installation Team,Meter Replacement / Installation Team,98.4,100-90% Very High,Correct
Meter RTC Failed at the time of testing so meter need to be changed,Meter Replacement / Installation Team,Meter Replacement / Installation Team,98.32,100-90% Very High,Correct
Meter RTC Fail at the time of testing So meter needs to replacement required,Meter Replacement / Installation Team,Meter Replacement / Installation Team,99.96,100-90% Very High,Correct
meter display burnt so meter need to be change,Meter Replacement / Installation Team,Meter Replacement / Installation Team,98.97,100-90% Very High,Correct
Meter RTC Fail at the time of testing So meter needs to replacement required,Meter Replacement / Installation Team,Meter Replacement / Installation Team,99.96,100-90% Very High,Correct
MDI is not recording as per connected load so meter is defectiveMeter need to be Replacement,Meter Replacement / Installation Team,Meter Replacement / Installation Team,99.16,100-90% Very High,Correct
Meter display segment found defective so meter need to be changed,Meter Replacement / Installation Team,Meter Replacement / Installation Team,99.92,100-90% Very High,Correct
Meter RTC Failed at the time of testing so meter need to be changed,Meter Replacement / Installation Team,Meter Replacement / Installation Team,98.32,100-90% Very High,Correct
Meter RTC fail at the time of the testingso meter is defective meter needs to replace,Meter Replacement / Installation Team,Meter Replacement / Installation Team,99.8,100-90% Very High,Correct
Meter RTC Failed at the time of testing so meter need to be changed,Meter Replacement / Installation Team,Meter Replacement / Installation Team,98.32,100-90% Very High,Correct
Meter RTC Failed at the time of testing so meter need to be changed,Meter Replacement / Installation Team,Meter Replacement / Installation Team,98.32,100-90% Very High,Correct
meter IC terminal found burntso meter defective need replacement,Meter Replacement / Installation Team,Meter Replacement / Installation Team,98.63,100-90% Very High,Correct
RTC found Fail hence meter is defective also Low Battery found hence replacement required for the same,Meter Replacement / Installation Team,Meter Replacement / Installation Team,99.5,100-90% Very High,Correct
Meter RTC Failed at the time of testing so meter need to be changed,Meter Replacement / Installation Team,Meter Replacement / Installation Team,98.32,100-90% Very High,Correct
Current Parameter of Phase and Neutral is not matching therefore same is defective therefore same needs to be replace,Meter Replacement / Installation Team,Meter Replacement / Installation Team,98.43,100-90% Very High,Correct
Meter RTC Fail at the time of testing So meter needs to replacement required,Meter Replacement / Installation Team,Meter Replacement / Installation Team,99.96,100-90% Very High,Correct
Meter RTC Fail at the time of testing So meter needs to replacement required,Meter Replacement / Installation Team,Meter Replacement / Installation Team,99.96,100-90% Very High,Correct
Meter RTC Fail at the time of testing So meter needs to replacement required,Meter Replacement / Installation Team,Meter Replacement / Installation Team,99.96,100-90% Very High,Correct
Meter RTC Fail at the time of testing So meter needs to replacement required,Meter Replacement / Installation Team,Meter Replacement / Installation Team,99.96,100-90% Very High,Correct
Meter RTC Fail at the time of testing So meter needs to replacement required,Meter Replacement / Installation Team,Meter Replacement / Installation Team,99.96,100-90% Very High,Correct
meter display sagment defective so meter need to replacment,Meter Replacement / Installation Team,Meter Replacement / Installation Team,99.22,100-90% Very High,Correct
Meter RTC Corrupted So Meter Defective Needs to be replacement At the time of testing,Meter Replacement / Installation Team,Meter Replacement / Installation Team,99.76,100-90% Very High,Correct
meter RTC failed at the time of testing so meter need to be changed,Meter Replacement / Installation Team,Meter Replacement / Installation Team,98.32,100-90% Very High,Correct
Meter RTC Fail at the time of testing So meter needs to replacement required,Meter Replacement / Installation Team,Meter Replacement / Installation Team,99.96,100-90% Very High,Correct
Seven Segment display found faulty seven segment is partially absent meter is defective and replacement required for the same,Meter Replacement / Installation Team,Meter Replacement / Installation Team,97.62,100-90% Very High,Correct
RTC CORRUPT SO METER REPLACEMENT REQUIRED AT SITE,Meter Replacement / Installation Team,Meter Replacement / Installation Team,98.91,100-90% Very High,Correct
Meter RTC Failed at the time of testing so meter need to be changed,Meter Replacement / Installation Team,Meter Replacement / Installation Team,98.32,100-90% Very High,Correct
Meter RTC fail at the time of the testingso meter is defective meter needs to replace,Meter Replacement / Installation Team,Meter Replacement / Installation Team,99.8,100-90% Very High,Correct
Earth LED found ON even on External Load KW hence meter is defective and replacement required for the same,Meter Replacement / Installation Team,Meter Replacement / Installation Team,98.65,100-90% Very High,Correct
Meter RTC Fail at the time of testing So meter needs to replacement required,Meter Replacement / Installation Team,Meter Replacement / Installation Team,99.96,100-90% Very High,Correct
Meter RTC Failed at the time of testing so meter need to be changed,Meter Replacement / Installation Team,Meter Replacement / Installation Team,98.32,100-90% Very High,Correct
Meter RTC Corrupted So Meter Defective Needs to be replacement At the time of testing,Meter Replacement / Installation Team,Meter Replacement / Installation Team,99.76,100-90% Very High,Correct
During testing it was observed that the cover gate of the HT CTPT unit was detached from its hinges on the meter cubicle body rectification reqired for HT CTPT Due to this gap an unusual sound was emanating from the HT unit Additionally all HTPT strips were found damaged on the PT side The meter could not be tested due to safety concerns and insufficient load at the site Also concerned photos has been attached,Meter Replacement / Installation Team,Meter Replacement / Installation Team,92.26,100-90% Very High,Correct
meter abnormal pulse blinkingso meter defective need replacement,Meter Replacement / Installation Team,Meter Replacement / Installation Team,99.59,100-90% Very High,Correct
Meter RTC Fail at the time of testing So meter needs to replacement required,Meter Replacement / Installation Team,Meter Replacement / Installation Team,99.96,100-90% Very High,Correct
Meter RTC Fail at the time of testing So meter needs to replacement required,Meter Replacement / Installation Team,Meter Replacement / Installation Team,99.96,100-90% Very High,Correct
meter RTC failed at the time of testing so meter need to be changed,Meter Replacement / Installation Team,Meter Replacement / Installation Team,98.32,100-90% Very High,Correct
meter outgoing terminal burnt so meter defective meter need to replacment,Meter Replacement / Installation Team,Meter Replacement / Installation Team,99.09,100-90% Very High,Correct
meter ELT ON on external load so meter defective meter need to replacement,Meter Replacement / Installation Team,Meter Replacement / Installation Team,99.94,100-90% Very High,Correct
Meter RTC Found Fail also Low Battery found hence meter is defective and replacement required for the same,Meter Replacement / Installation Team,Meter Replacement / Installation Team,99.65,100-90% Very High,Correct
Meter RTC Fail at the time of testing So meter needs to replacement required,Meter Replacement / Installation Team,Meter Replacement / Installation Team,99.96,100-90% Very High,Correct
Meter RTC fail at the time of the testingso meter is defective meter needs to replace,Meter Replacement / Installation Team,Meter Replacement / Installation Team,99.8,100-90% Very High,Correct
Meter RTC fail at the time of the testingso meter is defective meter needs to replace,Meter Replacement / Installation Team,Meter Replacement / Installation Team,99.8,100-90% Very High,Correct
MDI CORRUPT SO METER REPLACEMENT REQUIRED AT SITE,Meter Replacement / Installation Team,Meter Replacement / Installation Team,99.23,100-90% Very High,Correct
Meter RTC Failed at the time of testing so meter need to be changed,Meter Replacement / Installation Team,Meter Replacement / Installation Team,98.32,100-90% Very High,Correct
Metet Display is found Blank no display found on meter hence meter is defective amd replacement required for the same,Meter Replacement / Installation Team,Meter Replacement / Installation Team,98.28,100-90% Very High,Correct
Meter RTC Corrupted So Meter Defective Needs to be replacement At the time of testing,Meter Replacement / Installation Team,Meter Replacement / Installation Team,99.76,100-90% Very High,Correct
Meter EL is ON on external load so meter is defective and need replacement,Meter Replacement / Installation Team,Meter Replacement / Installation Team,99.82,100-90% Very High,Correct
Earth LED found ON even on External Load KW hence meter is defective and replacement required for the same,Meter Replacement / Installation Team,Meter Replacement / Installation Team,98.65,100-90% Very High,Correct
Meter RTC found Failed Also very High MDI Observed hence meter is defective and replacment Required for the same also Meter is of Class,Meter Replacement / Installation Team,Meter Replacement / Installation Team,98.67,100-90% Very High,Correct
Meter RTC fail at the time of the testingso meter is defective meter needs to replace,Meter Replacement / Installation Team,Meter Replacement / Installation Team,99.8,100-90% Very High,Correct
meter ELT glow on external load at the time of testing so meter needs to be replacement required,Meter Replacement / Installation Team,Meter Replacement / Installation Team,98.35,100-90% Very High,Correct
meter RTC failed at the time of testing so meter need to be changed,Meter Replacement / Installation Team,Meter Replacement / Installation Team,98.32,100-90% Very High,Correct
EL LED found Glowing even on External Load KW hence meter is defective and therefore same needs to be replaced under defective category Contacted Person Jagbir Singh,Meter Replacement / Installation Team,Meter Replacement / Installation Team,98.12,100-90% Very High,Correct
meter RTC fail at the time of testing so meter needs to replacement required,Meter Replacement / Installation Team,Meter Replacement / Installation Team,99.96,100-90% Very High,Correct
Meter display segment defective at the time of testing so meter need replacement required,Meter Replacement / Installation Team,Meter Replacement / Installation Team,100.0,100-90% Very High,Correct
Meter RTC Corrupted So Meter Defective Needs to be replacement At the time of testing,Meter Replacement / Installation Team,Meter Replacement / Installation Team,99.76,100-90% Very High,Correct
meter RTC failed at the time of testing so meter need to be changed,Meter Replacement / Installation Team,Meter Replacement / Installation Team,98.32,100-90% Very High,Correct
meter abnormal pulse blinking so meter defective need replacement,Meter Replacement / Installation Team,Meter Replacement / Installation Team,99.96,100-90% Very High,Correct
meter RTC failed at the time of testing so meter need to be changed,Meter Replacement / Installation Team,Meter Replacement / Installation Team,98.32,100-90% Very High,Correct
meter RTC failed at the time of testing so meter need to be changed,Meter Replacement / Installation Team,Meter Replacement / Installation Team,98.32,100-90% Very High,Correct
Meter RTC fail at the time of the testingso meter is defective meter needs to replace,Meter Replacement / Installation Team,Meter Replacement / Installation Team,99.8,100-90% Very High,Correct
Meter RTC fail at the time of the testingso meter is defective meter needs to replace,Meter Replacement / Installation Team,Meter Replacement / Installation Team,99.8,100-90% Very High,Correct
Meter RTC fail at the time of the testingso meter is defective meter needs to replace,Meter Replacement / Installation Team,Meter Replacement / Installation Team,99.8,100-90% Very High,Correct
Meter RTC Corrupted So Meter Defective Needs to be replacement At the time of testing,Meter Replacement / Installation Team,Meter Replacement / Installation Team,99.76,100-90% Very High,Correct
Meter RTC fail at the time of the testingso meter is defective meter needs to replace,Meter Replacement / Installation Team,Meter Replacement / Installation Team,99.8,100-90% Very High,Correct
meter display faulty so meter defective meter need to replacement,Meter Replacement / Installation Team,Meter Replacement / Installation Team,99.94,100-90% Very High,Correct
FIGURE UPSET SO METER REPLACEMENT REQUIRED AT SITE,Meter Replacement / Installation Team,Meter Replacement / Installation Team,98.4,100-90% Very High,Correct
METER RTC Fail So Meter Is Defective Need Replacement,Meter Replacement / Installation Team,Meter Replacement / Installation Team,100.0,100-90% Very High,Correct
Meter RTC Fail at the time of testing So meter needs to replacement required,Meter Replacement / Installation Team,Meter Replacement / Installation Team,99.96,100-90% Very High,Correct
meter RTC failed at the time of testing so meter need to be changed,Meter Replacement / Installation Team,Meter Replacement / Installation Team,98.32,100-90% Very High,Correct
Meter RTC Fail at the time of testing So meter needs to replacement required,Meter Replacement / Installation Team,Meter Replacement / Installation Team,99.96,100-90% Very High,Correct
Meter RTC fail at the time of the testingso meter is defective meter needs to replace,Meter Replacement / Installation Team,Meter Replacement / Installation Team,99.8,100-90% Very High,Correct
Meter RTC fail at the time of the testingso meter is defective meter needs to replace,Meter Replacement / Installation Team,Meter Replacement / Installation Team,99.8,100-90% Very High,Correct
Current Parameter of Phase and Neutral is not matching therefore same is defective therefore same needs to be replace,Meter Replacement / Installation Team,Meter Replacement / Installation Team,98.43,100-90% Very High,Correct
meter RTC failed at the time of testing so meter need to be changed,Meter Replacement / Installation Team,Meter Replacement / Installation Team,98.32,100-90% Very High,Correct
Meter RTC Corrupted So Meter Defective Needs to be replacement At the time of testing,Meter Replacement / Installation Team,Meter Replacement / Installation Team,99.76,100-90% Very High,Correct
Meter display segments are not properly visible so meter is defective and need replacement,Meter Replacement / Installation Team,Meter Replacement / Installation Team,98.91,100-90% Very High,Correct
RTC CORRUPT SO METER REPLACEMENT REQUIRED AT SITE,Meter Replacement / Installation Team,Meter Replacement / Installation Team,98.91,100-90% Very High,Correct
Meter display smokey and burnt so meter need to be changed,Meter Replacement / Installation Team,Meter Replacement / Installation Team,97.59,100-90% Very High,Correct
Meter display segment not proper so meter defective needs replacement at the time of testing,Meter Replacement / Installation Team,Meter Replacement / Installation Team,99.73,100-90% Very High,Correct
Meter RTC Fail at the time of testing So meter needs to replacement required,Meter Replacement / Installation Team,Meter Replacement / Installation Team,99.96,100-90% Very High,Correct
Meter RTC Fail at the time of testing So meter needs to replacement required,Meter Replacement / Installation Team,Meter Replacement / Installation Team,99.96,100-90% Very High,Correct
Meter RTC fail at the time of the testingso meter is defective meter needs to replace,Meter Replacement / Installation Team,Meter Replacement / Installation Team,99.8,100-90% Very High,Correct
Meter RTC Failed at the time of testing so meter need to be changed,Meter Replacement / Installation Team,Meter Replacement / Installation Team,98.32,100-90% Very High,Correct
Meter RTC Corrupted So Meter Defective Needs to be replacement At the time of testing,Meter Replacement / Installation Team,Meter Replacement / Installation Team,99.76,100-90% Very High,Correct
Meter RTC fail at the time of the testingso meter is defective meter needs to replace,Meter Replacement / Installation Team,Meter Replacement / Installation Team,99.8,100-90% Very High,Correct
Meter pulse Abnormal Blinking So Meter Defective Needs to be replacement At the time of testing,Meter Replacement / Installation Team,Meter Replacement / Installation Team,99.62,100-90% Very High,Correct
Meter mdi KW not recording as per connected load so meter need replacement required discuss with back office,Meter Replacement / Installation Team,Meter Replacement / Installation Team,99.5,100-90% Very High,Correct
ABNORMAL PULSE BLINKING IN METER SO METER REPLACEMENT REQUIRED AT SITE,Meter Replacement / Installation Team,Meter Replacement / Installation Team,99.61,100-90% Very High,Correct
Meter display segment defective at the time of testing so meter need replacement required,Meter Replacement / Installation Team,Meter Replacement / Installation Team,100.0,100-90% Very High,Correct
Seven Segment Display found faulty hence replacement required for the same under defective category Photographs has been attached for reference,Meter Replacement / Installation Team,Meter Replacement / Installation Team,99.43,100-90% Very High,Correct
Meter RTC Corrupted So Meter Defective Needs to be replacement At the time of testing,Meter Replacement / Installation Team,Meter Replacement / Installation Team,99.76,100-90% Very High,Correct
Meter RTC Corrupted So Meter Defective Needs to be replacement At the time of testing,Meter Replacement / Installation Team,Meter Replacement / Installation Team,99.76,100-90% Very High,Correct
Meter RTC found fail Hence meter is defective and replacement required for the same,Meter Replacement / Installation Team,Meter Replacement / Installation Team,100.0,100-90% Very High,Correct
Meter display segment defective at the time of testing so meter need replacement required,Meter Replacement / Installation Team,Meter Replacement / Installation Team,100.0,100-90% Very High,Correct
Meter RTC found fail Hence meter is defective and replacement required for the same,Meter Replacement / Installation Team,Meter Replacement / Installation Team,100.0,100-90% Very High,Correct
RTC is corrupt hence Meter replacement is required,Meter Replacement / Installation Team,Meter Replacement / Installation Team,98.91,100-90% Very High,Correct
meter RTC fail so meter defective need replacement,Meter Replacement / Installation Team,Meter Replacement / Installation Team,100.0,100-90% Very High,Correct
meter calibration pulse not blinking at load at the time of testing so meter needs to be replacement required,Meter Replacement / Installation Team,Meter Replacement / Installation Team,99.42,100-90% Very High,Correct
Meter RTC Corrupted So Meter Defective Needs to be replacement At the time of testing,Meter Replacement / Installation Team,Meter Replacement / Installation Team,99.76,100-90% Very High,Correct
Meter RTC Currupted So Meter Defective Needs to be replacement At the time of testing,Meter Replacement / Installation Team,Meter Replacement / Installation Team,98.28,100-90% Very High,Correct
meter RTC failed at the time of testing so meter need to be changed,Meter Replacement / Installation Team,Meter Replacement / Installation Team,98.32,100-90% Very High,Correct
Meter RTC fail at the time of the testingso meter is defective meter needs to replace,Meter Replacement / Installation Team,Meter Replacement / Installation Team,99.8,100-90% Very High,Correct
meter RTC failed at the time of testing so meter need to be changed,Meter Replacement / Installation Team,Meter Replacement / Installation Team,98.32,100-90% Very High,Correct
Meter RTC fail at the time of the testingso meter is defective meter needs to replace,Meter Replacement / Installation Team,Meter Replacement / Installation Team,99.8,100-90% Very High,Correct
Meter RTC Failed at the time of testing so meter need to be changed,Meter Replacement / Installation Team,Meter Replacement / Installation Team,98.32,100-90% Very High,Correct
Meter internal display smoky and burnt hence referred for meter replacement,Meter Replacement / Installation Team,Meter Replacement / Installation Team,97.37,100-90% Very High,Correct
Meter RTC fail at the time of the testingso meter is defective meter needs to replace,Meter Replacement / Installation Team,Meter Replacement / Installation Team,99.8,100-90% Very High,Correct
meter RTC failed at the time of testing so meter need to be changed,Meter Replacement / Installation Team,Meter Replacement / Installation Team,98.32,100-90% Very High,Correct
Meter calibration pulse not bilking at load and meter not read current load bt Accucheak read amp at the time of testing Meter needs to be replacement required,Meter Replacement / Installation Team,Meter Replacement / Installation Team,97.51,100-90% Very High,Correct
Meter RTC Fail at the time of testing So meter needs to replacement required,Meter Replacement / Installation Team,Meter Replacement / Installation Team,99.96,100-90% Very High,Correct
Meter RTC fail at the time of the testingso meter is defective meter needs to replace,Meter Replacement / Installation Team,Meter Replacement / Installation Team,99.8,100-90% Very High,Correct
Meter RTC fail at the time of the testingso meter is defective meter needs to replace,Meter Replacement / Installation Team,Meter Replacement / Installation Team,99.8,100-90% Very High,Correct
Meter RTC Fail at the time of testing So meter needs to replacement required,Meter Replacement / Installation Team,Meter Replacement / Installation Team,99.96,100-90% Very High,Correct
Meter RTC fail at the time of the testingso meter is defective meter needs to replace,Meter Replacement / Installation Team,Meter Replacement / Installation Team,99.8,100-90% Very High,Correct
Meter RTC fail at the time of the testingso meter is defective meter needs to replace,Meter Replacement / Installation Team,Meter Replacement / Installation Team,99.8,100-90% Very High,Correct
meter RTC failed at the time of testing so meter need to be changed,Meter Replacement / Installation Team,Meter Replacement / Installation Team,98.32,100-90% Very High,Correct
Meter RTC fail at the time of the testingso meter is defective meter needs to replace,Meter Replacement / Installation Team,Meter Replacement / Installation Team,99.8,100-90% Very High,Correct
Meter RTC Fail at the time of testing So meter needs to replacement required,Meter Replacement / Installation Team,Meter Replacement / Installation Team,99.96,100-90% Very High,Correct
Meter RTC fail at the time of the testingso meter is defective meter needs to replace,Meter Replacement / Installation Team,Meter Replacement / Installation Team,99.8,100-90% Very High,Correct
Meter RTC fail at the time of the testingso meter is defective meter needs to replace,Meter Replacement / Installation Team,Meter Replacement / Installation Team,99.8,100-90% Very High,Correct
Meter RTC Failed at the time of testing so meter need to be changed,Meter Replacement / Installation Team,Meter Replacement / Installation Team,98.32,100-90% Very High,Correct
meter RTC failed at the time of testing so meter need to be changed,Meter Replacement / Installation Team,Meter Replacement / Installation Team,98.32,100-90% Very High,Correct
Meter RTC Failed at the time of testing so meter need to be changed,Meter Replacement / Installation Team,Meter Replacement / Installation Team,98.32,100-90% Very High,Correct
Meter RTC fail at the time of the testingso meter is defective meter needs to replace,Meter Replacement / Installation Team,Meter Replacement / Installation Team,99.8,100-90% Very High,Correct
meter RTC fail at the time of testing so meter needs to be replacement required,Meter Replacement / Installation Team,Meter Replacement / Installation Team,99.96,100-90% Very High,Correct
Meter RTC Failed at the time of testing so meter need to be changed,Meter Replacement / Installation Team,Meter Replacement / Installation Team,98.32,100-90% Very High,Correct
Meter RTC Fail at the time of testing So meter needs to replacement required,Meter Replacement / Installation Team,Meter Replacement / Installation Team,99.96,100-90% Very High,Correct
Meter RTC fail at the time of the testingso meter is defective meter needs to replace,Meter Replacement / Installation Team,Meter Replacement / Installation Team,99.8,100-90% Very High,Correct
meter RTC failed at the time of testing so meter need to be changed,Meter Replacement / Installation Team,Meter Replacement / Installation Team,98.32,100-90% Very High,Correct
Meter RTC fail at the time of the testingso meter is defective meter needs to replace,Meter Replacement / Installation Team,Meter Replacement / Installation Team,99.8,100-90% Very High,Correct
meter RTC failed at the time of testing so meter need to be changed,Meter Replacement / Installation Team,Meter Replacement / Installation Team,98.32,100-90% Very High,Correct
Meter display segments are not properly visible so meter is defective and need replacement,Meter Replacement / Installation Team,Meter Replacement / Installation Team,98.91,100-90% Very High,Correct
Meter Kwh Reading Forward Jump So Meter Defective Needs to be replacement At the time of testing,Meter Replacement / Installation Team,Meter Replacement / Installation Team,97.82,100-90% Very High,Correct
Meter RTC Fail at the time of testing So meter needs to replacement required,Meter Replacement / Installation Team,Meter Replacement / Installation Team,99.96,100-90% Very High,Correct
RTC found Fail hence meter is defective also Low Battery found hence replacement required for the same,Meter Replacement / Installation Team,Meter Replacement / Installation Team,99.5,100-90% Very High,Correct
Meter RTC Fail at the time of testing So meter needs to replacement required,Meter Replacement / Installation Team,Meter Replacement / Installation Team,99.96,100-90% Very High,Correct
RTC found Fail hence meter is defective also Low Battery found hence replacement required for the same,Meter Replacement / Installation Team,Meter Replacement / Installation Team,99.5,100-90% Very High,Correct
Meter RTC Corrupted So Meter Defective Needs to be replacement At the time of testing,Meter Replacement / Installation Team,Meter Replacement / Installation Team,99.76,100-90% Very High,Correct
Meter RTC Corrupted So Meter Defective Needs to be replacement At the time of testing,Meter Replacement / Installation Team,Meter Replacement / Installation Team,99.76,100-90% Very High,Correct
Meter RTC Corrupted So Meter Defective Needs to be replacement At the time of testing,Meter Replacement / Installation Team,Meter Replacement / Installation Team,99.76,100-90% Very High,Correct
Meter RTC Corrupted So Meter Defective Needs to be replacement At the time of testing,Meter Replacement / Installation Team,Meter Replacement / Installation Team,99.76,100-90% Very High,Correct
Meter RTC found fail Hence meter is defective and replacement required for the same,Meter Replacement / Installation Team,Meter Replacement / Installation Team,100.0,100-90% Very High,Correct
Meter RTC found fail Hence meter is defective and replacement required for the same,Meter Replacement / Installation Team,Meter Replacement / Installation Team,100.0,100-90% Very High,Correct
Meter RTC fail at the time of the testingso meter is defective meter needs to replace,Meter Replacement / Installation Team,Meter Replacement / Installation Team,99.8,100-90% Very High,Correct
RTC is corrupt hence Meter replacement is required,Meter Replacement / Installation Team,Meter Replacement / Installation Team,98.91,100-90% Very High,Correct
Meter RTC found fail Hence meter is defective and replacement required for the same,Meter Replacement / Installation Team,Meter Replacement / Installation Team,100.0,100-90% Very High,Correct
Meter RTC Corrupted So Meter Defective Needs to be replacement At the time of testing,Meter Replacement / Installation Team,Meter Replacement / Installation Team,99.76,100-90% Very High,Correct
Meter RTC fail at the time of the testingso meter is defective meter needs to replace,Meter Replacement / Installation Team,Meter Replacement / Installation Team,99.8,100-90% Very High,Correct
meter RTC failed at the time of testing so meter need to be changed,Meter Replacement / Installation Team,Meter Replacement / Installation Team,98.32,100-90% Very High,Correct
Meter RTC Fail at the time of testing So meter needs to replacement required,Meter Replacement / Installation Team,Meter Replacement / Installation Team,99.96,100-90% Very High,Correct
Meter RTC failed at the time of testing so meter need to be changed,Meter Replacement / Installation Team,Meter Replacement / Installation Team,98.32,100-90% Very High,Correct
Meter RTC Fail at the time of testing So meter needs to replacement required,Meter Replacement / Installation Team,Meter Replacement / Installation Team,99.96,100-90% Very High,Correct
Meter RTC Fail at the time of testing So meter needs to replacement required,Meter Replacement / Installation Team,Meter Replacement / Installation Team,99.96,100-90% Very High,Correct
Meter RTC Failed at the time of testing so meter need to be changed,Meter Replacement / Installation Team,Meter Replacement / Installation Team,98.32,100-90% Very High,Correct
Meter RTC fail at the time of the testingso meter is defective meter needs to replace,Meter Replacement / Installation Team,Meter Replacement / Installation Team,99.8,100-90% Very High,Correct
meter RTC fail at the time of testing so meter needs to replacement required,Meter Replacement / Installation Team,Meter Replacement / Installation Team,99.96,100-90% Very High,Correct
Meter RTC fail at the time of the testingso meter is defective meter needs to replace,Meter Replacement / Installation Team,Meter Replacement / Installation Team,99.8,100-90% Very High,Correct
Meter is tested and Instantaneous Values of Voltage parameter is not matching with the reference meter hence meter is defective and therefore same needs to be replaced under defective category photographs of High voltage V in meter parameter is been attached along with Voltage in reference meter V Contacted Person Kamla,Meter Replacement / Installation Team,Meter Replacement / Installation Team,93.96,100-90% Very High,Correct
meter display segment is defective at the time of testing so meter needs to be replacement required,Meter Replacement / Installation Team,Meter Replacement / Installation Team,99.98,100-90% Very High,Correct
Meter RTC Fail at the time of testing So meter needs to replacement required,Meter Replacement / Installation Team,Meter Replacement / Installation Team,99.96,100-90% Very High,Correct
Meter RTC Corrupted So Meter Defective Needs to be replacement At the time of testing,Meter Replacement / Installation Team,Meter Replacement / Installation Team,99.76,100-90% Very High,Correct
Meter RTC Fail at the time of testing So meter needs to replacement required,Meter Replacement / Installation Team,Meter Replacement / Installation Team,99.96,100-90% Very High,Correct
Meter RTC fail at the time of the testingso meter is defective meter needs to replace,Meter Replacement / Installation Team,Meter Replacement / Installation Team,99.8,100-90% Very High,Correct
FIGURE UPSET SO METER REPLACEMENT REQUIRED AT SITE,Meter Replacement / Installation Team,Meter Replacement / Installation Team,98.4,100-90% Very High,Correct
Meter RTC Corrupted So Meter Defective Needs to be replacement At the time of testing,Meter Replacement / Installation Team,Meter Replacement / Installation Team,99.76,100-90% Very High,Correct
Earth LED found ON even on External Load KW hence meter is defective and replacement required for the same,Meter Replacement / Installation Team,Meter Replacement / Installation Team,98.65,100-90% Very High,Correct
Meter RTC fail at the time of the testingso meter is defective meter needs to replace,Meter Replacement / Installation Team,Meter Replacement / Installation Team,99.8,100-90% Very High,Correct
Meter RTC fail at the time of the testingso meter is defective meter needs to replace,Meter Replacement / Installation Team,Meter Replacement / Installation Team,99.8,100-90% Very High,Correct
Meter RTC fail at the time of the testingso meter is defective meter needs to replace,Meter Replacement / Installation Team,Meter Replacement / Installation Team,99.8,100-90% Very High,Correct
ELT SHOWING IN EXTERNAL LOAD SO METER REPLACEMENT REQUIRED AT SITE,Meter Replacement / Installation Team,Meter Replacement / Installation Team,99.52,100-90% Very High,Correct
Meter RTC fail at the time of the testingso meter is defective meter needs to replace,Meter Replacement / Installation Team,Meter Replacement / Installation Team,99.8,100-90% Very High,Correct
Meter RTC Failed at the time of testing so meter need to be changed,Meter Replacement / Installation Team,Meter Replacement / Installation Team,98.32,100-90% Very High,Correct
Meter RTC fail at the time of the testingso meter is defective meter needs to replace,Meter Replacement / Installation Team,Meter Replacement / Installation Team,99.8,100-90% Very High,Correct
RTC found Fail hence meter is defective also Low Battery found hence replacement required for the same,Meter Replacement / Installation Team,Meter Replacement / Installation Team,99.5,100-90% Very High,Correct
Meter RTC fail at the time of the testingso meter is defective meter needs to replace,Meter Replacement / Installation Team,Meter Replacement / Installation Team,99.8,100-90% Very High,Correct
meter RTC failed at the time of testing so meter need to be changed,Meter Replacement / Installation Team,Meter Replacement / Installation Team,98.32,100-90% Very High,Correct
Meter RTC Corrupted So Meter Defective Needs to be replacement At the time of testing,Meter Replacement / Installation Team,Meter Replacement / Installation Team,99.76,100-90% Very High,Correct
Meter Accuracy is out of limit pulse is not blinking as per connected Load hence meter is defective and replacement required for the same also rectification required for burnt MCB same has been conveyed to responsible person Contacted Person Ramesh Saluja,Meter Replacement / Installation Team,Meter Replacement / Installation Team,98.03,100-90% Very High,Correct
meter RTC failed at the time of testing so meter need to be changed,Meter Replacement / Installation Team,Meter Replacement / Installation Team,98.32,100-90% Very High,Correct
meter ELT glow on without load at the time of testing so meter needs to be replacement required,Meter Replacement / Installation Team,Meter Replacement / Installation Team,99.21,100-90% Very High,Correct
Meter RTC fail at the time of the testingso meter is defective meter needs to replace,Meter Replacement / Installation Team,Meter Replacement / Installation Team,99.8,100-90% Very High,Correct
Meter RTC fail at the time of the testingso meter is defective meter needs to replace,Meter Replacement / Installation Team,Meter Replacement / Installation Team,99.8,100-90% Very High,Correct
Meter RTC fail at the time of the testingso meter is defective meter needs to replace,Meter Replacement / Installation Team,Meter Replacement / Installation Team,99.8,100-90% Very High,Correct
Meter RTC fail at the time of testing so meter need replacement required,Meter Replacement / Installation Team,Meter Replacement / Installation Team,99.99,100-90% Very High,Correct
METER VOLTAGE PARAMETER ABNORMAL VOLTAGE SHOWING IN METER DISPLAY V BUT ACTUAL VOLTAGE V SO METER REPLACEMENT REQUIRED AT SITE,Meter Replacement / Installation Team,Meter Replacement / Installation Team,95.03,100-90% Very High,Correct
Meter RTC Failed at the time of testing so meter need to be changed,Meter Replacement / Installation Team,Meter Replacement / Installation Team,98.32,100-90% Very High,Correct
Meter RTC Corrupted So Meter Defective Needs to be replacement At the time of testing,Meter Replacement / Installation Team,Meter Replacement / Installation Team,99.76,100-90% Very High,Correct
Meter RTC Fail at the time of testing So meter needs to replacement required,Meter Replacement / Installation Team,Meter Replacement / Installation Team,99.96,100-90% Very High,Correct
Meter RTC fail at the time of the testingso meter is defective meter needs to replace,Meter Replacement / Installation Team,Meter Replacement / Installation Team,99.8,100-90% Very High,Correct
Meter RTC Fail at the time of testing So meter needs to replacement required,Meter Replacement / Installation Team,Meter Replacement / Installation Team,99.96,100-90% Very High,Correct
meter display segment is defective at the time of testing so meter needs to be replacement required,Meter Replacement / Installation Team,Meter Replacement / Installation Team,99.98,100-90% Very High,Correct
RTC CORRUPT SO METER REPLACEMENT REQUIRED AT SITE,Meter Replacement / Installation Team,Meter Replacement / Installation Team,98.91,100-90% Very High,Correct
There is a discrepancy between Phase Current and Neutral current as displaye on energy meter Phase Current A Neutral Current A crossverification with AccuCheck indicates that both Phase and Neutral currents are equal so Meter is defective need to be Replacement,Meter Replacement / Installation Team,Meter Replacement / Installation Team,97.18,100-90% Very High,Correct
meter calibration pulse not blinking at load also no display at the time of testing so meter needs to be replacement required,Meter Replacement / Installation Team,Meter Replacement / Installation Team,99.47,100-90% Very High,Correct
Meter RTC Corrupted So Meter Defective Needs to be replacement At the time of testing,Meter Replacement / Installation Team,Meter Replacement / Installation Team,99.76,100-90% Very High,Correct
Meter RTC Corrupted So Meter Defective Needs to be replacement At the time of testing,Meter Replacement / Installation Team,Meter Replacement / Installation Team,99.76,100-90% Very High,Correct
Meter RTC Corrupted So Meter Defective Needs to be replacement At the time of testing,Meter Replacement / Installation Team,Meter Replacement / Installation Team,99.76,100-90% Very High,Correct
Meter RTC Corrupted So Meter Defective Needs to be replacement At the time of testing,Meter Replacement / Installation Team,Meter Replacement / Installation Team,99.76,100-90% Very High,Correct
Meter RTC found fail Hence meter is defective and replacement required for the same,Meter Replacement / Installation Team,Meter Replacement / Installation Team,100.0,100-90% Very High,Correct
Meter RTC found fail Hence meter is defective and replacement required for the same,Meter Replacement / Installation Team,Meter Replacement / Installation Team,100.0,100-90% Very High,Correct
Meter RTC Corrupted So Meter Defective Needs to be replacement At the time of testing,Meter Replacement / Installation Team,Meter Replacement / Installation Team,99.76,100-90% Very High,Correct
Meter display Calibration pulse is not working so meter is defective need to be replacement,Meter Replacement / Installation Team,Meter Replacement / Installation Team,99.61,100-90% Very High,Correct
Meter RTC Corrupted So Meter Defective Needs to be replacement At the time of testing,Meter Replacement / Installation Team,Meter Replacement / Installation Team,99.76,100-90% Very High,Correct
Meter RTC Corrupted So Meter Defective Needs to be replacement At the time of testing,Meter Replacement / Installation Team,Meter Replacement / Installation Team,99.76,100-90% Very High,Correct
Meter RTC Failed at the time of testing so meter need to be changed,Meter Replacement / Installation Team,Meter Replacement / Installation Team,98.32,100-90% Very High,Correct
Meter RTC fail at the time of the testingso meter is defective meter needs to replace,Meter Replacement / Installation Team,Meter Replacement / Installation Team,99.8,100-90% Very High,Correct
Meter RTC Fail at the time of testing So meter needs to replacement required,Meter Replacement / Installation Team,Meter Replacement / Installation Team,99.96,100-90% Very High,Correct
Meter RTC fail at the time of the testingso meter is defective meter needs to replace,Meter Replacement / Installation Team,Meter Replacement / Installation Team,99.8,100-90% Very High,Correct
meter rtc failed at the time of testing so meter need to be changed,Meter Replacement / Installation Team,Meter Replacement / Installation Team,98.32,100-90% Very High,Correct
Meter RTC fail at the time of the testingso meter is defective meter needs to replace,Meter Replacement / Installation Team,Meter Replacement / Installation Team,99.8,100-90% Very High,Correct
Meter display segment found defective so meter need to be changed,Meter Replacement / Installation Team,Meter Replacement / Installation Team,99.92,100-90% Very High,Correct
Meter display segments are not properly visible so meter is defective and need replacement,Meter Replacement / Installation Team,Meter Replacement / Installation Team,98.91,100-90% Very High,Correct
meter rtc failed at the time of testing so meter need to be changed,Meter Replacement / Installation Team,Meter Replacement / Installation Team,98.32,100-90% Very High,Correct
Meter Display Segment not Proper Showing So Meter Defective Needs to be replacement At the time of testing,Meter Replacement / Installation Team,Meter Replacement / Installation Team,99.84,100-90% Very High,Correct
meter rtc failed at the time of testing so meter need to be changed,Meter Replacement / Installation Team,Meter Replacement / Installation Team,98.32,100-90% Very High,Correct
Meter RTC fail at the time of the testingso meter is defective meter needs to replace,Meter Replacement / Installation Team,Meter Replacement / Installation Team,99.8,100-90% Very High,Correct
meter rtc failed at the time of testing so meter need to be changed,Meter Replacement / Installation Team,Meter Replacement / Installation Team,98.32,100-90% Very High,Correct
Meter RTC Fail at the time of testing So meter needs to replacement required,Meter Replacement / Installation Team,Meter Replacement / Installation Team,99.96,100-90% Very High,Correct
Meter RTC Failed at the time of testing so meter need to be changed,Meter Replacement / Installation Team,Meter Replacement / Installation Team,98.32,100-90% Very High,Correct
Meter RTC Failed at the time of testing so meter need to be changed,Meter Replacement / Installation Team,Meter Replacement / Installation Team,98.32,100-90% Very High,Correct
Meter RTC fail at the time of the testingso meter is defective meter needs to replace,Meter Replacement / Installation Team,Meter Replacement / Installation Team,99.8,100-90% Very High,Correct
Meter RTC Fail at the time of testing So meter needs to replacement required,Meter Replacement / Installation Team,Meter Replacement / Installation Team,99.96,100-90% Very High,Correct
Meter RTC fail at the time of the testingso meter is defective meter needs to replace,Meter Replacement / Installation Team,Meter Replacement / Installation Team,99.8,100-90% Very High,Correct
Meter RTC fail at the time of the testingso meter is defective meter needs to replace,Meter Replacement / Installation Team,Meter Replacement / Installation Team,99.8,100-90% Very High,Correct
Meter RTC Corrupted So Meter Defective Needs to be replacement At the time of testing,Meter Replacement / Installation Team,Meter Replacement / Installation Team,99.76,100-90% Very High,Correct
Meter RTC Corrupted So Meter Defective Needs to be replacement At the time of testing,Meter Replacement / Installation Team,Meter Replacement / Installation Team,99.76,100-90% Very High,Correct
Meter RTC fail at the time of the testingso meter is defective meter needs to replace,Meter Replacement / Installation Team,Meter Replacement / Installation Team,99.8,100-90% Very High,Correct
Meter RTC fail at the time of the testingso meter is defective meter needs to replace,Meter Replacement / Installation Team,Meter Replacement / Installation Team,99.8,100-90% Very High,Correct
Meter RTC fail at the time of the testingso meter is defective meter needs to replace,Meter Replacement / Installation Team,Meter Replacement / Installation Team,99.8,100-90% Very High,Correct
meter ELT glow on without load at the time of testing so meter needs to be replacement required,Meter Replacement / Installation Team,Meter Replacement / Installation Team,99.21,100-90% Very High,Correct
Meter RTC Failed at the time of testing so meter need to be changed,Meter Replacement / Installation Team,Meter Replacement / Installation Team,98.32,100-90% Very High,Correct
Meter RTC Fail at the time of testing So meter needs to replacement required,Meter Replacement / Installation Team,Meter Replacement / Installation Team,99.96,100-90% Very High,Correct
Meter RTC found fail Hence meter is defective and replacement required for the same,Meter Replacement / Installation Team,Meter Replacement / Installation Team,100.0,100-90% Very High,Correct
Meter RTC Corrupted So Meter Defective Needs to be replacement At the time of testing,Meter Replacement / Installation Team,Meter Replacement / Installation Team,99.76,100-90% Very High,Correct
Meter RTC Corrupted So Meter Defective Needs to be replacement At the time of testing,Meter Replacement / Installation Team,Meter Replacement / Installation Team,99.76,100-90% Very High,Correct
Meter RTC fail at the time of the testingso meter is defective meter needs to replace,Meter Replacement / Installation Team,Meter Replacement / Installation Team,99.8,100-90% Very High,Correct
Meter RTC Failed at the time of testing so meter need to be changed,Meter Replacement / Installation Team,Meter Replacement / Installation Team,98.32,100-90% Very High,Correct
meter calibration pulse blinking on IMAX on without load at the time of testing so meter needs to replacement required,Meter Replacement / Installation Team,Meter Replacement / Installation Team,98.69,100-90% Very High,Correct
Meter RTC fail at the time of the testingso meter is defective meter needs to replace,Meter Replacement / Installation Team,Meter Replacement / Installation Team,99.8,100-90% Very High,Correct
Meter RTC fail at the time of the testingso meter is defective meter needs to replace,Meter Replacement / Installation Team,Meter Replacement / Installation Team,99.8,100-90% Very High,Correct
Meter RTC Fail at the time of testing So meter needs to replacement required,Meter Replacement / Installation Team,Meter Replacement / Installation Team,99.96,100-90% Very High,Correct
Meter RTC Fail at the time of testing So meter needs to replacement required,Meter Replacement / Installation Team,Meter Replacement / Installation Team,99.96,100-90% Very High,Correct
Earth LED found ON even on External Load KW hence meter is defective and replacement required for the same,Meter Replacement / Installation Team,Meter Replacement / Installation Team,98.65,100-90% Very High,Correct
meter RTC failed at the time of testing so meter need to be changed,Meter Replacement / Installation Team,Meter Replacement / Installation Team,98.32,100-90% Very High,Correct
Earth LED found ON even on External Load KW hence meter is defective and replacement required for the same,Meter Replacement / Installation Team,Meter Replacement / Installation Team,98.65,100-90% Very High,Correct
Meter RTC Fail at the time of testing So meter needs to replacement required,Meter Replacement / Installation Team,Meter Replacement / Installation Team,99.96,100-90% Very High,Correct
meter RTC failed at the time of testing so meter need to be changed,Meter Replacement / Installation Team,Meter Replacement / Installation Team,98.32,100-90% Very High,Correct
Meter RTC fail at the time of the testingso meter is defective meter needs to replace,Meter Replacement / Installation Team,Meter Replacement / Installation Team,99.8,100-90% Very High,Correct
METER PULSE ABNORMAL BLINKING SO METER REPLACEMENT REQUIRED AT SITE,Meter Replacement / Installation Team,Meter Replacement / Installation Team,99.61,100-90% Very High,Correct
meter RTC fail so meter defective need replacement,Meter Replacement / Installation Team,Meter Replacement / Installation Team,100.0,100-90% Very High,Correct
Meter Instantaneous B Phase Voltage Found zero where V is supllied ro consuner also Burnt and Cracks found on BPhase CT hence meter is defective and replacement required for the same,Meter Replacement / Installation Team,Meter Replacement / Installation Team,79.53,90-75% High,Correct
Meter Display showing RTC failedSo meter defective need to replacement,Meter Replacement / Installation Team,Meter Replacement / Installation Team,99.83,100-90% Very High,Correct
Meter RTC Corrupted So Meter Defective Needs to be replacement At the time of testing,Meter Replacement / Installation Team,Meter Replacement / Installation Team,99.76,100-90% Very High,Correct
Meter RTC found fail Hence meter is defective and replacement required for the same,Meter Replacement / Installation Team,Meter Replacement / Installation Team,100.0,100-90% Very High,Correct
Meter RTC fail at the time of the testingso meter is defective meter needs to replace,Meter Replacement / Installation Team,Meter Replacement / Installation Team,99.8,100-90% Very High,Correct
Meter RTC fail at the time of the testingso meter is defective meter needs to replace,Meter Replacement / Installation Team,Meter Replacement / Installation Team,99.8,100-90% Very High,Correct
Meter RTC fail at the time of the testingso meter is defective meter needs to replace,Meter Replacement / Installation Team,Meter Replacement / Installation Team,99.8,100-90% Very High,Correct
Meter RTC fail at the time of the testingso meter is defective meter needs to replace,Meter Replacement / Installation Team,Meter Replacement / Installation Team,99.8,100-90% Very High,Correct
Meter RTC fail at the time of the testingso meter is defective meter needs to replace,Meter Replacement / Installation Team,Meter Replacement / Installation Team,99.8,100-90% Very High,Correct
Meter RTC fail at the time of the testingso meter is defective meter needs to replace,Meter Replacement / Installation Team,Meter Replacement / Installation Team,99.8,100-90% Very High,Correct
Meter RTC fail at the time of the testingso meter is defective meter needs to replace,Meter Replacement / Installation Team,Meter Replacement / Installation Team,99.8,100-90% Very High,Correct
meter RTC failed at the time of testing so meter need to be changed,Meter Replacement / Installation Team,Meter Replacement / Installation Team,98.32,100-90% Very High,Correct
Meter Display Segment not Proper Showing So Meter Defective Needs to be replacement At the time of testing,Meter Replacement / Installation Team,Meter Replacement / Installation Team,99.84,100-90% Very High,Correct
Meter RTC Corrupted So Meter Defective Needs to be replacement At the time of testing,Meter Replacement / Installation Team,Meter Replacement / Installation Team,99.76,100-90% Very High,Correct
Meter RTC found fail Hence meter is defective and replacement required for the same,Meter Replacement / Installation Team,Meter Replacement / Installation Team,100.0,100-90% Very High,Correct
Current Parameter of Phase and Neutral is not matching also RTC found Fail therefore same is defective therefore same needs to be replace Contacted Person Naveen,Meter Replacement / Installation Team,Meter Replacement / Installation Team,98.2,100-90% Very High,Correct
Meter RTC Fail at the time of testing So meter needs to replacement required,Meter Replacement / Installation Team,Meter Replacement / Installation Team,99.96,100-90% Very High,Correct
Meter RTC Failed at the time of testing so meter need to be changed,Meter Replacement / Installation Team,Meter Replacement / Installation Team,98.32,100-90% Very High,Correct
Meter RTC Corrupted So Meter Defective Needs to be replacement At the time of testing,Meter Replacement / Installation Team,Meter Replacement / Installation Team,99.76,100-90% Very High,Correct
Meter RTC Corrupted So Meter Defective Needs to be replacement At the time of testing,Meter Replacement / Installation Team,Meter Replacement / Installation Team,99.76,100-90% Very High,Correct
Meter RTC Failed at the time of testing so meter need to be changed,Meter Replacement / Installation Team,Meter Replacement / Installation Team,98.32,100-90% Very High,Correct
Meter RTC Fail at the time of testing So meter needs to replacement required,Meter Replacement / Installation Team,Meter Replacement / Installation Team,99.96,100-90% Very High,Correct
Meter RTC Fail at the time of testing So meter needs to replacement required,Meter Replacement / Installation Team,Meter Replacement / Installation Team,99.96,100-90% Very High,Correct
Meter RTC fail at the time of the testingso meter is defective meter needs to replace,Meter Replacement / Installation Team,Meter Replacement / Installation Team,99.8,100-90% Very High,Correct
Meter RTC Failed at the time of testing so meter need to be changed,Meter Replacement / Installation Team,Meter Replacement / Installation Team,98.32,100-90% Very High,Correct
ABNORMAL PULSE BLINKING IN METER SO METER REPLACEMENT REQUIRED AT SITE,Meter Replacement / Installation Team,Meter Replacement / Installation Team,99.61,100-90% Very High,Correct
Meter RTC fail at the time of the testingso meter is defective meter needs to replace,Meter Replacement / Installation Team,Meter Replacement / Installation Team,99.8,100-90% Very High,Correct
meter tested as per safety norms meter No display so meter defective meter need to replacment,Meter Replacement / Installation Team,Meter Replacement / Installation Team,98.48,100-90% Very High,Correct
Current Parameter of Phase and Neutral is not matching therefore same is defective therefore same needs to be replace,Meter Replacement / Installation Team,Meter Replacement / Installation Team,98.43,100-90% Very High,Correct
meter display figure upset not proper so meter defective need replacement,Meter Replacement / Installation Team,Meter Replacement / Installation Team,99.53,100-90% Very High,Correct
Meter RTC Failed at the time of testing so meter need to be changed,Meter Replacement / Installation Team,Meter Replacement / Installation Team,98.32,100-90% Very High,Correct
Meter RTC found fail Hence meter is defective and replacement required for the same,Meter Replacement / Installation Team,Meter Replacement / Installation Team,100.0,100-90% Very High,Correct
meter calibration pulse abnormal blinking so meter defective meter need to replacment,Meter Replacement / Installation Team,Meter Replacement / Installation Team,99.56,100-90% Very High,Correct
meter rtc failed at the time of testing so meter need to be changed,Meter Replacement / Installation Team,Meter Replacement / Installation Team,98.32,100-90% Very High,Correct
Meter RTC Corrupted So Meter Defective Needs to be replacement At the time of testing,Meter Replacement / Installation Team,Meter Replacement / Installation Team,99.76,100-90% Very High,Correct
meter testes as per safety norms meter kwh reading not incriment so meter defective meter need replacement,Meter Replacement / Installation Team,Meter Replacement / Installation Team,97.97,100-90% Very High,Correct
Meter RTC Fail at the time of testing So meter needs to replacement required,Meter Replacement / Installation Team,Meter Replacement / Installation Team,99.96,100-90% Very High,Correct
Meter RTC Failed at the time of testing so meter need to be changed,Meter Replacement / Installation Team,Meter Replacement / Installation Team,98.32,100-90% Very High,Correct
Meter RTC fail at the time of the testingso meter is defective meter needs to replace,Meter Replacement / Installation Team,Meter Replacement / Installation Team,99.8,100-90% Very High,Correct
Meter RTC fail at the time of the testingso meter is defective meter needs to replace,Meter Replacement / Installation Team,Meter Replacement / Installation Team,99.8,100-90% Very High,Correct
Meter RTC Failed at the time of testing so meter need to be changed,Meter Replacement / Installation Team,Meter Replacement / Installation Team,98.32,100-90% Very High,Correct
Meter RTC Fail at the time of testing So meter needs to replacement required,Meter Replacement / Installation Team,Meter Replacement / Installation Team,99.96,100-90% Very High,Correct
meter RTC fail so meter defective need replacement,Meter Replacement / Installation Team,Meter Replacement / Installation Team,100.0,100-90% Very High,Correct
Meter RTC fail at the time of the testingso meter is defective meter needs to replace,Meter Replacement / Installation Team,Meter Replacement / Installation Team,99.8,100-90% Very High,Correct
Meter ELT on at same current so meter defective need to replacement,Meter Replacement / Installation Team,Meter Replacement / Installation Team,99.99,100-90% Very High,Correct
Meter display segments are not properly visible so meter is defective and need replacement,Meter Replacement / Installation Team,Meter Replacement / Installation Team,98.91,100-90% Very High,Correct
Meter RTC Failed at the time of testing so meter need to be changed,Meter Replacement / Installation Team,Meter Replacement / Installation Team,98.32,100-90% Very High,Correct
meter rtc failed at the time of testing so meter need to be change,Meter Replacement / Installation Team,Meter Replacement / Installation Team,98.09,100-90% Very High,Correct
Meter RTC Failed at the time of testing so meter need to be changed,Meter Replacement / Installation Team,Meter Replacement / Installation Team,98.32,100-90% Very High,Correct
Meter RTC fail at the time of the testingso meter is defective meter needs to replace,Meter Replacement / Installation Team,Meter Replacement / Installation Team,99.8,100-90% Very High,Correct
meter RTC failed at the time of testing so meter need to be changed,Meter Replacement / Installation Team,Meter Replacement / Installation Team,98.32,100-90% Very High,Correct
meter RTC failed at the time of testing so meter need to be changed,Meter Replacement / Installation Team,Meter Replacement / Installation Team,98.32,100-90% Very High,Correct
meter RTC failed at the time of testing so meter need to be changed,Meter Replacement / Installation Team,Meter Replacement / Installation Team,98.32,100-90% Very High,Correct
Meter RTC Fail at the time of testing So meter needs to replacement required,Meter Replacement / Installation Team,Meter Replacement / Installation Team,99.96,100-90% Very High,Correct
Meter RTC Failed at the time of testing so meter need to be changed,Meter Replacement / Installation Team,Meter Replacement / Installation Team,98.32,100-90% Very High,Correct
Meter RTC Fail at the time of testing So meter needs to replacement required,Meter Replacement / Installation Team,Meter Replacement / Installation Team,99.96,100-90% Very High,Correct
Meter RTC Fail at the time of testing So meter needs to replacement required,Meter Replacement / Installation Team,Meter Replacement / Installation Team,99.96,100-90% Very High,Correct
Meter RTC Fail at the time of testing So meter needs to replacement required,Meter Replacement / Installation Team,Meter Replacement / Installation Team,99.96,100-90% Very High,Correct
Meter RTC fail at the time of the testingso meter is defective meter needs to replace,Meter Replacement / Installation Team,Meter Replacement / Installation Team,99.8,100-90% Very High,Correct
Meter RTC fail at the time of the testingso meter is defective meter needs to replace,Meter Replacement / Installation Team,Meter Replacement / Installation Team,99.8,100-90% Very High,Correct
meter rtc failed at the time of testing so meter need to be changed,Meter Replacement / Installation Team,Meter Replacement / Installation Team,98.32,100-90% Very High,Correct
Meter RTC fail at the time of the testingso meter is defective meter needs to replace,Meter Replacement / Installation Team,Meter Replacement / Installation Team,99.8,100-90% Very High,Correct
meter RTC failed at the time of testing so meter need to be changed,Meter Replacement / Installation Team,Meter Replacement / Installation Team,98.32,100-90% Very High,Correct
Meter RTC Corrupted So Meter Defective Needs to be replacement At the time of testing,Meter Replacement / Installation Team,Meter Replacement / Installation Team,99.76,100-90% Very High,Correct
Meter RTC Failed at the time of testing so meter need to be changed,Meter Replacement / Installation Team,Meter Replacement / Installation Team,98.32,100-90% Very High,Correct
Meter RTC Corrupted So Meter Defective Needs to be replacement At the time of testing,Meter Replacement / Installation Team,Meter Replacement / Installation Team,99.76,100-90% Very High,Correct
Meter RTC Fail at the time of testing So meter needs to replacement required,Meter Replacement / Installation Team,Meter Replacement / Installation Team,99.96,100-90% Very High,Correct
Meter RTC fail at the time of the testingso meter is defective meter needs to replace,Meter Replacement / Installation Team,Meter Replacement / Installation Team,99.8,100-90% Very High,Correct
Meter RTC fail at the time of the testingso meter is defective meter needs to replace,Meter Replacement / Installation Team,Meter Replacement / Installation Team,99.8,100-90% Very High,Correct
Meter Calibration Pulse are blinking abnormal at the time of testingSo meter is defective and need replacement,Meter Replacement / Installation Team,Meter Replacement / Installation Team,99.87,100-90% Very High,Correct
Meter display segment found defective so meter need to be changed,Meter Replacement / Installation Team,Meter Replacement / Installation Team,99.92,100-90% Very High,Correct
Meter RTC Corrupted So Meter Defective Needs to be replacement At the time of testing,Meter Replacement / Installation Team,Meter Replacement / Installation Team,99.76,100-90% Very High,Correct
METER PULSE ABNORMAL BLINKING AT A TIME OF TESTING SO METER REPLACEMENT REQUIRED AT SITE,Meter Replacement / Installation Team,Meter Replacement / Installation Team,99.47,100-90% Very High,Correct
meter RTC fail at the time of testing so meter needs to be replacement required,Meter Replacement / Installation Team,Meter Replacement / Installation Team,99.96,100-90% Very High,Correct
ABNORMAL PULSE BLINKING IN METER SO METER REPLACEMENT REQUIRED AT SITE,Meter Replacement / Installation Team,Meter Replacement / Installation Team,99.61,100-90% Very High,Correct
Meter RTC fail at the time of testing so meter needs to be replacement required,Meter Replacement / Installation Team,Meter Replacement / Installation Team,99.96,100-90% Very High,Correct
RTC CORRUPT SO METER REPLACEMENT REQUIRED AT SITE,Meter Replacement / Installation Team,Meter Replacement / Installation Team,98.91,100-90% Very High,Correct
Meter display segment defective at the time of testing so meter need replacement required,Meter Replacement / Installation Team,Meter Replacement / Installation Team,100.0,100-90% Very High,Correct
Meter display segments are not properly visible so meter is defective and need replacement,Meter Replacement / Installation Team,Meter Replacement / Installation Team,98.91,100-90% Very High,Correct
meter rtc failed at the time of testing so meter need to be changed,Meter Replacement / Installation Team,Meter Replacement / Installation Team,98.32,100-90% Very High,Correct
meter rtc failed at the time of testing so meter need to be changed,Meter Replacement / Installation Team,Meter Replacement / Installation Team,98.32,100-90% Very High,Correct
meter rtc failed at the time of testing so meter need to be changed,Meter Replacement / Installation Team,Meter Replacement / Installation Team,98.32,100-90% Very High,Correct
Meter RTC Fail at the time of testing So meter needs to replacement required,Meter Replacement / Installation Team,Meter Replacement / Installation Team,99.96,100-90% Very High,Correct
Meter RTC Fail at the time of testing So meter needs to replacement required,Meter Replacement / Installation Team,Meter Replacement / Installation Team,99.96,100-90% Very High,Correct
meter rtc failed at the time of testing so meter need to be changed,Meter Replacement / Installation Team,Meter Replacement / Installation Team,98.32,100-90% Very High,Correct
Meter RTC Fail at the time of testing So meter needs to replacement required,Meter Replacement / Installation Team,Meter Replacement / Installation Team,99.96,100-90% Very High,Correct
Meter RTC Failed at the time of testing so meter need to be changed,Meter Replacement / Installation Team,Meter Replacement / Installation Team,98.32,100-90% Very High,Correct
Meter RTC fail at the time of the testingso meter is defective meter needs to replace,Meter Replacement / Installation Team,Meter Replacement / Installation Team,99.8,100-90% Very High,Correct
meter Rtc failed at the time of testing so meter need to be changed,Meter Replacement / Installation Team,Meter Replacement / Installation Team,98.32,100-90% Very High,Correct
Meter Display showing Low Voltage mismatched with reference hence meter is defective and replacement required for the same Meter is of Class,Meter Replacement / Installation Team,Meter Replacement / Installation Team,99.21,100-90% Very High,Correct
Meter RTC Failed at the time of testing so meter need to be changed,Meter Replacement / Installation Team,Meter Replacement / Installation Team,98.32,100-90% Very High,Correct
Meter display segment defective at the time of testing so meter could not be test,Meter Replacement / Installation Team,Meter Replacement / Installation Team,97.4,100-90% Very High,Correct
meter Rtc failed at the time of testing so meter need to be changed,Meter Replacement / Installation Team,Meter Replacement / Installation Team,98.32,100-90% Very High,Correct
Meter RTC Failed at the time of testing so meter need to be changed,Meter Replacement / Installation Team,Meter Replacement / Installation Team,98.32,100-90% Very High,Correct
Meter RTC fail at the time of the testingso meter is defective meter needs to replace,Meter Replacement / Installation Team,Meter Replacement / Installation Team,99.8,100-90% Very High,Correct
meter display found blank so meter defective need replacement,Meter Replacement / Installation Team,Meter Replacement / Installation Team,99.75,100-90% Very High,Correct
Meter RTC fail at the time of the testingso meter is defective meter needs to replace,Meter Replacement / Installation Team,Meter Replacement / Installation Team,99.8,100-90% Very High,Correct
Meter RTC fail at the time of the testingso meter is defective meter needs to replace,Meter Replacement / Installation Team,Meter Replacement / Installation Team,99.8,100-90% Very High,Correct
Meter RTC Fail at the time of testing So meter needs to replacement required,Meter Replacement / Installation Team,Meter Replacement / Installation Team,99.96,100-90% Very High,Correct
Meter RTC fail at the time of the testingso meter is defective meter needs to replace,Meter Replacement / Installation Team,Meter Replacement / Installation Team,99.8,100-90% Very High,Correct
Meter display segments are not properly visible so meter is defective and need replacement,Meter Replacement / Installation Team,Meter Replacement / Installation Team,98.91,100-90% Very High,Correct
RTC CORRUPT SO METER REPLACEMENT REQUIRED AT SITE,Meter Replacement / Installation Team,Meter Replacement / Installation Team,98.91,100-90% Very High,Correct
Meter RTC Failed at the time of testing so meter need to be changed,Meter Replacement / Installation Team,Meter Replacement / Installation Team,98.32,100-90% Very High,Correct
Meter RTC Fail at the time of testing So meter needs to replacement required,Meter Replacement / Installation Team,Meter Replacement / Installation Team,99.96,100-90% Very High,Correct
Meter display Segment is found defective so Meter is Defective needs to be replacement,Meter Replacement / Installation Team,Meter Replacement / Installation Team,99.98,100-90% Very High,Correct
meter display sagment defective so Meter defective meter need to replacment,Meter Replacement / Installation Team,Meter Replacement / Installation Team,99.73,100-90% Very High,Correct
meter rtc failed at the time of testing so meter need to be changed,Meter Replacement / Installation Team,Meter Replacement / Installation Team,98.32,100-90% Very High,Correct
Meter RTC fail at the time of the testingso meter is defective meter needs to replace,Meter Replacement / Installation Team,Meter Replacement / Installation Team,99.8,100-90% Very High,Correct
meter rtc failed at the time of testing so meter need to be changed,Meter Replacement / Installation Team,Meter Replacement / Installation Team,98.32,100-90% Very High,Correct
meter rtc failed at the time of testing so meter need to be changed,Meter Replacement / Installation Team,Meter Replacement / Installation Team,98.32,100-90% Very High,Correct
Meter RTC Corrupted So Meter Defective Needs to be replacement At the time of testing,Meter Replacement / Installation Team,Meter Replacement / Installation Team,99.76,100-90% Very High,Correct
Meter RTC Corrupted So Meter Defective Needs to be replacement At the time of testing,Meter Replacement / Installation Team,Meter Replacement / Installation Team,99.76,100-90% Very High,Correct
Meter pulse Abnormal blinking So Meter Defective Needs to be replacement At the time of testing,Meter Replacement / Installation Team,Meter Replacement / Installation Team,99.62,100-90% Very High,Correct
Meter RTC Corrupted So Meter Defective Needs to be replacement At the time of testing,Meter Replacement / Installation Team,Meter Replacement / Installation Team,99.76,100-90% Very High,Correct
Meter RTC Corrupted So Meter Defective Needs to be replacement At the time of testing,Meter Replacement / Installation Team,Meter Replacement / Installation Team,99.76,100-90% Very High,Correct
RTC is corrupt hence Meter replacement is required,Meter Replacement / Installation Team,Meter Replacement / Installation Team,98.91,100-90% Very High,Correct
Meter Reading Reverse Jump So Meter Defective Needs to be replacement At the time of testing,Meter Replacement / Installation Team,Meter Replacement / Installation Team,98.68,100-90% Very High,Correct
Meter RTC Fail at the time of testing So meter needs to replacement required,Meter Replacement / Installation Team,Meter Replacement / Installation Team,99.96,100-90% Very High,Correct
meter display found blankand ic terminal found burnt so meter defective need replacement,Meter Replacement / Installation Team,Meter Replacement / Installation Team,99.18,100-90% Very High,Correct
Meter RTC fail at the time of the testingso meter is defective meter needs to replacepaper seal pasted on meter box,Meter Replacement / Installation Team,Meter Replacement / Installation Team,96.23,100-90% Very High,Correct
meter display figure upsetnot proper so meter defective need replacement,Meter Replacement / Installation Team,Meter Replacement / Installation Team,99.0,100-90% Very High,Correct
meter rtc failed at the time of testing so meter need to be changed,Meter Replacement / Installation Team,Meter Replacement / Installation Team,98.32,100-90% Very High,Correct
meter rtc failed at the time of testing so meter need to be changed,Meter Replacement / Installation Team,Meter Replacement / Installation Team,98.32,100-90% Very High,Correct
Meter RTC Failed at the time of testing so meter need to be changed,Meter Replacement / Installation Team,Meter Replacement / Installation Team,98.32,100-90% Very High,Correct
Meter RTC fail at the time of the testingso meter is defective meter needs to replace,Meter Replacement / Installation Team,Meter Replacement / Installation Team,99.8,100-90% Very High,Correct
Meter RTC fail at the time of the testingso meter is defective meter needs to replace,Meter Replacement / Installation Team,Meter Replacement / Installation Team,99.8,100-90% Very High,Correct
Meter RTC fail at the time of the testingso meter is defective meter needs to replace,Meter Replacement / Installation Team,Meter Replacement / Installation Team,99.8,100-90% Very High,Correct
Meter RTC fail at the time of the testingso meter is defective meter needs to replace,Meter Replacement / Installation Team,Meter Replacement / Installation Team,99.8,100-90% Very High,Correct
Meter Display Segment not Proper Showing So Meter Defective Needs to be replacement At the time of testing,Meter Replacement / Installation Team,Meter Replacement / Installation Team,99.84,100-90% Very High,Correct
Meter RTC found fail Hence meter is defective and replacement required for the same,Meter Replacement / Installation Team,Meter Replacement / Installation Team,100.0,100-90% Very High,Correct
Meter RTC Failed at the time of testing so meter need to be changed,Meter Replacement / Installation Team,Meter Replacement / Installation Team,98.32,100-90% Very High,Correct
meter RTC failed at the time of testing so meter need to be changed,Meter Replacement / Installation Team,Meter Replacement / Installation Team,98.32,100-90% Very High,Correct
meter RTC failed at the time of testing so meter need to be changed,Meter Replacement / Installation Team,Meter Replacement / Installation Team,98.32,100-90% Very High,Correct
Earth LED found ON even on External Load KW hence meter is defective and replacement required for the same,Meter Replacement / Installation Team,Meter Replacement / Installation Team,98.65,100-90% Very High,Correct
Meter RTC Failed at the time of testing so meter need to be changed,Meter Replacement / Installation Team,Meter Replacement / Installation Team,98.32,100-90% Very High,Correct
meter display segment is defective at the time of testing so meter needs to replacement required,Meter Replacement / Installation Team,Meter Replacement / Installation Team,99.98,100-90% Very High,Correct
Meter CAL Phase REV EL LED found Burnt hence meter is defective and replacement required for the same under defective category,Meter Replacement / Installation Team,Meter Replacement / Installation Team,99.36,100-90% Very High,Correct
Meter RTC fail at the time of the testingso meter is defective meter needs to replace,Meter Replacement / Installation Team,Meter Replacement / Installation Team,99.8,100-90% Very High,Correct
Meter RTC Corrupted So Meter Defective Needs to be replacement At the time of testing,Meter Replacement / Installation Team,Meter Replacement / Installation Team,99.76,100-90% Very High,Correct
Current Parameter of Phase and Neutral is not matching therefore same is defective therefore same needs to be replace Contacted Person Kartik,Meter Replacement / Installation Team,Meter Replacement / Installation Team,97.45,100-90% Very High,Correct
Meter RTC fail at the time of the testingso meter is defective meter needs to replace,Meter Replacement / Installation Team,Meter Replacement / Installation Team,99.8,100-90% Very High,Correct
Meter RTC Fail at the time of testing So meter needs to replacement required,Meter Replacement / Installation Team,Meter Replacement / Installation Team,99.96,100-90% Very High,Correct
Meter RTC Failed at the time of testing so meter need to be changed,Meter Replacement / Installation Team,Meter Replacement / Installation Team,98.32,100-90% Very High,Correct
meter rtc failed at the time of testing so meter need to be changed,Meter Replacement / Installation Team,Meter Replacement / Installation Team,98.32,100-90% Very High,Correct
Meter RTC Corrupted So Meter Defective Needs to be replacement At the time of testing,Meter Replacement / Installation Team,Meter Replacement / Installation Team,99.76,100-90% Very High,Correct
Meter calibration pulse is blinking abnormal at the time of testing So Meter is Defective need to be Replacement,Meter Replacement / Installation Team,Meter Replacement / Installation Team,99.92,100-90% Very High,Correct
Meter RTC Fail at the time of testing So meter needs to replacement required,Meter Replacement / Installation Team,Meter Replacement / Installation Team,99.96,100-90% Very High,Correct
Meter RTC failed at the time of testing so meter need to be changed,Meter Replacement / Installation Team,Meter Replacement / Installation Team,98.32,100-90% Very High,Correct
Meter RTC Failed at the time of testing so meter need to be changed,Meter Replacement / Installation Team,Meter Replacement / Installation Team,98.32,100-90% Very High,Correct
Meter RTC fail at the time of the testingso meter is defective meter needs to replace,Meter Replacement / Installation Team,Meter Replacement / Installation Team,99.8,100-90% Very High,Correct
meter rtc failed at the time of testing so meter need to be changed,Meter Replacement / Installation Team,Meter Replacement / Installation Team,98.32,100-90% Very High,Correct
meter RTC failed at the time of testing so meter need to be changed,Meter Replacement / Installation Team,Meter Replacement / Installation Team,98.32,100-90% Very High,Correct
meter display not clear visible and meter pulse blinking without load so meter defective need replacement,Meter Replacement / Installation Team,Meter Replacement / Installation Team,99.31,100-90% Very High,Correct
meter RTC fail at the time of testing so meter needs to be replacement required,Meter Replacement / Installation Team,Meter Replacement / Installation Team,99.96,100-90% Very High,Correct
Meter RTC Corrupted So Meter Defective Needs to be replacement At the time of testing Meter Already Tested,Meter Replacement / Installation Team,Meter Replacement / Installation Team,99.29,100-90% Very High,Correct
Meter RTC found fail Hence meter is defective and replacement required for the same,Meter Replacement / Installation Team,Meter Replacement / Installation Team,100.0,100-90% Very High,Correct
Meter EL REV and Phase LED found burnt hence meter is defective and replacement required for the same,Meter Replacement / Installation Team,Meter Replacement / Installation Team,98.66,100-90% Very High,Correct
meter calibration pulse abnormal blinking at the time of testing so meter deffective need to be replacement,Meter Replacement / Installation Team,Meter Replacement / Installation Team,98.99,100-90% Very High,Correct
Meter RTC Fail at the time of testing So meter needs to replacement required,Meter Replacement / Installation Team,Meter Replacement / Installation Team,99.96,100-90% Very High,Correct
RTC CORRUPT SO METER REPLACEMENT REQUIRED AT SITE,Meter Replacement / Installation Team,Meter Replacement / Installation Team,98.91,100-90% Very High,Correct
meter rtc failed at the time of testing so meter need to be changed,Meter Replacement / Installation Team,Meter Replacement / Installation Team,98.32,100-90% Very High,Correct
Meter display sagment defective at the time of testing so meter need replacement required,Meter Replacement / Installation Team,Meter Replacement / Installation Team,99.96,100-90% Very High,Correct
meter rtc failed at the time of testing so meter need to be changed,Meter Replacement / Installation Team,Meter Replacement / Installation Team,98.32,100-90% Very High,Correct
Meter display Segment is found defective so Meter is Defective needs to be replacement,Meter Replacement / Installation Team,Meter Replacement / Installation Team,99.98,100-90% Very High,Correct
Meter RTC Fail at the time of testing So meter needs to replacement required,Meter Replacement / Installation Team,Meter Replacement / Installation Team,99.96,100-90% Very High,Correct
Meter RTC Fail at the time of testing So meter needs to replacement required,Meter Replacement / Installation Team,Meter Replacement / Installation Team,99.96,100-90% Very High,Correct
Meter RTC Corrupted So Meter Defective Needs to be replacement At the time of testing,Meter Replacement / Installation Team,Meter Replacement / Installation Team,99.76,100-90% Very High,Correct
Meter RTC fail at the time of the testingso meter is defective meter needs to replace,Meter Replacement / Installation Team,Meter Replacement / Installation Team,99.8,100-90% Very High,Correct
Meter RTC Fail at the time of testing So meter needs to replacement required,Meter Replacement / Installation Team,Meter Replacement / Installation Team,99.96,100-90% Very High,Correct
Meter RTC Corrupted So Meter Defective Needs to be replacement At the time of testing,Meter Replacement / Installation Team,Meter Replacement / Installation Team,99.76,100-90% Very High,Correct
Meter RTC fail at the time of the testingso meter is defective meter needs to replace,Meter Replacement / Installation Team,Meter Replacement / Installation Team,99.8,100-90% Very High,Correct
Meter RTC fail at the time of the testingso meter is defective meter needs to replace,Meter Replacement / Installation Team,Meter Replacement / Installation Team,99.8,100-90% Very High,Correct
Meter RTC fail at the time of the testingso meter is defective meter needs to replace,Meter Replacement / Installation Team,Meter Replacement / Installation Team,99.8,100-90% Very High,Correct
Meter Abnormal pulse blinking Abnormalities in Cummulative Energy hence meter is defective and replacement Required for the same,Meter Replacement / Installation Team,Meter Replacement / Installation Team,97.98,100-90% Very High,Correct
meter RTC failed at the time of testing so meter need to be changed,Meter Replacement / Installation Team,Meter Replacement / Installation Team,98.32,100-90% Very High,Correct
meter RTC fail at the time of testing so meter needs to be replacement required,Meter Replacement / Installation Team,Meter Replacement / Installation Team,99.96,100-90% Very High,Correct
meter RTC failed at the time of testing so meter need to be changed,Meter Replacement / Installation Team,Meter Replacement / Installation Team,98.32,100-90% Very High,Correct
meter display segment defective at the time of testing so meter need replacement required,Meter Replacement / Installation Team,Meter Replacement / Installation Team,100.0,100-90% Very High,Correct
RTC found Fail hence meter is defective also Low Battery found hence replacement required for the same Contacted Person Janak,Meter Replacement / Installation Team,Meter Replacement / Installation Team,98.68,100-90% Very High,Correct
METER RTC Fail So Meter Is Defective Need Replacement,Meter Replacement / Installation Team,Meter Replacement / Installation Team,100.0,100-90% Very High,Correct
Meter RTC fail at the time of the testingso meter is defective meter needs to replace,Meter Replacement / Installation Team,Meter Replacement / Installation Team,99.8,100-90% Very High,Correct
Meter RTC fail at the time of the testingso meter is defective meter needs to replace,Meter Replacement / Installation Team,Meter Replacement / Installation Team,99.8,100-90% Very High,Correct
METER RTC Fail So Meter Is Defective Need Replacement,Meter Replacement / Installation Team,Meter Replacement / Installation Team,100.0,100-90% Very High,Correct
Meter RTC fail at the time of the testingso meter is defective meter needs to replace,Meter Replacement / Installation Team,Meter Replacement / Installation Team,99.8,100-90% Very High,Correct
meter RTC failed at the time of testing so meter need to be changed,Meter Replacement / Installation Team,Meter Replacement / Installation Team,98.32,100-90% Very High,Correct
Meter RTC fail at the time of the testingso meter is defective meter needs to replace,Meter Replacement / Installation Team,Meter Replacement / Installation Team,99.8,100-90% Very High,Correct
meter RTC failed at the time of testing so meter need to be changed,Meter Replacement / Installation Team,Meter Replacement / Installation Team,98.32,100-90% Very High,Correct
meter RTC failed at the time of testing so meter need to be changed,Meter Replacement / Installation Team,Meter Replacement / Installation Team,98.32,100-90% Very High,Correct
Meter RTC fail at the time of the testingso meter is defective meter needs to replace,Meter Replacement / Installation Team,Meter Replacement / Installation Team,99.8,100-90% Very High,Correct
Meter MDI is not recording as per connection load so it is defective,Meter Replacement / Installation Team,Meter Replacement / Installation Team,94.01,100-90% Very High,Correct
meter RTC fail so meter defective need replacement and zone IR found on metet box,Meter Replacement / Installation Team,Meter Replacement / Installation Team,97.57,100-90% Very High,Correct
Meter RTC found fail Hence meter is defective and replacement required for the same,Meter Replacement / Installation Team,Meter Replacement / Installation Team,100.0,100-90% Very High,Correct
Meter RTC Fail at the time of testing So meter needs to replacement required,Meter Replacement / Installation Team,Meter Replacement / Installation Team,99.96,100-90% Very High,Correct
Meter RTC fail at the time of testing so meter needs to be replacement required,Meter Replacement / Installation Team,Meter Replacement / Installation Team,99.96,100-90% Very High,Correct
Meter RTC Corrupted So Meter Defective Needs to be replacement At the time of testing,Meter Replacement / Installation Team,Meter Replacement / Installation Team,99.76,100-90% Very High,Correct
Meter RTC found fail Hence meter is defective and replacement required for the same,Meter Replacement / Installation Team,Meter Replacement / Installation Team,100.0,100-90% Very High,Correct
meter display showing rtc fail date time so meter defective meter need to replacment,Meter Replacement / Installation Team,Meter Replacement / Installation Team,99.64,100-90% Very High,Correct
Meter RTC Corrupted So Meter Defective Needs to be replacement At the time of testing,Meter Replacement / Installation Team,Meter Replacement / Installation Team,99.76,100-90% Very High,Correct
Meter RTC Corrupted So Meter Defective Needs to be replacement At the time of testing,Meter Replacement / Installation Team,Meter Replacement / Installation Team,99.76,100-90% Very High,Correct
Meter RTC Corrupted So Meter Defective Needs to be replacement At the time of testing,Meter Replacement / Installation Team,Meter Replacement / Installation Team,99.76,100-90% Very High,Correct
Meter RTC Corrupted So Meter Defective Needs to be replacement At the time of testing,Meter Replacement / Installation Team,Meter Replacement / Installation Team,99.76,100-90% Very High,Correct
Meter RTC Failed at the time of testing so meter need to be changed,Meter Replacement / Installation Team,Meter Replacement / Installation Team,98.32,100-90% Very High,Correct
RTC found Fail hence meter is defective also Low Battery found hence replacement required for the same Contacted Person Keshav,Meter Replacement / Installation Team,Meter Replacement / Installation Team,98.68,100-90% Very High,Correct
Meter RTC fail at the time of the testingso meter is defective meter needs to replace,Meter Replacement / Installation Team,Meter Replacement / Installation Team,99.8,100-90% Very High,Correct
Meter display sagment defective at the time of testing so meter need replacement required,Meter Replacement / Installation Team,Meter Replacement / Installation Team,99.96,100-90% Very High,Correct
meter RTC failed at the time of testing so meter need to be changed,Meter Replacement / Installation Team,Meter Replacement / Installation Team,98.32,100-90% Very High,Correct
Meter RTC fail at the time of the testingso meter is defective meter needs to replace,Meter Replacement / Installation Team,Meter Replacement / Installation Team,99.8,100-90% Very High,Correct
Meter RTC Failed at the time of testing so meter need to be changed,Meter Replacement / Installation Team,Meter Replacement / Installation Team,98.32,100-90% Very High,Correct
Meter RTC fail at the time of the testingso meter is defective meter needs to replace,Meter Replacement / Installation Team,Meter Replacement / Installation Team,99.8,100-90% Very High,Correct
Meter RTC fail at the time of the testingso meter is defective meter needs to replace,Meter Replacement / Installation Team,Meter Replacement / Installation Team,99.8,100-90% Very High,Correct
Meter display sagment defective so meter defective meter need to replacment,Meter Replacement / Installation Team,Meter Replacement / Installation Team,99.73,100-90% Very High,Correct
Meter RTC fail at the time of the testingso meter is defective meter needs to replace,Meter Replacement / Installation Team,Meter Replacement / Installation Team,99.8,100-90% Very High,Correct
Meter RTC fail at the time of the testingso meter is defective meter needs to replace,Meter Replacement / Installation Team,Meter Replacement / Installation Team,99.8,100-90% Very High,Correct
Meter RTC fail at the time of the testingso meter is defective meter needs to replace,Meter Replacement / Installation Team,Meter Replacement / Installation Team,99.8,100-90% Very High,Correct
Meter RTC fail at the time of the testingso meter is defective meter needs to replace,Meter Replacement / Installation Team,Meter Replacement / Installation Team,99.8,100-90% Very High,Correct
Meter RTC fail at the time of the testingso meter is defective meter needs to replace,Meter Replacement / Installation Team,Meter Replacement / Installation Team,99.8,100-90% Very High,Correct
Meter RTC Corrupted So Meter Defective Needs to be replacement At the time of testing,Meter Replacement / Installation Team,Meter Replacement / Installation Team,99.76,100-90% Very High,Correct
Meter RTC Corrupted So Meter Defective Needs to be replacement At the time of testing,Meter Replacement / Installation Team,Meter Replacement / Installation Team,99.76,100-90% Very High,Correct
Meter RTC Corrupted So Meter Defective Needs to be replacement At the time of testing,Meter Replacement / Installation Team,Meter Replacement / Installation Team,99.76,100-90% Very High,Correct
meter RTC failed at the time of testing so meter need to be changed,Meter Replacement / Installation Team,Meter Replacement / Installation Team,98.32,100-90% Very High,Correct
Meter RTC Corrupted So Meter Defective Needs to be replacement At the time of testing,Meter Replacement / Installation Team,Meter Replacement / Installation Team,99.76,100-90% Very High,Correct
Meter RTC Corrupted So Meter Defective Needs to be replacement At the time of testing,Meter Replacement / Installation Team,Meter Replacement / Installation Team,99.76,100-90% Very High,Correct
Meter display showing low Battery alongwith MDI KW not recording as per connected load so meter need replacement required discuss with back office TL,Meter Replacement / Installation Team,Meter Replacement / Installation Team,99.5,100-90% Very High,Correct
RTC CORRUPT SO METER REPLACEMENT REQUIRED AT SITE,Meter Replacement / Installation Team,Meter Replacement / Installation Team,98.91,100-90% Very High,Correct
Meter display Segment is found defective so Meter is Defective needs to be replacement,Meter Replacement / Installation Team,Meter Replacement / Installation Team,99.98,100-90% Very High,Correct
Meter RTC Corrupted So Meter Defective Needs to be replacement At the time of testing,Meter Replacement / Installation Team,Meter Replacement / Installation Team,99.76,100-90% Very High,Correct
meter ELT ON on external load at the time of testing so meter defective meter need to replacement,Meter Replacement / Installation Team,Meter Replacement / Installation Team,99.91,100-90% Very High,Correct
Meter RTC Failed at the time of testing so meter need to be changed,Meter Replacement / Installation Team,Meter Replacement / Installation Team,98.32,100-90% Very High,Correct
Meter RTC Failed at the time of testing so meter need to be changed,Meter Replacement / Installation Team,Meter Replacement / Installation Team,98.32,100-90% Very High,Correct
Meter RTC Corrupted So Meter Defective Needs to be replacement At the time of testing,Meter Replacement / Installation Team,Meter Replacement / Installation Team,99.76,100-90% Very High,Correct
Meter RTC Corrupted So Meter Defective Needs to be replacement At the time of testing,Meter Replacement / Installation Team,Meter Replacement / Installation Team,99.76,100-90% Very High,Correct
Meter RTC found fail Hence meter is defective and replacement required for the same,Meter Replacement / Installation Team,Meter Replacement / Installation Team,100.0,100-90% Very High,Correct
Meter RTC found fail Hence meter is defective and replacement required for the same,Meter Replacement / Installation Team,Meter Replacement / Installation Team,100.0,100-90% Very High,Correct
Meter Terminal Are Found Burnt So Meter Is Defective Need Replacement,Meter Replacement / Installation Team,Meter Replacement / Installation Team,99.98,100-90% Very High,Correct
meter RTC failed at the time of testing so meter need to be changed,Meter Replacement / Installation Team,Meter Replacement / Installation Team,98.32,100-90% Very High,Correct
Meter RTC fail at the time of the testingso meter is defective meter needs to replace,Meter Replacement / Installation Team,Meter Replacement / Installation Team,99.8,100-90% Very High,Correct
Meter calibration pulse Abnormal blinking On External load So meter need to replacement,Meter Replacement / Installation Team,Meter Replacement / Installation Team,98.94,100-90% Very High,Correct
Meter RTC fail at the time of the testingso meter is defective meter needs to replace,Meter Replacement / Installation Team,Meter Replacement / Installation Team,99.8,100-90% Very High,Correct
Earth LED found ON even on External Load KW hence meter is defective and replacement required for the same,Meter Replacement / Installation Team,Meter Replacement / Installation Team,98.65,100-90% Very High,Correct
Meter RTC fail at the time of the testingso meter is defective meter needs to replace,Meter Replacement / Installation Team,Meter Replacement / Installation Team,99.8,100-90% Very High,Correct
Meter RTC Corrupted So Meter Defective Needs to be replacement At the time of testing,Meter Replacement / Installation Team,Meter Replacement / Installation Team,99.76,100-90% Very High,Correct
Meter Calibration Pulse is blinking abnormally not blinking as per Connected Load also Current Parameter is not matching as per connected load therefore same is been defective and needs replacement under Defective Category,Meter Replacement / Installation Team,Meter Replacement / Installation Team,99.43,100-90% Very High,Correct
Meter RTC Corrupted So Meter Defective Needs to be replacement At the time of testing,Meter Replacement / Installation Team,Meter Replacement / Installation Team,99.76,100-90% Very High,Correct
meter RTC failed at the time of testing so meter need to be changed,Meter Replacement / Installation Team,Meter Replacement / Installation Team,98.32,100-90% Very High,Correct
meter RTC fail at the time of testing so meter needs to be replacement required,Meter Replacement / Installation Team,Meter Replacement / Installation Team,99.96,100-90% Very High,Correct
meter RTC failed at the time of testing so meter need to be changed,Meter Replacement / Installation Team,Meter Replacement / Installation Team,98.32,100-90% Very High,Correct
Meter RTC Failed at the time of testing so meter need to be changed,Meter Replacement / Installation Team,Meter Replacement / Installation Team,98.32,100-90% Very High,Correct
Meter display segment defective at the time of testing so meter need replacement required,Meter Replacement / Installation Team,Meter Replacement / Installation Team,100.0,100-90% Very High,Correct
meter RTC failed at the time of testing so meter need to be changed,Meter Replacement / Installation Team,Meter Replacement / Installation Team,98.32,100-90% Very High,Correct
Meter RTC faield at the time of testing so meter need to be changed,Meter Replacement / Installation Team,Meter Replacement / Installation Team,97.82,100-90% Very High,Correct
meter RTC failed at the time of testing so meter need to be changed,Meter Replacement / Installation Team,Meter Replacement / Installation Team,98.32,100-90% Very High,Correct
Meter RTC fail at the time of the testingso meter is defective meter needs to replace,Meter Replacement / Installation Team,Meter Replacement / Installation Team,99.8,100-90% Very High,Correct
Meter RTC fail at the time of the testingso meter is defective meter needs to replace,Meter Replacement / Installation Team,Meter Replacement / Installation Team,99.8,100-90% Very High,Correct
meter rtc failed at the time of testing so meter need to be changed,Meter Replacement / Installation Team,Meter Replacement / Installation Team,98.32,100-90% Very High,Correct
Meter RTC Fail at the time of testing So meter needs to replacement required,Meter Replacement / Installation Team,Meter Replacement / Installation Team,99.96,100-90% Very High,Correct
meter Rtc failed at the time of testing so meter need to be changed,Meter Replacement / Installation Team,Meter Replacement / Installation Team,98.32,100-90% Very High,Correct
meter found burnt need replacement,Meter Replacement / Installation Team,Meter Replacement / Installation Team,99.8,100-90% Very High,Correct
Meter RTC Corrupted So Meter Defective Needs to be Replacedment At the time of Testing,Meter Replacement / Installation Team,Meter Replacement / Installation Team,88.24,90-75% High,Correct
Meter RTC failed at the time of testing so meter need to be changed,Meter Replacement / Installation Team,Meter Replacement / Installation Team,98.32,100-90% Very High,Correct
Meter RTC Fail at the time of testing So meter needs to replacement required,Meter Replacement / Installation Team,Meter Replacement / Installation Team,99.96,100-90% Very High,Correct
Meter RTC fail at the time of the testingso meter is defective meter needs to replace,Meter Replacement / Installation Team,Meter Replacement / Installation Team,99.8,100-90% Very High,Correct
Meter RTC fail at the time of the testingso meter is defective meter needs to replace,Meter Replacement / Installation Team,Meter Replacement / Installation Team,99.8,100-90% Very High,Correct
Meter RTC fail at the time of the testingso meter is defective meter needs to replace,Meter Replacement / Installation Team,Meter Replacement / Installation Team,99.8,100-90% Very High,Correct
Meter RTC Failed at the time of testing so meter need to be changed,Meter Replacement / Installation Team,Meter Replacement / Installation Team,98.32,100-90% Very High,Correct
Meter RTC Fail at the time of testing So meter needs to replacement required,Meter Replacement / Installation Team,Meter Replacement / Installation Team,99.96,100-90% Very High,Correct
Meter RTC failed at the time of testing so meter need to be change,Meter Replacement / Installation Team,Meter Replacement / Installation Team,98.09,100-90% Very High,Correct
Meter RTC Fail at the time of testing So meter needs to replacement required,Meter Replacement / Installation Team,Meter Replacement / Installation Team,99.96,100-90% Very High,Correct
Meter RTC fail at the time of the testingso meter is defective meter needs to replace,Meter Replacement / Installation Team,Meter Replacement / Installation Team,99.8,100-90% Very High,Correct
Seven Segment display found defective segement is partially cutted hence meter is needs to be replace under defective Category photographs has been atached,Meter Replacement / Installation Team,Meter Replacement / Installation Team,98.01,100-90% Very High,Correct
Meter RTC fail at the time of the testingso meter is defective meter needs to replace,Meter Replacement / Installation Team,Meter Replacement / Installation Team,99.8,100-90% Very High,Correct
Meter RTC Corrupted So Meter Defective Needs to be replacement At the time of testing,Meter Replacement / Installation Team,Meter Replacement / Installation Team,99.76,100-90% Very High,Correct
EL LED found Glowing even on No load as Output of Meter is diconnected at the time of site visit and EL LED found ON on No load hence meter is defective and Replacement Required for the same Contacted person Dr Harish Kumar Baluja,Meter Replacement / Installation Team,Meter Replacement / Installation Team,97.44,100-90% Very High,Correct
Meter RTC found fail Hence meter is defective and replacement required for the same,Meter Replacement / Installation Team,Meter Replacement / Installation Team,100.0,100-90% Very High,Correct
meter RTC fail so meter defective need replacement,Meter Replacement / Installation Team,Meter Replacement / Installation Team,100.0,100-90% Very High,Correct
Meter RTC fail at the time of the testingso meter is defective meter needs to replace,Meter Replacement / Installation Team,Meter Replacement / Installation Team,99.8,100-90% Very High,Correct
Meter RTC Fail at the time of testing So meter needs to replacement required,Meter Replacement / Installation Team,Meter Replacement / Installation Team,99.96,100-90% Very High,Correct
Meter RTC fail at the time of the testingso meter is defective meter needs to replace,Meter Replacement / Installation Team,Meter Replacement / Installation Team,99.8,100-90% Very High,Correct
Meter RTC Corrupted So Meter Defective Needs to be replacement At the time of testing,Meter Replacement / Installation Team,Meter Replacement / Installation Team,99.76,100-90% Very High,Correct
meter rtc failed at the time of testing so meter need to be changed,Meter Replacement / Installation Team,Meter Replacement / Installation Team,98.32,100-90% Very High,Correct
Meter RTC fail at the time of the testingso meter is defective meter needs to replace,Meter Replacement / Installation Team,Meter Replacement / Installation Team,99.8,100-90% Very High,Correct
Meter RTC fail at the time of the testingso meter is defective meter needs to replace Zone paper seal pasted on meter box,Meter Replacement / Installation Team,Meter Replacement / Installation Team,86.69,90-75% High,Correct
meter rtc failed at the time of testing so meter need to be changed,Meter Replacement / Installation Team,Meter Replacement / Installation Team,98.32,100-90% Very High,Correct
meter rtc failed at the time of testing so meter need to be changed,Meter Replacement / Installation Team,Meter Replacement / Installation Team,98.32,100-90% Very High,Correct
meter calibration pulse blinking on IMAX current and also Meter ELT glow on external load at the time of testing so meter needs to be replacement required,Meter Replacement / Installation Team,Meter Replacement / Installation Team,99.09,100-90% Very High,Correct
Meter RTC Corrupted So Meter Defective Needs to be replacement At the time of testing,Meter Replacement / Installation Team,Meter Replacement / Installation Team,99.76,100-90% Very High,Correct
Meter RTC found fail Hence meter is defective and replacement required for the same,Meter Replacement / Installation Team,Meter Replacement / Installation Team,100.0,100-90% Very High,Correct
Meter RTC found fail Hence meter is defective and replacement required for the same,Meter Replacement / Installation Team,Meter Replacement / Installation Team,100.0,100-90% Very High,Correct
meter Display segment is defective at the time of testing so meter needs to be replacement required,Meter Replacement / Installation Team,Meter Replacement / Installation Team,99.98,100-90% Very High,Correct
Meter RTC found fail Hence meter is defective and replacement required for the same,Meter Replacement / Installation Team,Meter Replacement / Installation Team,100.0,100-90% Very High,Correct
RTC is corrupt hence Meter replacement is required,Meter Replacement / Installation Team,Meter Replacement / Installation Team,98.91,100-90% Very High,Correct
meter pulse abnormal at a time of testing so meter replacement required at site,Meter Replacement / Installation Team,Meter Replacement / Installation Team,99.45,100-90% Very High,Correct
Meter RTC fail at the time of the testingso meter is defective meter needs to replace,Meter Replacement / Installation Team,Meter Replacement / Installation Team,99.8,100-90% Very High,Correct
Earth LED found ON even on External Load KW hence meter is defective and replacement required for the same,Meter Replacement / Installation Team,Meter Replacement / Installation Team,98.65,100-90% Very High,Correct
meter tested as per safety norms KVA MDI Recorded less then KW MDI at the time of testing hence meter is defective referred for replacement,Meter Replacement / Installation Team,Meter Replacement / Installation Team,97.73,100-90% Very High,Correct
Meter RTC Corrupted So Meter Defective Needs to be replacement At the time of testing,Meter Replacement / Installation Team,Meter Replacement / Installation Team,99.76,100-90% Very High,Correct
Meter display RTC fail at the time of testing so meter need replacement required,Meter Replacement / Installation Team,Meter Replacement / Installation Team,100.0,100-90% Very High,Correct
Meter Display Segment not Proper Showing So Meter Defective Needs to be replacement At the time of testing,Meter Replacement / Installation Team,Meter Replacement / Installation Team,99.84,100-90% Very High,Correct
Meter RTC found fail Hence meter is defective and replacement required for the same,Meter Replacement / Installation Team,Meter Replacement / Installation Team,100.0,100-90% Very High,Correct
No Display at the time of testing so meter need replacement required,Meter Replacement / Installation Team,Meter Replacement / Installation Team,99.99,100-90% Very High,Correct
Meter RTC Fail at the time of testing So meter needs to replacement required,Meter Replacement / Installation Team,Meter Replacement / Installation Team,99.96,100-90% Very High,Correct
meter rtc failed at the time of testing so meter need to be changed,Meter Replacement / Installation Team,Meter Replacement / Installation Team,98.32,100-90% Very High,Correct
RTC CORRUPT SO METER REPLACEMENT REQUIRED AT SITE,Meter Replacement / Installation Team,Meter Replacement / Installation Team,98.91,100-90% Very High,Correct
Meter RTC Corrupted So Meter Defective Needs to be replacement At the time of testing,Meter Replacement / Installation Team,Meter Replacement / Installation Team,99.76,100-90% Very High,Correct
Meter MDI corrupt MDI is not recording as per connected load at the time of testing so meter needs to be replacement required,Meter Replacement / Installation Team,Meter Replacement / Installation Team,99.46,100-90% Very High,Correct
Meter Terminal Are Found Burnt So Meter Is Defective Need Replacement,Meter Replacement / Installation Team,Meter Replacement / Installation Team,99.98,100-90% Very High,Correct
meter rtc failed at the time of testing so meter need to be changed,Meter Replacement / Installation Team,Meter Replacement / Installation Team,98.32,100-90% Very High,Correct
Meter Display Segment not Proper Showing So Meter Defective Needs to be replacement At the time of testing,Meter Replacement / Installation Team,Meter Replacement / Installation Team,99.84,100-90% Very High,Correct
Meter Display Segment not Proper Showing So Meter Defective Needs to Replacement At the time of testing,Meter Replacement / Installation Team,Meter Replacement / Installation Team,99.84,100-90% Very High,Correct
Meter Display Segment not Proper Showing So Meter Defective Needs to be replacement At the time of testing,Meter Replacement / Installation Team,Meter Replacement / Installation Team,99.84,100-90% Very High,Correct
meter RTC Fail at the time of testing so meter needs to be replacement required,Meter Replacement / Installation Team,Meter Replacement / Installation Team,99.96,100-90% Very High,Correct
Meter RTC found fail Hence meter is defective and replacement required for the same,Meter Replacement / Installation Team,Meter Replacement / Installation Team,100.0,100-90% Very High,Correct
meter rtc failed at the time of testing so meter need to be changed,Meter Replacement / Installation Team,Meter Replacement / Installation Team,98.32,100-90% Very High,Correct
Meter RTC failed at the time of testing so meter need to be change,Meter Replacement / Installation Team,Meter Replacement / Installation Team,98.09,100-90% Very High,Correct
Meter RTC fail at the time of the testingso meter is defective meter needs to replace,Meter Replacement / Installation Team,Meter Replacement / Installation Team,99.8,100-90% Very High,Correct
Meter display segments are not properly visible so meter is defective and need replacement,Meter Replacement / Installation Team,Meter Replacement / Installation Team,98.91,100-90% Very High,Correct
Meter RTC Failed at the time of testing so meter need to be changed,Meter Replacement / Installation Team,Meter Replacement / Installation Team,98.32,100-90% Very High,Correct
Meter RTC fail at the time of testing so meter is defective But the meter needs to be replace under mass meter category,Meter Replacement / Installation Team,Meter Replacement / Installation Team,99.89,100-90% Very High,Correct
Meter RTC Failed at the time of testing so meter need to be changed,Meter Replacement / Installation Team,Meter Replacement / Installation Team,98.32,100-90% Very High,Correct
Meter RTC fail at the time of the testingso meter is defective meter needs to replace,Meter Replacement / Installation Team,Meter Replacement / Installation Team,99.8,100-90% Very High,Correct
meter rtc failed at the time of testing so meter need to be changed,Meter Replacement / Installation Team,Meter Replacement / Installation Team,98.32,100-90% Very High,Correct
meter rtc failed at the time of testing so meter need to be changed,Meter Replacement / Installation Team,Meter Replacement / Installation Team,98.32,100-90% Very High,Correct
Meter RTC fail at the time of the testingso meter is defective meter needs to replaceZone paper seal pasted on meter box,Meter Replacement / Installation Team,Meter Replacement / Installation Team,97.83,100-90% Very High,Correct
meter rtc failed at the time of testing so meter need to be changed,Meter Replacement / Installation Team,Meter Replacement / Installation Team,98.32,100-90% Very High,Correct
meter rtc failed at the time of testing so meter need to be changed,Meter Replacement / Installation Team,Meter Replacement / Installation Team,98.32,100-90% Very High,Correct
meter Rtc failed at the time of testing so meter need to be changed,Meter Replacement / Installation Team,Meter Replacement / Installation Team,98.32,100-90% Very High,Correct
Meter RTC Failed at the time of testing so meter need to be changed,Meter Replacement / Installation Team,Meter Replacement / Installation Team,98.32,100-90% Very High,Correct
Meter RTC fail at the time of the testingso meter is defective meter needs to replace,Meter Replacement / Installation Team,Meter Replacement / Installation Team,99.8,100-90% Very High,Correct
Meter RTC fail at the time of the testingso meter is defective meter needs to replace,Meter Replacement / Installation Team,Meter Replacement / Installation Team,99.8,100-90% Very High,Correct
meter rtc failed at the time of testing so meter need to be changed,Meter Replacement / Installation Team,Meter Replacement / Installation Team,98.32,100-90% Very High,Correct
Meter RTC fail at the time of the testingso meter is defective meter needs to replace,Meter Replacement / Installation Team,Meter Replacement / Installation Team,99.8,100-90% Very High,Correct
meter rtc failed at the time of testing so meter need to be changed,Meter Replacement / Installation Team,Meter Replacement / Installation Team,98.32,100-90% Very High,Correct
meter Rtc failed at the time of testing so meter need to be changed,Meter Replacement / Installation Team,Meter Replacement / Installation Team,98.32,100-90% Very High,Correct
meter Rtc failed at the time of testing so meter need to be changed,Meter Replacement / Installation Team,Meter Replacement / Installation Team,98.32,100-90% Very High,Correct
meter Rtc failed at the time of testing so meter need to be changed,Meter Replacement / Installation Team,Meter Replacement / Installation Team,98.32,100-90% Very High,Correct
meter rtc failed at the time of testing so meter need to be changed,Meter Replacement / Installation Team,Meter Replacement / Installation Team,98.32,100-90% Very High,Correct
Meter RTC fail at the time of the testingso meter is defective meter needs to replace,Meter Replacement / Installation Team,Meter Replacement / Installation Team,99.8,100-90% Very High,Correct
Meter RTC Corrupted So Meter Defective Needs to be replacement At the time of testing,Meter Replacement / Installation Team,Meter Replacement / Installation Team,99.76,100-90% Very High,Correct
Meter RTC Fail at the time of testing So meter needs to replacement required,Meter Replacement / Installation Team,Meter Replacement / Installation Team,99.96,100-90% Very High,Correct
Meter RTC Fail at the time of testing So meter needs to replacement required,Meter Replacement / Installation Team,Meter Replacement / Installation Team,99.96,100-90% Very High,Correct
meter RTC Fail at the time of testing so meter needs to be replacement required,Meter Replacement / Installation Team,Meter Replacement / Installation Team,99.96,100-90% Very High,Correct
Meter RTC found Fail hence meter is defective also Low Battery found hence replacement required for the same,Meter Replacement / Installation Team,Meter Replacement / Installation Team,99.65,100-90% Very High,Correct
Meter display segments are not properly visible so meter is defective and need replacement,Meter Replacement / Installation Team,Meter Replacement / Installation Team,98.91,100-90% Very High,Correct
Meter RTC fail at the time of the testingso meter is defective meter needs to replace,Meter Replacement / Installation Team,Meter Replacement / Installation Team,99.8,100-90% Very High,Correct
Meter RTC found fail Hence meter is defective and replacement required for the same,Meter Replacement / Installation Team,Meter Replacement / Installation Team,100.0,100-90% Very High,Correct
Meter RTC Fail at the time of testing So meter needs to replacement required,Meter Replacement / Installation Team,Meter Replacement / Installation Team,99.96,100-90% Very High,Correct
Meter RTC fail at the time of the testingso meter is defective meter needs to replace,Meter Replacement / Installation Team,Meter Replacement / Installation Team,99.8,100-90% Very High,Correct
Meter RTC Fail at the time of testing So meter needs to replacement required,Meter Replacement / Installation Team,Meter Replacement / Installation Team,99.96,100-90% Very High,Correct
Meter RTC Corrupted So Meter Defective Needs to be replacement At the time of testing,Meter Replacement / Installation Team,Meter Replacement / Installation Team,99.76,100-90% Very High,Correct
EL ON EXTERNAL LOAD SO METER DEFECTIVE NEED TO REPLACEMENT,Meter Replacement / Installation Team,Meter Replacement / Installation Team,99.73,100-90% Very High,Correct
Meter RTC Failed at the time of testing so meter need to be changed,Meter Replacement / Installation Team,Meter Replacement / Installation Team,98.32,100-90% Very High,Correct
RTC CORRUPT SO METER REPLACEMENT REQUIRED AT SITE,Meter Replacement / Installation Team,Meter Replacement / Installation Team,98.91,100-90% Very High,Correct
Meter EL is ON on external load so meter is defective and need replacement,Meter Replacement / Installation Team,Meter Replacement / Installation Team,99.82,100-90% Very High,Correct
Meter RTC Corrupted So Meter Defective Needs to be replacement At the time of testing,Meter Replacement / Installation Team,Meter Replacement / Installation Team,99.76,100-90% Very High,Correct
meter calibration pulse abnormal blinking at the time of testing so meter needs to be replacement required,Meter Replacement / Installation Team,Meter Replacement / Installation Team,99.48,100-90% Very High,Correct
Meter display segments are not properly visible so meter is defective and need replacement,Meter Replacement / Installation Team,Meter Replacement / Installation Team,98.91,100-90% Very High,Correct
meter display segment is defective at the time of testing so meter needs to be replacement required,Meter Replacement / Installation Team,Meter Replacement / Installation Team,99.98,100-90% Very High,Correct
meter ELT glow on external load at the time of testing so meter needs to be replacement required,Meter Replacement / Installation Team,Meter Replacement / Installation Team,98.35,100-90% Very High,Correct
Meter RTC found fail Hence meter is defective and replacement required for the same,Meter Replacement / Installation Team,Meter Replacement / Installation Team,100.0,100-90% Very High,Correct
meter rtc failed at the time of testing so meter need to be changed,Meter Replacement / Installation Team,Meter Replacement / Installation Team,98.32,100-90% Very High,Correct
meter rtc failed at the time of testing so meter need to be changed,Meter Replacement / Installation Team,Meter Replacement / Installation Team,98.32,100-90% Very High,Correct
Meter RTC Corrupted So Meter Defective Needs to be replacement At the time of testing,Meter Replacement / Installation Team,Meter Replacement / Installation Team,99.76,100-90% Very High,Correct
METER RTC Fail So Meter Is Defective Need Replacement,Meter Replacement / Installation Team,Meter Replacement / Installation Team,100.0,100-90% Very High,Correct
Meter RTC Failed at the time of testing so meter need to be changed,Meter Replacement / Installation Team,Meter Replacement / Installation Team,98.32,100-90% Very High,Correct
Earth LED found ON even on External Load KW hence meter is defective and replacement required for the same,Meter Replacement / Installation Team,Meter Replacement / Installation Team,98.65,100-90% Very High,Correct
Meter RTC fail at the time of the testingso meter is defective meter needs to replace,Meter Replacement / Installation Team,Meter Replacement / Installation Team,99.8,100-90% Very High,Correct
Meter RTC fail at the time of testing so meter is defective But the meter needs to be replace under mass meter category,Meter Replacement / Installation Team,Meter Replacement / Installation Team,99.89,100-90% Very High,Correct
meter rtc failed at the time of testing so meter need to be changed,Meter Replacement / Installation Team,Meter Replacement / Installation Team,98.32,100-90% Very High,Correct
Meter RTC fail at the time of testing so meter is defective But the meter needs to be replace under mass meter category,Meter Replacement / Installation Team,Meter Replacement / Installation Team,99.89,100-90% Very High,Correct
meter rtc failed at the time of testing so meter need to be changed,Meter Replacement / Installation Team,Meter Replacement / Installation Team,98.32,100-90% Very High,Correct
METER RTC Fail So Meter Is Defective Need Replacement,Meter Replacement / Installation Team,Meter Replacement / Installation Team,100.0,100-90% Very High,Correct
Meter RTC fail at the time of testingso meter is defective But the meter needs to be replace under mass meter category,Meter Replacement / Installation Team,Meter Replacement / Installation Team,99.89,100-90% Very High,Correct
Meter RTC Corrupted So Meter Defective Needs to be replacement At the time of testing,Meter Replacement / Installation Team,Meter Replacement / Installation Team,99.76,100-90% Very High,Correct
RTC found Fail hence meter is defective hence replacement required for the same MDI is found zero evem on continuous running load,Meter Replacement / Installation Team,Meter Replacement / Installation Team,98.26,100-90% Very High,Correct
Meter RTC Corrupted So Meter Defective Needs to be replacement At the time of testing,Meter Replacement / Installation Team,Meter Replacement / Installation Team,99.76,100-90% Very High,Correct
meter abnormal pulse blinking so meter deffective need replacement,Meter Replacement / Installation Team,Meter Replacement / Installation Team,99.28,100-90% Very High,Correct
Meter RTC fail at the time of testing so meter is defective But the meter needs to be replace under mass meter category,Meter Replacement / Installation Team,Meter Replacement / Installation Team,99.89,100-90% Very High,Correct
Meter RTC found fail Hence meter is defective and replacement required for the same,Meter Replacement / Installation Team,Meter Replacement / Installation Team,100.0,100-90% Very High,Correct
meter display segment is defective at the time of testing so meter needs to be replacement required,Meter Replacement / Installation Team,Meter Replacement / Installation Team,99.98,100-90% Very High,Correct
Meter RTC Fail at the time of testing So meter needs to replacement required,Meter Replacement / Installation Team,Meter Replacement / Installation Team,99.96,100-90% Very High,Correct
METER DISPLAY DEFECTIVE SO METER REPLACEMENT REQUIRED AT SITE,Meter Replacement / Installation Team,Meter Replacement / Installation Team,99.99,100-90% Very High,Correct
Meter RTC Corrupted So Meter Defective Needs to be replacement At the time of testing,Meter Replacement / Installation Team,Meter Replacement / Installation Team,99.76,100-90% Very High,Correct
Meter RTC found fail Hence meter is defective and replacement required for the same,Meter Replacement / Installation Team,Meter Replacement / Installation Team,100.0,100-90% Very High,Correct
meter calibration pulse abnormal blinking at the time of testing so meter needs to be replacement required,Meter Replacement / Installation Team,Meter Replacement / Installation Team,99.48,100-90% Very High,Correct
Meter RTC Corrupted So Meter Defective Needs to be replacement At the time of testing,Meter Replacement / Installation Team,Meter Replacement / Installation Team,99.76,100-90% Very High,Correct
Meter RTC Fail at the time of testing So meter needs to replacement required,Meter Replacement / Installation Team,Meter Replacement / Installation Team,99.96,100-90% Very High,Correct
Meter RTC Fail at the time of testing So meter needs to replacement required meter mismach actual meter no is,Meter Replacement / Installation Team,Meter Replacement / Installation Team,99.35,100-90% Very High,Correct
Meter RTC Failed at the time of testing so meter need to be changed,Meter Replacement / Installation Team,Meter Replacement / Installation Team,98.32,100-90% Very High,Correct
RTC CORRUPT SO METER REPLACEMENT REQUIRED AT SITE,Meter Replacement / Installation Team,Meter Replacement / Installation Team,98.91,100-90% Very High,Correct
meter RTC Fail at the time of testing so meter needs to be replacement required,Meter Replacement / Installation Team,Meter Replacement / Installation Team,99.96,100-90% Very High,Correct
Meter RTC Fail at the time of testing So meter needs to replacement required,Meter Replacement / Installation Team,Meter Replacement / Installation Team,99.96,100-90% Very High,Correct
Meter parameters not match with accuchak on external load alongwith Meter display showing Earth symbol so meter need replacement required,Meter Replacement / Installation Team,Meter Replacement / Installation Team,97.73,100-90% Very High,Correct
Meter RTC found fail Hence meter is defective and replacement required for the same,Meter Replacement / Installation Team,Meter Replacement / Installation Team,100.0,100-90% Very High,Correct
Meter RTC Fail at the time of testing So meter needs to replacement required,Meter Replacement / Installation Team,Meter Replacement / Installation Team,99.96,100-90% Very High,Correct
Meter RTC fail at the time of the testingso meter is defective meter needs to replace,Meter Replacement / Installation Team,Meter Replacement / Installation Team,99.8,100-90% Very High,Correct
Meter RTC fail at the time of the testingso meter is defective meter needs to replace,Meter Replacement / Installation Team,Meter Replacement / Installation Team,99.8,100-90% Very High,Correct
Meter RTC fail at the time of the testingso meter is defective meter needs to replace,Meter Replacement / Installation Team,Meter Replacement / Installation Team,99.8,100-90% Very High,Correct
Meter RTC fail at the time of the testingso meter is defective meter needs to replace,Meter Replacement / Installation Team,Meter Replacement / Installation Team,99.8,100-90% Very High,Correct
meter rtc failed at the time of testing so meter need to be changed,Meter Replacement / Installation Team,Meter Replacement / Installation Team,98.32,100-90% Very High,Correct
Meter RTC fail at the time of the testingso meter is defective meter needs to replace,Meter Replacement / Installation Team,Meter Replacement / Installation Team,99.8,100-90% Very High,Correct
NO DISPLAY SO METER REPLACEMENT REQUIRED AT SITE,Meter Replacement / Installation Team,Meter Replacement / Installation Team,99.87,100-90% Very High,Correct
meter RTC fail at the time of testing so meter needs to be replacement required,Meter Replacement / Installation Team,Meter Replacement / Installation Team,99.96,100-90% Very High,Correct
Meter RTC Corrupted So Meter Defective Needs to be replacement At the time of testing,Meter Replacement / Installation Team,Meter Replacement / Installation Team,99.76,100-90% Very High,Correct
Meter RTC Corrupted So Meter Defective Needs to be replacement At the time of testing,Meter Replacement / Installation Team,Meter Replacement / Installation Team,99.76,100-90% Very High,Correct
Meter RTC Corrupted So Meter Defective Needs to be replacement At the time of testing,Meter Replacement / Installation Team,Meter Replacement / Installation Team,99.76,100-90% Very High,Correct
Meter RTC Corrupted So Meter Defective Needs to be replacement At the time of testing,Meter Replacement / Installation Team,Meter Replacement / Installation Team,99.76,100-90% Very High,Correct
Meter RTC found fail Hence meter is defective and replacement required for the same,Meter Replacement / Installation Team,Meter Replacement / Installation Team,100.0,100-90% Very High,Correct
Meter RTC Fail at the time of testing So meter needs to replacement required,Meter Replacement / Installation Team,Meter Replacement / Installation Team,99.96,100-90% Very High,Correct
Meter RTC Fail at the time of testing So meter needs to replacement required,Meter Replacement / Installation Team,Meter Replacement / Installation Team,99.96,100-90% Very High,Correct
meter RTC failed at the time of testing so meter need to be changed,Meter Replacement / Installation Team,Meter Replacement / Installation Team,98.32,100-90% Very High,Correct
Meter RTC Corrupted So Meter Defective Needs to be replacement At the time of testing,Meter Replacement / Installation Team,Meter Replacement / Installation Team,99.76,100-90% Very High,Correct
Meter RTC found fail Hence meter is defective and replacement required for the same,Meter Replacement / Installation Team,Meter Replacement / Installation Team,100.0,100-90% Very High,Correct
meter RTC failed at the time of testing so meter need to be changed,Meter Replacement / Installation Team,Meter Replacement / Installation Team,98.32,100-90% Very High,Correct
Meter RTC Failed at the time of testing so meter need to be changed,Meter Replacement / Installation Team,Meter Replacement / Installation Team,98.32,100-90% Very High,Correct
Meter RTC Failed at the time of testing so meter need to be changed,Meter Replacement / Installation Team,Meter Replacement / Installation Team,98.32,100-90% Very High,Correct
Meter RTC Fail at the time of testing So meter needs to replacement required,Meter Replacement / Installation Team,Meter Replacement / Installation Team,99.96,100-90% Very High,Correct
Meter RTC Fail at the time of testing So meter needs to replacement required,Meter Replacement / Installation Team,Meter Replacement / Installation Team,99.96,100-90% Very High,Correct
Meter RTC Failed at the time of testing so meter need to be changed,Meter Replacement / Installation Team,Meter Replacement / Installation Team,98.32,100-90% Very High,Correct
Meter RTC fail at the time of the testingso meter is defective meter needs to replace,Meter Replacement / Installation Team,Meter Replacement / Installation Team,99.8,100-90% Very High,Correct
Meter RTC Failed at the time of testing so meter need to be changed,Meter Replacement / Installation Team,Meter Replacement / Installation Team,98.32,100-90% Very High,Correct
Meter RTC fail at the time of the testingso meter is defective meter needs to replace,Meter Replacement / Installation Team,Meter Replacement / Installation Team,99.8,100-90% Very High,Correct
meter RTC failed at the time of testing so meter need to be changed,Meter Replacement / Installation Team,Meter Replacement / Installation Team,98.32,100-90% Very High,Correct
Meter RTC fail at the time of the testingso meter is defective meter needs to replace,Meter Replacement / Installation Team,Meter Replacement / Installation Team,99.8,100-90% Very High,Correct
Meter RTC fail at the time of the testingso meter is defective meter needs to replace,Meter Replacement / Installation Team,Meter Replacement / Installation Team,99.8,100-90% Very High,Correct
Meter RTC Failed at the time of testing so meter need to be changed,Meter Replacement / Installation Team,Meter Replacement / Installation Team,98.32,100-90% Very High,Correct
Meter RTC Failed at the time of testing so meter need to be changed,Meter Replacement / Installation Team,Meter Replacement / Installation Team,98.32,100-90% Very High,Correct
Meter RTC fail at the time of the testingso meter is defective meter needs to replace,Meter Replacement / Installation Team,Meter Replacement / Installation Team,99.8,100-90% Very High,Correct
meter RTC failed at the time of testing so meter need to be changed,Meter Replacement / Installation Team,Meter Replacement / Installation Team,98.32,100-90% Very High,Correct
Meter RTC found fail Hence meter is defective and replacement required for the same,Meter Replacement / Installation Team,Meter Replacement / Installation Team,100.0,100-90% Very High,Correct
RTC is corrupt hence Meter replacement is required,Meter Replacement / Installation Team,Meter Replacement / Installation Team,98.91,100-90% Very High,Correct
RTC found Fail hence meter is defective also Low Battery found hence replacement required for the same,Meter Replacement / Installation Team,Meter Replacement / Installation Team,99.5,100-90% Very High,Correct
Meter RTC Corrupted So Meter Defective Needs to be replacement At the time of testing,Meter Replacement / Installation Team,Meter Replacement / Installation Team,99.76,100-90% Very High,Correct
Meter RTC Corrupted So Defective Needs to be replacement At the time of testing,Meter Replacement / Installation Team,Meter Replacement / Installation Team,99.73,100-90% Very High,Correct
METER RTC Fail So Meter Is Defective Need Replacement,Meter Replacement / Installation Team,Meter Replacement / Installation Team,100.0,100-90% Very High,Correct
METER RTC Fail So Meter Is Defective Need Replacement,Meter Replacement / Installation Team,Meter Replacement / Installation Team,100.0,100-90% Very High,Correct
Meter RTC Corrupted So Meter Defective Needs to be replacement At the time of testing,Meter Replacement / Installation Team,Meter Replacement / Installation Team,99.76,100-90% Very High,Correct
Meter RTC Corrupted So Meter Defective Needs to be replacement At the time of testing,Meter Replacement / Installation Team,Meter Replacement / Installation Team,99.76,100-90% Very High,Correct
Meter calibration pulse is blinking abnormal at the time of testing So Meter is Defective need to be Replacement,Meter Replacement / Installation Team,Meter Replacement / Installation Team,99.92,100-90% Very High,Correct
Meter RTC found fail Hence meter is defective and replacement required for the same,Meter Replacement / Installation Team,Meter Replacement / Installation Team,100.0,100-90% Very High,Correct
Meter RTC found fail also LOW battery symbol is on meter also there is current difference in Phase and Neutral current hence meter is defective and replacement required for the same,Meter Replacement / Installation Team,Meter Replacement / Installation Team,99.38,100-90% Very High,Correct
RTC is corrupt hence Meter replacement is required,Meter Replacement / Installation Team,Meter Replacement / Installation Team,98.91,100-90% Very High,Correct
meter RTC failed at the time of testing so meter need to be changed,Meter Replacement / Installation Team,Meter Replacement / Installation Team,98.32,100-90% Very High,Correct
Meter RTC fail at the time of the testingso meter is defective meter needs to replace,Meter Replacement / Installation Team,Meter Replacement / Installation Team,99.8,100-90% Very High,Correct
Earth LED found ON even on External Load KW hence meter is defective and replacement required for the same,Meter Replacement / Installation Team,Meter Replacement / Installation Team,98.65,100-90% Very High,Correct
meter display defective at the time of testing so meter needs to be replacement required,Meter Replacement / Installation Team,Meter Replacement / Installation Team,99.99,100-90% Very High,Correct
meter rtc failed at the time of testing so meter need to be changed,Meter Replacement / Installation Team,Meter Replacement / Installation Team,98.32,100-90% Very High,Correct
meter calibration pulse abnormal on external load so meter defective need to change,Meter Replacement / Installation Team,Meter Replacement / Installation Team,98.91,100-90% Very High,Correct
Meter RTC Fail at the time of testing So meter needs to replacement required,Meter Replacement / Installation Team,Meter Replacement / Installation Team,99.96,100-90% Very High,Correct
Meter RTC fail at the time of the testingso meter is defective meter needs to replace,Meter Replacement / Installation Team,Meter Replacement / Installation Team,99.8,100-90% Very High,Correct
meter Display segment is defective at the time of testing so meter needs to be replacement required,Meter Replacement / Installation Team,Meter Replacement / Installation Team,99.98,100-90% Very High,Correct
Meter RTC Corrupted So Meter Defective Needs to be replacement At the time of testing,Meter Replacement / Installation Team,Meter Replacement / Installation Team,99.76,100-90% Very High,Correct
METER VOLTAGE PARAMETER ABNORMAL meter display showing V but actual voltage is V,Meter Replacement / Installation Team,Meter Replacement / Installation Team,88.47,90-75% High,Correct
Meter RTC Corrupted So Meter Defective Needs to be replacement At the time of testing,Meter Replacement / Installation Team,Meter Replacement / Installation Team,99.76,100-90% Very High,Correct
meter rtc failed at the time of testing so meter need to be changed,Meter Replacement / Installation Team,Meter Replacement / Installation Team,98.32,100-90% Very High,Correct
Meter RTC fail at the time of the testingso meter is defective meter needs to replace,Meter Replacement / Installation Team,Meter Replacement / Installation Team,99.8,100-90% Very High,Correct
meter rtc failed at the time of testing so meter need to be changed,Meter Replacement / Installation Team,Meter Replacement / Installation Team,98.32,100-90% Very High,Correct
METER RTC Fail So Meter Is Defective Need Replacement,Meter Replacement / Installation Team,Meter Replacement / Installation Team,100.0,100-90% Very High,Correct
METER RTC Fail So Meter Is Defective Need Replacement,Meter Replacement / Installation Team,Meter Replacement / Installation Team,100.0,100-90% Very High,Correct
Meter RTC Fail at the time of testing So meter needs to replacement required,Meter Replacement / Installation Team,Meter Replacement / Installation Team,99.96,100-90% Very High,Correct
Meter RTC found fail Hence meter is defective and replacement required for the same,Meter Replacement / Installation Team,Meter Replacement / Installation Team,100.0,100-90% Very High,Correct
METER NO RTC CORRUPT SO METER REPLACEMENT REQUIRED AT SITE,Meter Replacement / Installation Team,Meter Replacement / Installation Team,99.17,100-90% Very High,Correct
meter RTC fail so meter defective need replacement,Meter Replacement / Installation Team,Meter Replacement / Installation Team,100.0,100-90% Very High,Correct
Meter RTC fail at the time of the testingso meter is defective meter needs to replace,Meter Replacement / Installation Team,Meter Replacement / Installation Team,99.8,100-90% Very High,Correct
Meter RTC Corrupted So Meter Defective Needs to be replacement At the time of testing,Meter Replacement / Installation Team,Meter Replacement / Installation Team,99.76,100-90% Very High,Correct
Meter display segment found defective so meter need to be changed,Meter Replacement / Installation Team,Meter Replacement / Installation Team,99.92,100-90% Very High,Correct
Meter RTC Fail at the time of testing So meter needs to replacement required,Meter Replacement / Installation Team,Meter Replacement / Installation Team,99.96,100-90% Very High,Correct
Meter RTC Fail at the time of testing So meter needs to replacement required,Meter Replacement / Installation Team,Meter Replacement / Installation Team,99.96,100-90% Very High,Correct
meter rtc failed at the time of testing so meter need to be changed,Meter Replacement / Installation Team,Meter Replacement / Installation Team,98.32,100-90% Very High,Correct
meter Rtc failed at the time of testing so meter need to be changed,Meter Replacement / Installation Team,Meter Replacement / Installation Team,98.32,100-90% Very High,Correct
Meter RTC fail at the time of the testingso meter is defective meter needs to replaceZone paper seal pasted on meter box,Meter Replacement / Installation Team,Meter Replacement / Installation Team,97.83,100-90% Very High,Correct
Meter RTC fail at the time of the testingso meter is defective meter needs to replaceZone paper seal pasted on meter box,Meter Replacement / Installation Team,Meter Replacement / Installation Team,97.83,100-90% Very High,Correct
Meter RTC Corrupted So Meter Defective Needs to be replacement At the time of Testing,Meter Replacement / Installation Team,Meter Replacement / Installation Team,99.76,100-90% Very High,Correct
meter display segment is defective at the time of testing so meter needs to be replacement required,Meter Replacement / Installation Team,Meter Replacement / Installation Team,99.98,100-90% Very High,Correct
Meter RTC Corrupted So Meter Defective Needs to be replacement At the time of testing,Meter Replacement / Installation Team,Meter Replacement / Installation Team,99.76,100-90% Very High,Correct
Meter ELT ON An External Load So Meter Defective Needs to be replacement At the time of testing,Meter Replacement / Installation Team,Meter Replacement / Installation Team,99.49,100-90% Very High,Correct
Meter incoming terminal found burntMeter need to be replacement required,Meter Replacement / Installation Team,Meter Replacement / Installation Team,97.65,100-90% Very High,Correct
Meter RTC fail at the time of the testingso meter is defective meter needs to replace,Meter Replacement / Installation Team,Meter Replacement / Installation Team,99.8,100-90% Very High,Correct
Meter RTC found fail Hence meter is defective and replacement required for the same,Meter Replacement / Installation Team,Meter Replacement / Installation Team,100.0,100-90% Very High,Correct
RTC found Fail hence meter is defective also Low Battery found also difference found on Phase and Neutral current hence replacement required for the same Contacted Person Sona Devi,Meter Replacement / Installation Team,Meter Replacement / Installation Team,98.4,100-90% Very High,Correct
Meter RTC fail at the time of the testingso meter is defective meter needs to replace,Meter Replacement / Installation Team,Meter Replacement / Installation Team,99.8,100-90% Very High,Correct
meter rtc failed at the time of testing so meter need to be changed,Meter Replacement / Installation Team,Meter Replacement / Installation Team,98.32,100-90% Very High,Correct
Meter Terminal Are Found Burnt So Meter Is Defective Need Replacement,Meter Replacement / Installation Team,Meter Replacement / Installation Team,99.98,100-90% Very High,Correct
Meter RTC Corrupted So Meter Defective Needs to be replacement At the time of testing,Meter Replacement / Installation Team,Meter Replacement / Installation Team,99.76,100-90% Very High,Correct
Meter RTC Failed at the time of testing so meter need to be changed,Meter Replacement / Installation Team,Meter Replacement / Installation Team,98.32,100-90% Very High,Correct
Meter RTC fail at the time of the testingso meter is defective meter needs to replace,Meter Replacement / Installation Team,Meter Replacement / Installation Team,99.8,100-90% Very High,Correct
Meter RTC Failed at the time of testing so meter need to be changed,Meter Replacement / Installation Team,Meter Replacement / Installation Team,98.32,100-90% Very High,Correct
meter rtc failed at the time of testing so meter need to be changed,Meter Replacement / Installation Team,Meter Replacement / Installation Team,98.32,100-90% Very High,Correct
Meter ELT ON An External Load So Meter Defective Needs to be replacement At the time of testing,Meter Replacement / Installation Team,Meter Replacement / Installation Team,99.49,100-90% Very High,Correct
RTC CORRUPT SO METER REPLACEMENT REQUIRED AT SITE,Meter Replacement / Installation Team,Meter Replacement / Installation Team,98.91,100-90% Very High,Correct
Meter RTC Corrupted So Meter Defective Needs to be replacement At the time of testing,Meter Replacement / Installation Team,Meter Replacement / Installation Team,99.76,100-90% Very High,Correct
Meter RTC fail at the time of the testingso meter is defective meter needs to replace,Meter Replacement / Installation Team,Meter Replacement / Installation Team,99.8,100-90% Very High,Correct
meter RTC failed at the time of testing so meter need to be changed,Meter Replacement / Installation Team,Meter Replacement / Installation Team,98.32,100-90% Very High,Correct
Meter RTC fail at the time of the testingso meter is defective meter needs to replace,Meter Replacement / Installation Team,Meter Replacement / Installation Team,99.8,100-90% Very High,Correct
Meter RTC Corrupted So Meter Defective Needs to be replacement At the time of testing,Meter Replacement / Installation Team,Meter Replacement / Installation Team,99.76,100-90% Very High,Correct
Meter RTC Corrupted So Meter Defective Needs to be replacement At the time of testing,Meter Replacement / Installation Team,Meter Replacement / Installation Team,99.76,100-90% Very High,Correct
Meter RTC Fail at the time of testing So meter needs to replacement required,Meter Replacement / Installation Team,Meter Replacement / Installation Team,99.96,100-90% Very High,Correct
Meter RTC fail at the time of the testingso meter is defective meter needs to replace,Meter Replacement / Installation Team,Meter Replacement / Installation Team,99.8,100-90% Very High,Correct
meter rtc failed at the time of testing so meter need to be changed,Meter Replacement / Installation Team,Meter Replacement / Installation Team,98.32,100-90% Very High,Correct
Meter RTC fail at the time of the testingso meter is defective meter needs to replace,Meter Replacement / Installation Team,Meter Replacement / Installation Team,99.8,100-90% Very High,Correct
Meter RTC Failed at the time of testing so meter need to be changed,Meter Replacement / Installation Team,Meter Replacement / Installation Team,98.32,100-90% Very High,Correct
Meter RTC Failed at the time of testing so meter need to be changed,Meter Replacement / Installation Team,Meter Replacement / Installation Team,98.32,100-90% Very High,Correct
meter Rtc failed at the time of testing so meter need to be changed,Meter Replacement / Installation Team,Meter Replacement / Installation Team,98.32,100-90% Very High,Correct
Meter RTC Fail at the time of testing So meter needs to replacement required,Meter Replacement / Installation Team,Meter Replacement / Installation Team,99.96,100-90% Very High,Correct
meter rtc failed at the time of testing so meter need to be changed,Meter Replacement / Installation Team,Meter Replacement / Installation Team,98.32,100-90% Very High,Correct
meter rtc failed at the time of testing so meter need to be changed,Meter Replacement / Installation Team,Meter Replacement / Installation Team,98.32,100-90% Very High,Correct
meter rtc failed at the time of testing so meter need to be changed,Meter Replacement / Installation Team,Meter Replacement / Installation Team,98.32,100-90% Very High,Correct
meter rtc failed at the time of testing so meter need to be changed,Meter Replacement / Installation Team,Meter Replacement / Installation Team,98.32,100-90% Very High,Correct
Meter RTC Corrupted So Meter Defective Needs to be replacement At the time of testing,Meter Replacement / Installation Team,Meter Replacement / Installation Team,99.76,100-90% Very High,Correct
meter display segment found defective so meter need to be changed,Meter Replacement / Installation Team,Meter Replacement / Installation Team,99.92,100-90% Very High,Correct
Battery low is showing on meter displayMeter need to be replacement required,Meter Replacement / Installation Team,Meter Replacement / Installation Team,99.13,100-90% Very High,Correct
Meter Calibration Pulse Blinking Evem on No load also RTC found Fail on no load A current is showing in Phase and in Neutral along with this Burnt marks and Molten plastic observed inside the Terminal Cover hence meter is defective and hence same needs to be replace under defective category Contacted Person Aman Jain,Meter Replacement / Installation Team,Meter Replacement / Installation Team,98.75,100-90% Very High,Correct
Meter RTC Corrupted So Meter Defective Needs to be replacement At the time of testing,Meter Replacement / Installation Team,Meter Replacement / Installation Team,99.76,100-90% Very High,Correct
Meter RTC Fail at the time of testing So meter needs to replacement required,Meter Replacement / Installation Team,Meter Replacement / Installation Team,99.96,100-90% Very High,Correct
RTC CORRUPT SO METER REPLACEMENT REQUIRED AT SITE,Meter Replacement / Installation Team,Meter Replacement / Installation Team,98.91,100-90% Very High,Correct
Meter RTC fail at the time of the testingso meter is defective meter needs to replace,Meter Replacement / Installation Team,Meter Replacement / Installation Team,99.8,100-90% Very High,Correct
Meter RTC Fail at the time of testing So meter needs to replacement Paper seal pasted on meter box,Meter Replacement / Installation Team,Meter Replacement / Installation Team,82.67,90-75% High,Correct
RTC CORRUPT SO METER REPLACEMENT REQUIRED AT SITE,Meter Replacement / Installation Team,Meter Replacement / Installation Team,98.91,100-90% Very High,Correct
Meter RTC fail at the time of the testingso meter is defective meter needs to replace,Meter Replacement / Installation Team,Meter Replacement / Installation Team,99.8,100-90% Very High,Correct
meter RTC fail so meter defective need replacement,Meter Replacement / Installation Team,Meter Replacement / Installation Team,100.0,100-90% Very High,Correct
Meter display segments are not properly visible so meter is defective and need replacement,Meter Replacement / Installation Team,Meter Replacement / Installation Team,98.91,100-90% Very High,Correct
Meter display sagment defective at the time of testing so meter need replacement required,Meter Replacement / Installation Team,Meter Replacement / Installation Team,99.96,100-90% Very High,Correct
RTC CORRUPT SO METER REPLACEMENT REQUIRED AT SITE,Meter Replacement / Installation Team,Meter Replacement / Installation Team,98.91,100-90% Very High,Correct
Meter RTC Corrupted So Meter Defective Needs to be replacement At the time of testing,Meter Replacement / Installation Team,Meter Replacement / Installation Team,99.76,100-90% Very High,Correct
Meter RTC Corrupted So Meter Defective Needs to be replacement At the time of testing,Meter Replacement / Installation Team,Meter Replacement / Installation Team,99.76,100-90% Very High,Correct
Meter RTC Corrupted So Meter Defective Needs to be replacement At the time of testing,Meter Replacement / Installation Team,Meter Replacement / Installation Team,99.76,100-90% Very High,Correct
Meter is running on Imax even on no load also Imax Current is showing in instantaneous Phase current and zero current is showing in instantaneous neutral current hence meter is defective and replacement required for the same,Meter Replacement / Installation Team,Meter Replacement / Installation Team,98.6,100-90% Very High,Correct
METER RTC Fail So Meter Is Defective Need Replacement,Meter Replacement / Installation Team,Meter Replacement / Installation Team,100.0,100-90% Very High,Correct
METER RTC Fail So Meter Is Defective Need Replacement,Meter Replacement / Installation Team,Meter Replacement / Installation Team,100.0,100-90% Very High,Correct
meter rtc failed at the time of testing so meter need to be changed,Meter Replacement / Installation Team,Meter Replacement / Installation Team,98.32,100-90% Very High,Correct
Meter RTC found fail Hence meter is defective and replacement required for the same,Meter Replacement / Installation Team,Meter Replacement / Installation Team,100.0,100-90% Very High,Correct
meter display segment is defective at the time of testing so meter needs to be replacement required,Meter Replacement / Installation Team,Meter Replacement / Installation Team,99.98,100-90% Very High,Correct
Meter RTC Corrupted So Meter Defective Needs to be replacement At the time of testing,Meter Replacement / Installation Team,Meter Replacement / Installation Team,99.76,100-90% Very High,Correct
Meter RTC Corrupted So Meter Defective Needs to be replacement At the time of testing,Meter Replacement / Installation Team,Meter Replacement / Installation Team,99.76,100-90% Very High,Correct
Meter RTC Corrupted So Meter Defective Needs to be replacement At the time of testing,Meter Replacement / Installation Team,Meter Replacement / Installation Team,99.76,100-90% Very High,Correct
Meter RTC Corrupted So Meter Defective Needs to be replacement At the time of testing,Meter Replacement / Installation Team,Meter Replacement / Installation Team,99.76,100-90% Very High,Correct
Meter RTC Corrupted So Meter Defective Needs to be replacement At the time of testing,Meter Replacement / Installation Team,Meter Replacement / Installation Team,99.76,100-90% Very High,Correct
Meter RTC Corrupted So Meter Defective Needs to be replacement At the time of testing,Meter Replacement / Installation Team,Meter Replacement / Installation Team,99.76,100-90% Very High,Correct
Meter RTC Fail at the time of testing So meter needs to replacement required,Meter Replacement / Installation Team,Meter Replacement / Installation Team,99.96,100-90% Very High,Correct
Meter RTC fail at the time of the testingso meter is defective meter needs to replace,Meter Replacement / Installation Team,Meter Replacement / Installation Team,99.8,100-90% Very High,Correct
Meter RTC Corrupted So Meter Defective Needs to be replacement At the time of testing,Meter Replacement / Installation Team,Meter Replacement / Installation Team,99.76,100-90% Very High,Correct
Meter RTC found fail Hence meter is defective and replacement required for the same,Meter Replacement / Installation Team,Meter Replacement / Installation Team,100.0,100-90% Very High,Correct
meter display figure upset not proper so meter deffective need replacement,Meter Replacement / Installation Team,Meter Replacement / Installation Team,97.69,100-90% Very High,Correct
Meter RTC Corrupted So Meter Defective Needs to be replacement At the time of testing,Meter Replacement / Installation Team,Meter Replacement / Installation Team,99.76,100-90% Very High,Correct
meter rtc failed at the time of testing so meter need to be changed,Meter Replacement / Installation Team,Meter Replacement / Installation Team,98.32,100-90% Very High,Correct
meter rtc failed at the time of testing so meter need to be changed,Meter Replacement / Installation Team,Meter Replacement / Installation Team,98.32,100-90% Very High,Correct
Meter RTC Fail at the time of testing So meter needs to replacement required paper seal pasted,Meter Replacement / Installation Team,Meter Replacement / Installation Team,98.16,100-90% Very High,Correct
Meter RTC fail at the time of the testingso meter is defective meter needs to replace,Meter Replacement / Installation Team,Meter Replacement / Installation Team,99.8,100-90% Very High,Correct
meter rtc failed at the time of testing so meter need to be changed,Meter Replacement / Installation Team,Meter Replacement / Installation Team,98.32,100-90% Very High,Correct
meter calibration pulse abnormal blinking meter display hang so meter defective at the time of testing so meter need to be changed,Meter Replacement / Installation Team,Meter Replacement / Installation Team,98.95,100-90% Very High,Correct
Meter RTC Corrupted So Meter Defective Needs to be replacement At the time of testing,Meter Replacement / Installation Team,Meter Replacement / Installation Team,99.76,100-90% Very High,Correct
Meter RTC Corrupted So Meter Defective Needs to be replacement At the time of testing,Meter Replacement / Installation Team,Meter Replacement / Installation Team,99.76,100-90% Very High,Correct
Meter RTC fail at the time of the testingso meter is defective meter needs to replace,Meter Replacement / Installation Team,Meter Replacement / Installation Team,99.8,100-90% Very High,Correct
meter rtc failed at the time of testing so meter need to be changed,Meter Replacement / Installation Team,Meter Replacement / Installation Team,98.32,100-90% Very High,Correct
meter rtc failed at the time of testing so meter need to be changed,Meter Replacement / Installation Team,Meter Replacement / Installation Team,98.32,100-90% Very High,Correct
Meter RTC fail at the time of the testingso meter is defective meter needs to replace,Meter Replacement / Installation Team,Meter Replacement / Installation Team,99.8,100-90% Very High,Correct
Meter RTC Failed at the time of testing so meter need to be changed,Meter Replacement / Installation Team,Meter Replacement / Installation Team,98.32,100-90% Very High,Correct
meter rtc failed at the time of testing so meter need to be changed,Meter Replacement / Installation Team,Meter Replacement / Installation Team,98.32,100-90% Very High,Correct
Meter EL is ON on external load so meter is defective and need replacement,Meter Replacement / Installation Team,Meter Replacement / Installation Team,99.82,100-90% Very High,Correct
Meter RTC Fail at the time of testing So meter needs to replacement required,Meter Replacement / Installation Team,Meter Replacement / Installation Team,99.96,100-90% Very High,Correct
meter rtc failed at the time of testing so meter need to be changed,Meter Replacement / Installation Team,Meter Replacement / Installation Team,98.32,100-90% Very High,Correct
Meter RTC Corrupted So Meter Defective Needs to be replacement At the time of testing,Meter Replacement / Installation Team,Meter Replacement / Installation Team,99.76,100-90% Very High,Correct
meter rtc failed at the time of testing so meter need to be changed,Meter Replacement / Installation Team,Meter Replacement / Installation Team,98.32,100-90% Very High,Correct
Meter RTC fail at the time of the testingso meter is defective meter needs to replace,Meter Replacement / Installation Team,Meter Replacement / Installation Team,99.8,100-90% Very High,Correct
meter RTC failed at the time of testing so meter need to be change,Meter Replacement / Installation Team,Meter Replacement / Installation Team,98.09,100-90% Very High,Correct
MDI is not recording as per connected load so meter is defectiveMeter need to be Replacement,Meter Replacement / Installation Team,Meter Replacement / Installation Team,99.16,100-90% Very High,Correct
Meter RTC Corrupted So Meter Defective Needs to be replacement At the time of testing,Meter Replacement / Installation Team,Meter Replacement / Installation Team,99.76,100-90% Very High,Correct
Meter RTC Corrupted So Meter Defective Needs to be replacement At the time of testing,Meter Replacement / Installation Team,Meter Replacement / Installation Team,99.76,100-90% Very High,Correct
meter RTC fail at the time of testing so meter needs to be replacement required,Meter Replacement / Installation Team,Meter Replacement / Installation Team,99.96,100-90% Very High,Correct
RTC is corrupt hence Meter replacement is required,Meter Replacement / Installation Team,Meter Replacement / Installation Team,98.91,100-90% Very High,Correct
meter RTC fail at the time of testing so meter needs to be replacement required,Meter Replacement / Installation Team,Meter Replacement / Installation Team,99.96,100-90% Very High,Correct
RTC found Fail hence meter is defective also Low Battery found hence replacement required for the same Contacted Person Rajlumar,Meter Replacement / Installation Team,Meter Replacement / Installation Team,98.6,100-90% Very High,Correct
Meter display showing RTC earrer so meter need replacement required,Meter Replacement / Installation Team,Meter Replacement / Installation Team,99.87,100-90% Very High,Correct
Meter RTC Fail at the time of testing So meter needs to replacement required,Meter Replacement / Installation Team,Meter Replacement / Installation Team,99.96,100-90% Very High,Correct
Meter RTC Corrupted So Meter Defective Needs to be replacement At the time of testing,Meter Replacement / Installation Team,Meter Replacement / Installation Team,99.76,100-90% Very High,Correct
Meter RTC Corrupted So Meter Defective Needs to be replacement At the time of testing,Meter Replacement / Installation Team,Meter Replacement / Installation Team,99.76,100-90% Very High,Correct
METER RTC Fail So Meter Is Defective Need Replacement,Meter Replacement / Installation Team,Meter Replacement / Installation Team,100.0,100-90% Very High,Correct
Meter RTC Failed at the time of testing so meter need to be changed,Meter Replacement / Installation Team,Meter Replacement / Installation Team,98.32,100-90% Very High,Correct
meter display segment is defective at the time of testing so meter needs to be replacement required,Meter Replacement / Installation Team,Meter Replacement / Installation Team,99.98,100-90% Very High,Correct
Meter RTC Corrupted So Meter Defective Needs to be replacement At the time of testing,Meter Replacement / Installation Team,Meter Replacement / Installation Team,99.76,100-90% Very High,Correct
METER RTC Fail So Meter Is Defective Need Replacement,Meter Replacement / Installation Team,Meter Replacement / Installation Team,100.0,100-90% Very High,Correct
Meter RTC Failed at the time of testing so meter need to be changed,Meter Replacement / Installation Team,Meter Replacement / Installation Team,98.32,100-90% Very High,Correct
Meter RTC Corrupted So Meter Defective Needs to be replacement At the time of testing,Meter Replacement / Installation Team,Meter Replacement / Installation Team,99.76,100-90% Very High,Correct
meter RTC fail at the time of testing so meter needs to be replacement required,Meter Replacement / Installation Team,Meter Replacement / Installation Team,99.96,100-90% Very High,Correct
No Display at the time of testing discuss with back office so meter need replacement required,Meter Replacement / Installation Team,Meter Replacement / Installation Team,98.82,100-90% Very High,Correct
Meter display showing RTC earrer and low Battery so meter need replacement required,Meter Replacement / Installation Team,Meter Replacement / Installation Team,99.7,100-90% Very High,Correct
RTC CORRUPT SO METER REPLACEMENT REQUIRED AT SITE,Meter Replacement / Installation Team,Meter Replacement / Installation Team,98.91,100-90% Very High,Correct
RTC CORRUPT SO METER REPLACEMENT REQUIRED AT SITE,Meter Replacement / Installation Team,Meter Replacement / Installation Team,98.91,100-90% Very High,Correct
METER NO RTC CORRUPT SO METER REPLACEMENT REQUIRED AT SITE,Meter Replacement / Installation Team,Meter Replacement / Installation Team,99.17,100-90% Very High,Correct
meter RTC fail so meter defective need replacement,Meter Replacement / Installation Team,Meter Replacement / Installation Team,100.0,100-90% Very High,Correct
Meter RTC found fail Hence meter is defective and replacement required for the same,Meter Replacement / Installation Team,Meter Replacement / Installation Team,100.0,100-90% Very High,Correct
meter RTC fail at the time of testing so meter needs to be replacement required,Meter Replacement / Installation Team,Meter Replacement / Installation Team,99.96,100-90% Very High,Correct
Meter RTC Corrupted So Meter Defective Needs to be replacement At the time of testing,Meter Replacement / Installation Team,Meter Replacement / Installation Team,99.76,100-90% Very High,Correct
Meter RTC fail at the time of the testingso meter is defective meter needs to replace,Meter Replacement / Installation Team,Meter Replacement / Installation Team,99.8,100-90% Very High,Correct
Meter display segment is stuck on KWh reading at the time of testing So meter needs to be replacement required,Meter Replacement / Installation Team,Meter Replacement / Installation Team,98.62,100-90% Very High,Correct
meter rtc failed at the time of testing so meter need to be changed,Meter Replacement / Installation Team,Meter Replacement / Installation Team,98.32,100-90% Very High,Correct
meter rtc failed at the time of testing so meter need to be changed,Meter Replacement / Installation Team,Meter Replacement / Installation Team,98.32,100-90% Very High,Correct
Meter RTC Corrupted So Meter Defective Needs to be replacement At the time of Testing,Meter Replacement / Installation Team,Meter Replacement / Installation Team,99.76,100-90% Very High,Correct
Meter RTC Corrupted So Meter Defective Needs to be replacement At the time of testing,Meter Replacement / Installation Team,Meter Replacement / Installation Team,99.76,100-90% Very High,Correct
Meter RTC Fail at the time of testing So meter needs to replacement required,Meter Replacement / Installation Team,Meter Replacement / Installation Team,99.96,100-90% Very High,Correct
Current Parameter of Phase and Neutral is not matching therefore same is defective therefore same needs to be replace,Meter Replacement / Installation Team,Meter Replacement / Installation Team,98.43,100-90% Very High,Correct
Meter RTC fail at the time of the testingso meter is defective meter needs to replace,Meter Replacement / Installation Team,Meter Replacement / Installation Team,99.8,100-90% Very High,Correct
Meter RTC fail at the time of the testingso meter is defective meter needs to replace,Meter Replacement / Installation Team,Meter Replacement / Installation Team,99.8,100-90% Very High,Correct
Meter RTC fail at the time of the testingso meter is defective meter needs to replace,Meter Replacement / Installation Team,Meter Replacement / Installation Team,99.8,100-90% Very High,Correct
Meter RTC fail at the time of the testingso meter is defective meter needs to replace,Meter Replacement / Installation Team,Meter Replacement / Installation Team,99.8,100-90% Very High,Correct
Meter RTC fail at the time of the testingso meter is defective meter needs to replace,Meter Replacement / Installation Team,Meter Replacement / Installation Team,99.8,100-90% Very High,Correct
meter rtc failed at the time of testing so meter need to be changed,Meter Replacement / Installation Team,Meter Replacement / Installation Team,98.32,100-90% Very High,Correct
Meter RTC Corrupted So Meter Defective Needs to be replacement At the time of testing,Meter Replacement / Installation Team,Meter Replacement / Installation Team,99.76,100-90% Very High,Correct
meter abnormal pulse blinkingso meter deffective need replacement,Meter Replacement / Installation Team,Meter Replacement / Installation Team,97.68,100-90% Very High,Correct
Meter Seven Segment Display found Faulty hence same needs to be replace under defective category Photographs is been attached,Meter Replacement / Installation Team,Meter Replacement / Installation Team,98.57,100-90% Very High,Correct
Meter RTC Corrupted So Meter Defective Needs to be replacement At the time of testing,Meter Replacement / Installation Team,Meter Replacement / Installation Team,99.76,100-90% Very High,Correct
Meter RTC Corrupted So Meter Defective Needs to be replacement At the time of testing,Meter Replacement / Installation Team,Meter Replacement / Installation Team,99.76,100-90% Very High,Correct
no pulse blinking on load so meter deffective need replacement,Meter Replacement / Installation Team,Meter Replacement / Installation Team,98.98,100-90% Very High,Correct
Meter RTC fail at the time of the testingso meter is defective meter needs to replace,Meter Replacement / Installation Team,Meter Replacement / Installation Team,99.8,100-90% Very High,Correct
meter rtc failed at the time of testing so meter need to be changed,Meter Replacement / Installation Team,Meter Replacement / Installation Team,98.32,100-90% Very High,Correct
Meter RTC Corrupted So Meter Defective Needs to be replacement At the time of testing,Meter Replacement / Installation Team,Meter Replacement / Installation Team,99.76,100-90% Very High,Correct
Meter RTC Failed at the time of testing so meter need to be changed,Meter Replacement / Installation Team,Meter Replacement / Installation Team,98.32,100-90% Very High,Correct
Meter RTC Fail at the time of testing So meter needs to replacement required,Meter Replacement / Installation Team,Meter Replacement / Installation Team,99.96,100-90% Very High,Correct
meter rtc failed at the time of testing so meter need to be changed,Meter Replacement / Installation Team,Meter Replacement / Installation Team,98.32,100-90% Very High,Correct
Meter RTC fail at the time of the testingso meter is defective meter needs to replace,Meter Replacement / Installation Team,Meter Replacement / Installation Team,99.8,100-90% Very High,Correct
meter rtc failed at the time of testing so meter need to be changed,Meter Replacement / Installation Team,Meter Replacement / Installation Team,98.32,100-90% Very High,Correct
Meter RTC Corrupted So Meter Defective Needs to be replacement At the time of testing,Meter Replacement / Installation Team,Meter Replacement / Installation Team,99.76,100-90% Very High,Correct
Meter display showing RTC earrer and low Battery so meter need replacement required,Meter Replacement / Installation Team,Meter Replacement / Installation Team,99.7,100-90% Very High,Correct
meter ELT on same current so meter defective need replacement,Meter Replacement / Installation Team,Meter Replacement / Installation Team,99.99,100-90% Very High,Correct
Meter RTC Corrupted So Meter Defective Needs to be replacement At the time of testing,Meter Replacement / Installation Team,Meter Replacement / Installation Team,99.76,100-90% Very High,Correct
meter IC terminal found burnt so meter deffective need replacement,Meter Replacement / Installation Team,Meter Replacement / Installation Team,98.16,100-90% Very High,Correct
Meter RTC fail at the time of the testingso meter is defective meter needs to replace,Meter Replacement / Installation Team,Meter Replacement / Installation Team,99.8,100-90% Very High,Correct
Meter RTC fail at the time of the testingso meter is defective meter needs to replace,Meter Replacement / Installation Team,Meter Replacement / Installation Team,99.8,100-90% Very High,Correct
meter display segment is defective at the time of testing so meter needs to be replacement required,Meter Replacement / Installation Team,Meter Replacement / Installation Team,99.98,100-90% Very High,Correct
Meter display segment found defective so meter need to be changed,Meter Replacement / Installation Team,Meter Replacement / Installation Team,99.92,100-90% Very High,Correct
Meter ELT is glowing on external load so meter is defective need to be replacement,Meter Replacement / Installation Team,Meter Replacement / Installation Team,99.74,100-90% Very High,Correct
Meter RTC Corrupted So Meter Defective Needs to be replacement At the time of testing,Meter Replacement / Installation Team,Meter Replacement / Installation Team,99.76,100-90% Very High,Correct
Meter RTC found fail Hence meter is defective and replacement required for the same,Meter Replacement / Installation Team,Meter Replacement / Installation Team,100.0,100-90% Very High,Correct
RTC CORRUPT SO METER REPLACEMENT REQUIRED AT SITE,Meter Replacement / Installation Team,Meter Replacement / Installation Team,98.91,100-90% Very High,Correct
Meter RTC fail at the time of the testingso meter is defective meter needs to replace,Meter Replacement / Installation Team,Meter Replacement / Installation Team,99.8,100-90% Very High,Correct
Meter RTC Fail at the time of testing So meter needs to replacement required,Meter Replacement / Installation Team,Meter Replacement / Installation Team,99.96,100-90% Very High,Correct
meter RTC fail at the time of testing so meter needs to be replacement required,Meter Replacement / Installation Team,Meter Replacement / Installation Team,99.96,100-90% Very High,Correct
Meter RTC fail at the time of the testingso meter is defective meter needs to replace,Meter Replacement / Installation Team,Meter Replacement / Installation Team,99.8,100-90% Very High,Correct
meter calibration pulse without load blinking at the time of testing so meter needs to be replacement required meter already tested on,Meter Replacement / Installation Team,Meter Replacement / Installation Team,99.08,100-90% Very High,Correct
meter RTC fail at the time of testing so meter needs to be replacement required,Meter Replacement / Installation Team,Meter Replacement / Installation Team,99.96,100-90% Very High,Correct
MDI CORRUPT METER NOT RECORDING PROPER MDI AS PER CONNECTED LOAD SO METER REPLACEMENT REQUIRED AT SITE,Meter Replacement / Installation Team,Meter Replacement / Installation Team,99.24,100-90% Very High,Correct
RTC CORRUPT SO METER REPLACEMENT REQUIRED AT SITE,Meter Replacement / Installation Team,Meter Replacement / Installation Team,98.91,100-90% Very High,Correct
RTC CORRUPT SO METER REPLACEMENT REQUIRED AT SITE,Meter Replacement / Installation Team,Meter Replacement / Installation Team,98.91,100-90% Very High,Correct
Meter RTC Corrupted So Meter Defective Needs to be replacement At the time of testing,Meter Replacement / Installation Team,Meter Replacement / Installation Team,99.76,100-90% Very High,Correct
Meter RTC Corrupted So Meter Defective Needs to be replacement At the time of testing,Meter Replacement / Installation Team,Meter Replacement / Installation Team,99.76,100-90% Very High,Correct
Meter RTC Corrupted So Meter Defective Needs to be replacement At the time of testing,Meter Replacement / Installation Team,Meter Replacement / Installation Team,99.76,100-90% Very High,Correct
Meter RTC Corrupted So Meter Defective Needs to be replacement At the time of testing,Meter Replacement / Installation Team,Meter Replacement / Installation Team,99.76,100-90% Very High,Correct
Meter RTC Fail at the time of testing So meter needs to replacement required,Meter Replacement / Installation Team,Meter Replacement / Installation Team,99.96,100-90% Very High,Correct
Meter RTC Fail at the time of testing So meter needs to replacement required,Meter Replacement / Installation Team,Meter Replacement / Installation Team,99.96,100-90% Very High,Correct
meter calibration pulse abnormal blinking so meter defective meter need to replacment,Meter Replacement / Installation Team,Meter Replacement / Installation Team,99.56,100-90% Very High,Correct
METER RTC Fail So Meter Is Defective Need Replacement,Meter Replacement / Installation Team,Meter Replacement / Installation Team,100.0,100-90% Very High,Correct
Meter tested as per safety norms meter ELT on with External load so meter defective need to Replacement,Meter Replacement / Installation Team,Meter Replacement / Installation Team,99.0,100-90% Very High,Correct
Meter RTC Failed at the time of testing so meter need to be changed,Meter Replacement / Installation Team,Meter Replacement / Installation Team,98.32,100-90% Very High,Correct
Meter RTC Failed at the time of testing so meter need to be changed,Meter Replacement / Installation Team,Meter Replacement / Installation Team,98.32,100-90% Very High,Correct
meter rtc failed at the time of testing so meter need to be changed,Meter Replacement / Installation Team,Meter Replacement / Installation Team,98.32,100-90% Very High,Correct
Meter RTC Corrupted So Meter Defective Needs to be replacement At the time of testing,Meter Replacement / Installation Team,Meter Replacement / Installation Team,99.76,100-90% Very High,Correct
Meter RTC Failed at the time of testing so meter need to be changed,Meter Replacement / Installation Team,Meter Replacement / Installation Team,98.32,100-90% Very High,Correct
Meter celebration plus without load blinking on imax alongwith ELT glow at the time of testing so meter need replacement required,Meter Replacement / Installation Team,Meter Replacement / Installation Team,97.72,100-90% Very High,Correct
Meter RTC Failed at the time of testing so meter need to be changed,Meter Replacement / Installation Team,Meter Replacement / Installation Team,98.32,100-90% Very High,Correct
Meter RTC Corrupted So Meter Defective Needs to be replacement At the time of testing,Meter Replacement / Installation Team,Meter Replacement / Installation Team,99.76,100-90% Very High,Correct
Meter RTC Corrupted So Meter Defective Needs to be replacement At the time of testing,Meter Replacement / Installation Team,Meter Replacement / Installation Team,99.76,100-90% Very High,Correct
Meter display Segment is found defective so Meter is Defective needs to be replacement,Meter Replacement / Installation Team,Meter Replacement / Installation Team,99.98,100-90% Very High,Correct
Meter RTC found fail Hence meter is defective and replacement required for the same,Meter Replacement / Installation Team,Meter Replacement / Installation Team,100.0,100-90% Very High,Correct
Meter RTC fail at the time of the testingso meter is defective meter needs to replaceZone paper seal pasted on meter box,Meter Replacement / Installation Team,Meter Replacement / Installation Team,97.83,100-90% Very High,Correct
Meter RTC fail at the time of the testingso meter is defective meter needs to replace,Meter Replacement / Installation Team,Meter Replacement / Installation Team,99.8,100-90% Very High,Correct
Meter RTC fail at the time of the testingso meter is defective meter needs to replaceZone paper seal pasted on meter box,Meter Replacement / Installation Team,Meter Replacement / Installation Team,97.83,100-90% Very High,Correct
Meter RTC Failed at the time of testing so meter need to be changed,Meter Replacement / Installation Team,Meter Replacement / Installation Team,98.32,100-90% Very High,Correct
RTC CORRUPT SO METER REPLACEMENT REQUIRED AT SITE,Meter Replacement / Installation Team,Meter Replacement / Installation Team,98.91,100-90% Very High,Correct
Meter RTC found fail Hence meter is defective and replacement required for the same,Meter Replacement / Installation Team,Meter Replacement / Installation Team,100.0,100-90% Very High,Correct
meter Rtc failed at the time of testing so meter need to be changed,Meter Replacement / Installation Team,Meter Replacement / Installation Team,98.32,100-90% Very High,Correct
meter Rtc failed at the time of testing so meter need to be changed,Meter Replacement / Installation Team,Meter Replacement / Installation Team,98.32,100-90% Very High,Correct
Meter display showing RTC earrer and low Battery at the time of testing so meter need replacement required,Meter Replacement / Installation Team,Meter Replacement / Installation Team,99.7,100-90% Very High,Correct
meter rtc failed at the time of testing so meter need to be changed,Meter Replacement / Installation Team,Meter Replacement / Installation Team,98.32,100-90% Very High,Correct
Meter RTC fail at the time of the testingso meter is defective meter needs to replace,Meter Replacement / Installation Team,Meter Replacement / Installation Team,99.8,100-90% Very High,Correct
Meter RTC found fail Hence meter is defective and replacement required for the same,Meter Replacement / Installation Team,Meter Replacement / Installation Team,100.0,100-90% Very High,Correct
Meter RTC Corrupted So Meter Defective Needs to be replacement At the time of testing,Meter Replacement / Installation Team,Meter Replacement / Installation Team,99.76,100-90% Very High,Correct
Meter Display Segment not Proper Showing So Meter Defective Needs to be replacement At the time of testing,Meter Replacement / Installation Team,Meter Replacement / Installation Team,99.84,100-90% Very High,Correct
Meter RTC Corrupted So Meter Defective Needs to be replacement At the time of testing,Meter Replacement / Installation Team,Meter Replacement / Installation Team,99.76,100-90% Very High,Correct
Meter RTC fail at the time of the testingso meter is defective meter needs to replace,Meter Replacement / Installation Team,Meter Replacement / Installation Team,99.8,100-90% Very High,Correct
meter rtc failed at the time of testing so meter need to be changed,Meter Replacement / Installation Team,Meter Replacement / Installation Team,98.32,100-90% Very High,Correct
Meter RTC fail at the time of the testingso meter is defective meter needs to replace,Meter Replacement / Installation Team,Meter Replacement / Installation Team,99.8,100-90% Very High,Correct
meter rtc failed at the time of testing so meter need to be changed meter box also broken,Meter Replacement / Installation Team,Meter Replacement / Installation Team,81.78,90-75% High,Correct
Meter RTC Corrupted So Meter Defective Needs to be replacement At the time of testing,Meter Replacement / Installation Team,Meter Replacement / Installation Team,99.76,100-90% Very High,Correct
Meter tested As per Safety Noms Meter pulse not Blinking As per Connected load so meter Defective Need Replacement At the time of Testing,Meter Replacement / Installation Team,Meter Replacement / Installation Team,99.21,100-90% Very High,Correct
Meter RTC fail at the time of the testingso meter is defective meter needs to replace,Meter Replacement / Installation Team,Meter Replacement / Installation Team,99.8,100-90% Very High,Correct
meter rtc failed at the time of testing so meter need to be changed,Meter Replacement / Installation Team,Meter Replacement / Installation Team,98.32,100-90% Very High,Correct
Meter RTC failed at the time of testing so meter need to be change,Meter Replacement / Installation Team,Meter Replacement / Installation Team,98.09,100-90% Very High,Correct
Meter RTC Corrupted So Meter Defective Needs to be replacement At the time of testing,Meter Replacement / Installation Team,Meter Replacement / Installation Team,99.76,100-90% Very High,Correct
meter rtc failed at the time of testing so meter need to be changed,Meter Replacement / Installation Team,Meter Replacement / Installation Team,98.32,100-90% Very High,Correct
Meter RTC Fail at the time of testing So meter needs to replacement required,Meter Replacement / Installation Team,Meter Replacement / Installation Team,99.96,100-90% Very High,Correct
Meter RTC Fail at the time of testing So meter needs to replacement required,Meter Replacement / Installation Team,Meter Replacement / Installation Team,99.96,100-90% Very High,Correct
Meter ELT is glowing on external load so meter is defective need to be replacement,Meter Replacement / Installation Team,Meter Replacement / Installation Team,99.74,100-90% Very High,Correct
METER RTC Fail So Meter Is Defective Need Replacement,Meter Replacement / Installation Team,Meter Replacement / Installation Team,100.0,100-90% Very High,Correct
meter rtc failed at the time of testing so meter need to be changed,Meter Replacement / Installation Team,Meter Replacement / Installation Team,98.32,100-90% Very High,Correct
Meter RTC fail at the time of the testingso meter is defective meter needs to replacepaper seal pasted on meter box,Meter Replacement / Installation Team,Meter Replacement / Installation Team,96.23,100-90% Very High,Correct
Meter RTC Fail at the time of testing So meter needs to replacement required,Meter Replacement / Installation Team,Meter Replacement / Installation Team,99.96,100-90% Very High,Correct
meter rtc failed at the time of testing so meter need to be changed,Meter Replacement / Installation Team,Meter Replacement / Installation Team,98.32,100-90% Very High,Correct
Meter RTC fail at the time of the testingso meter is defective meter needs to replace,Meter Replacement / Installation Team,Meter Replacement / Installation Team,99.8,100-90% Very High,Correct
Meter RTC Corrupted So Meter Defective Needs to be replacement At the time of testing,Meter Replacement / Installation Team,Meter Replacement / Installation Team,99.76,100-90% Very High,Correct
Meter Display Segment not Proper Showing So Meter Defective Needs to be replacement At the time of testing,Meter Replacement / Installation Team,Meter Replacement / Installation Team,99.84,100-90% Very High,Correct
Meter display segments are not properly visible so meter is defective and need replacement,Meter Replacement / Installation Team,Meter Replacement / Installation Team,98.91,100-90% Very High,Correct
Meter RTC Corrupted So Meter Defective Needs to be replacement At the time of testing,Meter Replacement / Installation Team,Meter Replacement / Installation Team,99.76,100-90% Very High,Correct
Meter RTC Failed at the time of testing so meter need to be changed,Meter Replacement / Installation Team,Meter Replacement / Installation Team,98.32,100-90% Very High,Correct
Meter tested as per all safety norms and accuracy found within limit at the time of testing,Meter Replacement / Installation Team,No Action Needed,100.0,100-90% Very High,Wrong
Meter RTC fail at the time of the testingso meter is defective meter needs to replace,Meter Replacement / Installation Team,Meter Replacement / Installation Team,99.8,100-90% Very High,Correct
Meter ELT ON An External Load So Meter Defective Needs to be replacement At the time of testing,Meter Replacement / Installation Team,Meter Replacement / Installation Team,99.49,100-90% Very High,Correct
Meter RTC fail at the time of testingso meter is defective But the meter needs to be replaced under mass meter category,Meter Replacement / Installation Team,Meter Replacement / Installation Team,99.92,100-90% Very High,Correct
Meter display sagment defective at the time of testing so meter need replacement required,Meter Replacement / Installation Team,Meter Replacement / Installation Team,99.96,100-90% Very High,Correct
Meter RTC fail at the time of the testingso meter is defective meter needs to replace,Meter Replacement / Installation Team,Meter Replacement / Installation Team,99.8,100-90% Very High,Correct
Meter RTC fail at the time of the testingso meter is defective meter needs to replace,Meter Replacement / Installation Team,Meter Replacement / Installation Team,99.8,100-90% Very High,Correct
Meter RTC found fail Hence meter is defective and replacement required for the same,Meter Replacement / Installation Team,Meter Replacement / Installation Team,100.0,100-90% Very High,Correct
Meter RTC found fail Hence meter is defective and replacement required for the same,Meter Replacement / Installation Team,Meter Replacement / Installation Team,100.0,100-90% Very High,Correct
Meter RTC Corrupted So Meter Defective Needs to be replacement At the time of testing,Meter Replacement / Installation Team,Meter Replacement / Installation Team,99.76,100-90% Very High,Correct
Meter RTC fail at the time of the testingso meter is defective meter needs to replace,Meter Replacement / Installation Team,Meter Replacement / Installation Team,99.8,100-90% Very High,Correct
meter ELT glow on external load at the time of testing so meter needs to be replacement required,Meter Replacement / Installation Team,Meter Replacement / Installation Team,98.35,100-90% Very High,Correct
Meter terminal found brunt alongwith MDI kw not recording as per connected load,Meter Replacement / Installation Team,Meter Replacement / Installation Team,96.28,100-90% Very High,Correct
Meter RTC found fail Hence meter is defective and replacement required for the same,Meter Replacement / Installation Team,Meter Replacement / Installation Team,100.0,100-90% Very High,Correct
meter calibration pulse without load blinking at the time of testing so meter needs to be replacement required,Meter Replacement / Installation Team,Meter Replacement / Installation Team,99.42,100-90% Very High,Correct
Meter Reading Reverse Jump So Meter Defective Needs to be replacement At the time of testingMeter Already Tested,Meter Replacement / Installation Team,Meter Replacement / Installation Team,97.81,100-90% Very High,Correct
meter display segment is defective at the time of testing so meter needs to be replacement required,Meter Replacement / Installation Team,Meter Replacement / Installation Team,99.98,100-90% Very High,Correct
MDI is corruptKVA MDI is less than KW MDI hence Meter replacement is required,Meter Replacement / Installation Team,Meter Replacement / Installation Team,98.16,100-90% Very High,Correct
Meter RTC Corrupted So Meter Defective Needs to be replacement At the time of testing,Meter Replacement / Installation Team,Meter Replacement / Installation Team,99.76,100-90% Very High,Correct
Meter RTC Corrupted So Meter Defective Needs to be replacement At the time of testing,Meter Replacement / Installation Team,Meter Replacement / Installation Team,99.76,100-90% Very High,Correct
Meter RTC Corrupted So Meter Defective Needs to be replacement At the time of testing,Meter Replacement / Installation Team,Meter Replacement / Installation Team,99.76,100-90% Very High,Correct
Meter RTC Corrupted So Meter Defective Needs to be replacement At the time of testing,Meter Replacement / Installation Team,Meter Replacement / Installation Team,99.76,100-90% Very High,Correct
Meter RTC Corrupted So Meter Defective Needs to be replacement At the time of testing,Meter Replacement / Installation Team,Meter Replacement / Installation Team,99.76,100-90% Very High,Correct
Meter RTC found fail Hence meter is defective and replacement required for the same,Meter Replacement / Installation Team,Meter Replacement / Installation Team,100.0,100-90% Very High,Correct
Meter RTC found fail Hence meter is defective and replacement required for the same,Meter Replacement / Installation Team,Meter Replacement / Installation Team,100.0,100-90% Very High,Correct
meter rtc failed at the time of testing so meter need to be changed,Meter Replacement / Installation Team,Meter Replacement / Installation Team,98.32,100-90% Very High,Correct
Meter RTC Corrupted So Meter Defective Needs to be replacement At the time of testing,Meter Replacement / Installation Team,Meter Replacement / Installation Team,99.76,100-90% Very High,Correct
Meter RTC Corrupted So Meter Defective Needs to be replacement At the time of testing,Meter Replacement / Installation Team,Meter Replacement / Installation Team,99.76,100-90% Very High,Correct
meter calibration pulse abnormal on external load so meter defective need to change,Meter Replacement / Installation Team,Meter Replacement / Installation Team,98.91,100-90% Very High,Correct
meter rtc failed at the time of testing so meter need to be changed,Meter Replacement / Installation Team,Meter Replacement / Installation Team,98.32,100-90% Very High,Correct
Meter RTC fail at the time of the testingso meter is defective meter needs to replace,Meter Replacement / Installation Team,Meter Replacement / Installation Team,99.8,100-90% Very High,Correct
Meter RTC Fail at the time of testing So meter needs to replacement required,Meter Replacement / Installation Team,Meter Replacement / Installation Team,99.96,100-90% Very High,Correct
meter rtc failed at the time of testing so meter need to be changed,Meter Replacement / Installation Team,Meter Replacement / Installation Team,98.32,100-90% Very High,Correct
Meter RTC Corrupted So Meter Defective Needs to be replacement At the time of testing,Meter Replacement / Installation Team,Meter Replacement / Installation Team,99.76,100-90% Very High,Correct
no pulse blinking on load so meter defective need replacement,Meter Replacement / Installation Team,Meter Replacement / Installation Team,99.96,100-90% Very High,Correct
Meter RTC fail at the time of the testingso meter is defective meter needs to replace,Meter Replacement / Installation Team,Meter Replacement / Installation Team,99.8,100-90% Very High,Correct
Meter RTC failed at the time of testing so meter need to be change,Meter Replacement / Installation Team,Meter Replacement / Installation Team,98.09,100-90% Very High,Correct
Meter RTC fail at the time of the testingso meter is defective meter needs to replace,Meter Replacement / Installation Team,Meter Replacement / Installation Team,99.8,100-90% Very High,Correct
meter rtc failed at the time of testing so meter need to be changed,Meter Replacement / Installation Team,Meter Replacement / Installation Team,98.32,100-90% Very High,Correct
Meter RTC Fail at the time of testing So meter needs to replacement required,Meter Replacement / Installation Team,Meter Replacement / Installation Team,99.96,100-90% Very High,Correct
Meter RTC fail at the time of the testingso meter is defective meter needs to replace,Meter Replacement / Installation Team,Meter Replacement / Installation Team,99.8,100-90% Very High,Correct
Meter RTC Corrupted So Meter Defective Needs to be replacement At the time of testing,Meter Replacement / Installation Team,Meter Replacement / Installation Team,99.76,100-90% Very High,Correct
Meter RTC Corrupted So Meter Defective Needs to be replacement At the time of testing,Meter Replacement / Installation Team,Meter Replacement / Installation Team,99.76,100-90% Very High,Correct
Meter RTC Corrupted So Meter Defective Needs to be replacement At the time of testing,Meter Replacement / Installation Team,Meter Replacement / Installation Team,99.76,100-90% Very High,Correct
Meter RTC Corrupted So Meter Defective Needs to be replacement At the time of testing,Meter Replacement / Installation Team,Meter Replacement / Installation Team,99.76,100-90% Very High,Correct
Meter found Defective accuracy is found Outside limit hence replacement required for the same,Meter Replacement / Installation Team,Meter Replacement / Installation Team,98.31,100-90% Very High,Correct
Meter display segments are not properly visible so meter is defective and need replacement,Meter Replacement / Installation Team,Meter Replacement / Installation Team,98.91,100-90% Very High,Correct
Meter display sagment defective at the time of testing so meter need replacement required,Meter Replacement / Installation Team,Meter Replacement / Installation Team,99.96,100-90% Very High,Correct
NO DISPLAY SO METER REPLACEMENT REQUIRED AT SITE,Meter Replacement / Installation Team,Meter Replacement / Installation Team,99.87,100-90% Very High,Correct
Meter Display found faulty hence replacement required for the same,Meter Replacement / Installation Team,Meter Replacement / Installation Team,98.72,100-90% Very High,Correct
Meter EL LED found ON even on No load also NCut is showing hence meter is defective therefore same needs to be replaced,Meter Replacement / Installation Team,Meter Replacement / Installation Team,98.84,100-90% Very High,Correct
Meter RTC Corrupted So Meter Defective Needs to be replacement At the time of testing,Meter Replacement / Installation Team,Meter Replacement / Installation Team,99.76,100-90% Very High,Correct
Meter RTC Corrupted So Meter Defective Needs to be replacement At the time of testing,Meter Replacement / Installation Team,Meter Replacement / Installation Team,99.76,100-90% Very High,Correct
Meter RTC Corrupted So Meter Defective Needs to be replacement At the time of testing,Meter Replacement / Installation Team,Meter Replacement / Installation Team,99.76,100-90% Very High,Correct
Meter RTC Corrupted So Meter Defective Needs to be replacement At the time of testing,Meter Replacement / Installation Team,Meter Replacement / Installation Team,99.76,100-90% Very High,Correct
Meter RTC Corrupted So Meter Defective Needs to be replacement At the time of testing,Meter Replacement / Installation Team,Meter Replacement / Installation Team,99.76,100-90% Very High,Correct
Meter RTC Failed at the time of testing so meter need to be changed,Meter Replacement / Installation Team,Meter Replacement / Installation Team,98.32,100-90% Very High,Correct
meter rtc failed at the time of testing so meter need to be changed,Meter Replacement / Installation Team,Meter Replacement / Installation Team,98.32,100-90% Very High,Correct
Meter RTC found fail Hence meter is defective and replacement required for the same,Meter Replacement / Installation Team,Meter Replacement / Installation Team,100.0,100-90% Very High,Correct
meter rtc failed at the time of testing so meter need to be changed,Meter Replacement / Installation Team,Meter Replacement / Installation Team,98.32,100-90% Very High,Correct
Meter RTC Fail at the time of testing So meter needs to replacement required,Meter Replacement / Installation Team,Meter Replacement / Installation Team,99.96,100-90% Very High,Correct
Meter RTC fail at the time of testing so meter is defective But the meter needs to be replace under mass meter category,Meter Replacement / Installation Team,Meter Replacement / Installation Team,99.89,100-90% Very High,Correct
Meter RTC Failed at the time of testing so meter need to be changed,Meter Replacement / Installation Team,Meter Replacement / Installation Team,98.32,100-90% Very High,Correct
meter rtc failed at the time of testing so meter need to be changed,Meter Replacement / Installation Team,Meter Replacement / Installation Team,98.32,100-90% Very High,Correct
Meter RTC Failed at the time of testing so meter need to be changed,Meter Replacement / Installation Team,Meter Replacement / Installation Team,98.32,100-90% Very High,Correct
Meter RTC found fail Hence meter is defective and replacement required for the same,Meter Replacement / Installation Team,Meter Replacement / Installation Team,100.0,100-90% Very High,Correct
Meter RTC found fail Hence meter is defective and replacement required for the same,Meter Replacement / Installation Team,Meter Replacement / Installation Team,100.0,100-90% Very High,Correct
Meter RTC Fail at the time of testing So meter needs to replacement required,Meter Replacement / Installation Team,Meter Replacement / Installation Team,99.96,100-90% Very High,Correct
meter RTC fail so meter defective need replacement,Meter Replacement / Installation Team,Meter Replacement / Installation Team,100.0,100-90% Very High,Correct
meter RTC fail so meter defective need replacement,Meter Replacement / Installation Team,Meter Replacement / Installation Team,100.0,100-90% Very High,Correct
Meter RTC Corrupted So Meter Defective Needs to be replacement At the time of testing,Meter Replacement / Installation Team,Meter Replacement / Installation Team,99.76,100-90% Very High,Correct
meter rtc failed at the time of testing so meter need to be changed,Meter Replacement / Installation Team,Meter Replacement / Installation Team,98.32,100-90% Very High,Correct
Meter RTC Corrupted So Meter Defective Needs to be replacement At the time of testing,Meter Replacement / Installation Team,Meter Replacement / Installation Team,99.76,100-90% Very High,Correct
Earth LED found ON even on External Load KW hence meter is defective and replacement required for the same,Meter Replacement / Installation Team,Meter Replacement / Installation Team,98.65,100-90% Very High,Correct
meter calibration pulse without load blinking ELt on so meter defective at the time of testing meter need to replacment,Meter Replacement / Installation Team,Meter Replacement / Installation Team,99.5,100-90% Very High,Correct
Meter RTC Corrupted So Meter Defective Needs to be replacement At the time of testing,Meter Replacement / Installation Team,Meter Replacement / Installation Team,99.76,100-90% Very High,Correct
Meter RTC Corrupted So Meter Defective Needs to be replacement At the time of testing,Meter Replacement / Installation Team,Meter Replacement / Installation Team,99.76,100-90% Very High,Correct
Meter RTC Corrupted So Meter Defective Needs to be replacement At the time of testing,Meter Replacement / Installation Team,Meter Replacement / Installation Team,99.76,100-90% Very High,Correct
Meter RTC failed at the time of testing so meter need to be change,Meter Replacement / Installation Team,Meter Replacement / Installation Team,98.09,100-90% Very High,Correct
Meter RTC fail at the time of the testingso meter is defective meter needs to replace,Meter Replacement / Installation Team,Meter Replacement / Installation Team,99.8,100-90% Very High,Correct
Meter is found defective at the time of meter testing HV symbol is showing with NCut also Display flicker with incomplete Meter Display Parameters cycle Hence meter needs to be replaced under defective category,Meter Replacement / Installation Team,Meter Replacement / Installation Team,96.85,100-90% Very High,Correct
Meter RTC Corrupted So Meter Defective Needs to be replacement At the time of testing,Meter Replacement / Installation Team,Meter Replacement / Installation Team,99.76,100-90% Very High,Correct
Meter RTC Corrupted So Meter Defective Needs to be replacement At the time of testing,Meter Replacement / Installation Team,Meter Replacement / Installation Team,99.76,100-90% Very High,Correct
Meter RTC Corrupted So Meter Defective Needs to be replacement At the time of testing,Meter Replacement / Installation Team,Meter Replacement / Installation Team,99.76,100-90% Very High,Correct
Current Parameter of Phase and Neutral is not matching therefore same is defective therefore same needs to be replace Contacted Person Asgari,Meter Replacement / Installation Team,Meter Replacement / Installation Team,97.45,100-90% Very High,Correct
meter rtc failed at the time of testing so meter need to be changed,Meter Replacement / Installation Team,Meter Replacement / Installation Team,98.32,100-90% Very High,Correct
Meter RTC Failed at the time of testing so meter need to be changed,Meter Replacement / Installation Team,Meter Replacement / Installation Team,98.32,100-90% Very High,Correct
FIGURE UPSET SO METER REPLACEMENT REQUIRED AT SITE,Meter Replacement / Installation Team,Meter Replacement / Installation Team,98.4,100-90% Very High,Correct
Meter RTC found fail Hence meter is defective and replacement required for the same,Meter Replacement / Installation Team,Meter Replacement / Installation Team,100.0,100-90% Very High,Correct
Meter RTC Corrupted So Meter Defective Needs to be replacement At the time of testing,Meter Replacement / Installation Team,Meter Replacement / Installation Team,99.76,100-90% Very High,Correct
Meter RTC Fail at the time of testing So meter needs to replacement required,Meter Replacement / Installation Team,Meter Replacement / Installation Team,99.96,100-90% Very High,Correct
meter rtc failed at the time of testing so meter need to be changed,Meter Replacement / Installation Team,Meter Replacement / Installation Team,98.32,100-90% Very High,Correct
Meter RTC Fail at the time of testing So meter needs to replacement required,Meter Replacement / Installation Team,Meter Replacement / Installation Team,99.96,100-90% Very High,Correct
Meter RTC found fail Hence meter is defective and replacement required for the same,Meter Replacement / Installation Team,Meter Replacement / Installation Team,100.0,100-90% Very High,Correct
Meter RTC Fail at the time of testing So meter needs to replacement required,Meter Replacement / Installation Team,Meter Replacement / Installation Team,99.96,100-90% Very High,Correct
Meter RTC Failed at the time of testing so meter need to be changed,Meter Replacement / Installation Team,Meter Replacement / Installation Team,98.32,100-90% Very High,Correct
meter rtc failed at the time of testing so meter need to be changed,Meter Replacement / Installation Team,Meter Replacement / Installation Team,98.32,100-90% Very High,Correct
Meter RTC fail at the time of testing so meter is defective But the meter needs to be replace under mass meter category,Meter Replacement / Installation Team,Meter Replacement / Installation Team,99.89,100-90% Very High,Correct
Meter RTC Failed at the time of testing so meter need to be changed,Meter Replacement / Installation Team,Meter Replacement / Installation Team,98.32,100-90% Very High,Correct
Meter RTC fail at the time of the testingso meter is defective meter needs to replace,Meter Replacement / Installation Team,Meter Replacement / Installation Team,99.8,100-90% Very High,Correct
Meter RTC fail at the time of the testingso meter is defective meter needs to replace,Meter Replacement / Installation Team,Meter Replacement / Installation Team,99.8,100-90% Very High,Correct
meter rtc failed at the time of testing so meter need to be changed,Meter Replacement / Installation Team,Meter Replacement / Installation Team,98.32,100-90% Very High,Correct
Meter RTC Failed at the time of testing so meter need to be changed,Meter Replacement / Installation Team,Meter Replacement / Installation Team,98.32,100-90% Very High,Correct
Meter RTC Failed at the time of testing so meter need to be changed,Meter Replacement / Installation Team,Meter Replacement / Installation Team,98.32,100-90% Very High,Correct
Meter RTC Corrupted So Meter Defective Needs to be replacement At the time of testing,Meter Replacement / Installation Team,Meter Replacement / Installation Team,99.76,100-90% Very High,Correct
Meter RTC Corrupted So Meter Defective Needs to be replacement At the time of testing,Meter Replacement / Installation Team,Meter Replacement / Installation Team,99.76,100-90% Very High,Correct
Meter display sagment defective at the time of testing so meter need replacement required,Meter Replacement / Installation Team,Meter Replacement / Installation Team,99.96,100-90% Very High,Correct
meter rtc failed at the time of testing so meter need to be changed,Meter Replacement / Installation Team,Meter Replacement / Installation Team,98.32,100-90% Very High,Correct
meter rtc failed at the time of testing so meter need to be changed,Meter Replacement / Installation Team,Meter Replacement / Installation Team,98.32,100-90% Very High,Correct
Meter calibration pulse is blinking abnormal at the time of testing So Meter is Defective need to be Replacement,Meter Replacement / Installation Team,Meter Replacement / Installation Team,99.92,100-90% Very High,Correct
Meter is found defective Parameter is struck between event display and Back MDI only hence meter is defective and therefore same needs to be replace,Meter Replacement / Installation Team,Meter Replacement / Installation Team,97.96,100-90% Very High,Correct
meter rtc failed at the time of testing so meter need to be changed,Meter Replacement / Installation Team,Meter Replacement / Installation Team,98.32,100-90% Very High,Correct
meter rtc failed at the time of testing so meter need to be changed,Meter Replacement / Installation Team,Meter Replacement / Installation Team,98.32,100-90% Very High,Correct
meter display is defective at the time of testing so meter needs to be replacement required,Meter Replacement / Installation Team,Meter Replacement / Installation Team,99.99,100-90% Very High,Correct
RTC CORRUPT SO METER REPLACEMENT REQUIRED AT SITE,Meter Replacement / Installation Team,Meter Replacement / Installation Team,98.91,100-90% Very High,Correct
Meter RTC Failed at the time of testing so meter need to be changed,Meter Replacement / Installation Team,Meter Replacement / Installation Team,98.32,100-90% Very High,Correct
meter mdi not record at the time of testing so meter defective need to change,Meter Replacement / Installation Team,Meter Replacement / Installation Team,98.86,100-90% Very High,Correct
RTC is corrupt hence Meter replacement is required,Meter Replacement / Installation Team,Meter Replacement / Installation Team,98.91,100-90% Very High,Correct
Meter RTC Corrupted So Meter Defective Needs to be replacement At the time of testing,Meter Replacement / Installation Team,Meter Replacement / Installation Team,99.76,100-90% Very High,Correct
Meter RTC found fail Hence meter is defective and replacement required for the same,Meter Replacement / Installation Team,Meter Replacement / Installation Team,100.0,100-90% Very High,Correct
Meter display segments are not properly visible so meter is defective and need replacement,Meter Replacement / Installation Team,Meter Replacement / Installation Team,98.91,100-90% Very High,Correct
Meter EL is ON on external load so meter is defective and need replacement,Meter Replacement / Installation Team,Meter Replacement / Installation Team,99.82,100-90% Very High,Correct
Meter RTC Fail at the time of testing So meter needs to replacement required,Meter Replacement / Installation Team,Meter Replacement / Installation Team,99.96,100-90% Very High,Correct
Meter RTC fail at the time of the testingso meter is defective meter needs to replace,Meter Replacement / Installation Team,Meter Replacement / Installation Team,99.8,100-90% Very High,Correct
Meter RTC fail at the time of the testingso meter is defective meter needs to replace,Meter Replacement / Installation Team,Meter Replacement / Installation Team,99.8,100-90% Very High,Correct
Meter RTC found fail Hence meter is defective and replacement required for the same,Meter Replacement / Installation Team,Meter Replacement / Installation Team,100.0,100-90% Very High,Correct
meter rtc failed at the time of testing so meter need to be changed,Meter Replacement / Installation Team,Meter Replacement / Installation Team,98.32,100-90% Very High,Correct
Meter RTC Failed at the time of testing so meter need to be changed,Meter Replacement / Installation Team,Meter Replacement / Installation Team,98.32,100-90% Very High,Correct
Meter RTC Failed at the time of testing so meter need to be changed,Meter Replacement / Installation Team,Meter Replacement / Installation Team,98.32,100-90% Very High,Correct
Back KWH Cumulative Reading is found high jump hence meter is defective therefore same needs to be replaced under defective category photographs has been attached,Meter Replacement / Installation Team,Meter Replacement / Installation Team,98.19,100-90% Very High,Correct
Meter RTC Corrupted So Meter Defective Needs to be replacement At the time of testing,Meter Replacement / Installation Team,Meter Replacement / Installation Team,99.76,100-90% Very High,Correct
Meter RTC Corrupted So Meter Defective Needs to be replacement At the time of testing,Meter Replacement / Installation Team,Meter Replacement / Installation Team,99.76,100-90% Very High,Correct
Meter RTC Failed at the time of testing so meter need to be changed,Meter Replacement / Installation Team,Meter Replacement / Installation Team,98.32,100-90% Very High,Correct
Meter RTC found fail Hence meter is defective and replacement required for the same,Meter Replacement / Installation Team,Meter Replacement / Installation Team,100.0,100-90% Very High,Correct
Meter RTC found fail Hence meter is defective and replacement required for the same,Meter Replacement / Installation Team,Meter Replacement / Installation Team,100.0,100-90% Very High,Correct
ELT SHOWING IN EXTERNAL LOAD SO METER REPLACEMENT REQUIRED AT SITE consumer not able to signature,Meter Replacement / Installation Team,Meter Replacement / Installation Team,97.53,100-90% Very High,Correct
meter display segment is defective at the time of testing so meter needs to be replacement required,Meter Replacement / Installation Team,Meter Replacement / Installation Team,99.98,100-90% Very High,Correct
meter RTC fail so meter deffective need replacement,Meter Replacement / Installation Team,Meter Replacement / Installation Team,99.63,100-90% Very High,Correct
Meter RTC found fail Hence meter is defective and replacement required for the same,Meter Replacement / Installation Team,Meter Replacement / Installation Team,100.0,100-90% Very High,Correct
Meter RTC fail at the time of the testingso meter is defective meter needs to replace,Meter Replacement / Installation Team,Meter Replacement / Installation Team,99.8,100-90% Very High,Correct
meter rtc failed at the time of testing so meter need to be changed,Meter Replacement / Installation Team,Meter Replacement / Installation Team,98.32,100-90% Very High,Correct
Meter RTC Fail at the time of testing So meter needs to replacement requiredExisting Meter number is mismatch actual Meter number is,Meter Replacement / Installation Team,Meter Replacement / Installation Team,97.9,100-90% Very High,Correct
Meter RTC fail at the time of the testingso meter is defective meter needs to replace,Meter Replacement / Installation Team,Meter Replacement / Installation Team,99.8,100-90% Very High,Correct
meter rtc failed at the time of testing so meter need to be changed,Meter Replacement / Installation Team,Meter Replacement / Installation Team,98.32,100-90% Very High,Correct
Meter RTC fail at the time of the testingso meter is defective meter needs to replace,Meter Replacement / Installation Team,Meter Replacement / Installation Team,99.8,100-90% Very High,Correct
Meter RTC Corrupted So Meter Defective Needs to be replacement At the time of testing,Meter Replacement / Installation Team,Meter Replacement / Installation Team,99.76,100-90% Very High,Correct
meter display segment is defective at the time of testing so meter needs to be replacement required,Meter Replacement / Installation Team,Meter Replacement / Installation Team,99.98,100-90% Very High,Correct
Meter RTC Corrupted So Meter Defective Needs to be replacement At the time of testing,Meter Replacement / Installation Team,Meter Replacement / Installation Team,99.76,100-90% Very High,Correct
Meter RTC Failed at the time of testing so meter need to be changed,Meter Replacement / Installation Team,Meter Replacement / Installation Team,98.32,100-90% Very High,Correct
premises found locked thatsway Meter couldnt be tested,Field Operations / Meter Testing,Field Operations / Meter Testing,98.15,100-90% Very High,Correct
Site under construction so meter could not be tested at site,Field Operations / Meter Testing,Field Operations / Meter Testing,97.64,100-90% Very High,Correct
SITE UNDER CONSTRUCTION SO METER COULDNT BE TESTED AT THE TIME OF TESTING,Field Operations / Meter Testing,Field Operations / Meter Testing,97.69,100-90% Very High,Correct
SITE UNDER CONSTRUCTION SO METER COULDNT BE TESTED AT THE TIME OF TESTING,Field Operations / Meter Testing,Field Operations / Meter Testing,97.69,100-90% Very High,Correct
Side unsafe for meter testing due to site under renovation discuss with sh Manoj,Field Operations / Meter Testing,Field Operations / Meter Testing,96.7,100-90% Very High,Correct
Supply already disconnected relay status on,Network / Zone Maintenance Team,Network / Zone Maintenance Team,96.72,100-90% Very High,Correct
Supply found disconnect from pole at the time of testing discuss with consumer sh nitesh on said phone,Network / Zone Maintenance Team,Network / Zone Maintenance Team,93.98,100-90% Very High,Correct
Supply found disconnected at site,Network / Zone Maintenance Team,Network / Zone Maintenance Team,99.39,100-90% Very High,Correct
SUPPLY FOUND TEMPORARY DISCONNECTED,Network / Zone Maintenance Team,Network / Zone Maintenance Team,97.72,100-90% Very High,Correct
meter found disconnected at site,Network / Zone Maintenance Team,Network / Zone Maintenance Team,97.19,100-90% Very High,Correct
Supply found disconnected at site meter found burnt and supply found bypass from meter,Network / Zone Maintenance Team,Network / Zone Maintenance Team,96.87,100-90% Very High,Correct
Said meter is already replaced at site on new meter number is,Scheduling / Field Dispatch Team,Meter Replacement / Installation Team,45.73,Below 50% Low,Wrong
supply found disconnected by relay,Network / Zone Maintenance Team,Network / Zone Maintenance Team,98.37,100-90% Very High,Correct
SUPPLY FOUND TEMPORARY DISCONNECTED,Network / Zone Maintenance Team,Network / Zone Maintenance Team,97.72,100-90% Very High,Correct
SUPPLY FOUND TEMPORARY DISCONNECTED,Network / Zone Maintenance Team,Network / Zone Maintenance Team,97.72,100-90% Very High,Correct
Meter found disconnected at site hence same couldnt be tested,Network / Zone Maintenance Team,Network / Zone Maintenance Team,96.92,100-90% Very High,Correct
supply found disconnected from pole,Network / Zone Maintenance Team,Network / Zone Maintenance Team,99.76,100-90% Very High,Correct
SUPPLY FOUND TEMPORARY DISCONNECTED,Network / Zone Maintenance Team,Network / Zone Maintenance Team,97.72,100-90% Very High,Correct
meter out going disconnected at site so meter couldnt be tested,Network / Zone Maintenance Team,Network / Zone Maintenance Team,95.55,100-90% Very High,Correct
Meter RTC found fail Hence meter is defective and replacement required for the same,Network / Zone Maintenance Team,Meter Replacement / Installation Team,100.0,100-90% Very High,Wrong
meter couldnt be tested because supply found disconnected,Network / Zone Maintenance Team,Network / Zone Maintenance Team,99.53,100-90% Very High,Correct
Supply found disconnected from solar at the time of testing so meter could not be test discuss with consumer shUdaysingh,Network / Zone Maintenance Team,Network / Zone Maintenance Team,97.72,100-90% Very High,Correct
Supply found disconnect from Pole at the time of testing so meter could not be test discuss with Mrs Ragni,Network / Zone Maintenance Team,Network / Zone Maintenance Team,96.67,100-90% Very High,Correct
meter couldnt be tested because supply found disconnected,Network / Zone Maintenance Team,Network / Zone Maintenance Team,99.53,100-90% Very High,Correct
supply found disconnected at site solar not working at site so meter couldnt be tested,Network / Zone Maintenance Team,Network / Zone Maintenance Team,98.34,100-90% Very High,Correct
Supply found disconnected at site from solar end hence meter couldnt be tested Also no seal has been found on Meter box,Network / Zone Maintenance Team,Network / Zone Maintenance Team,97.74,100-90% Very High,Correct
Meter found disconnected from solar hence same couldnt be tested Also No Seal is been found on meter box,Network / Zone Maintenance Team,Network / Zone Maintenance Team,91.87,100-90% Very High,Correct
Supply found Disconnected at site hence meter couldnt be tested,Network / Zone Maintenance Team,Network / Zone Maintenance Team,99.38,100-90% Very High,Correct
Supply Already Disconnect At Site So Meter could not be Tested,Network / Zone Maintenance Team,Network / Zone Maintenance Team,82.31,90-75% High,Correct
RTC is corrupt hence Meter replacement is required,Network / Zone Maintenance Team,Meter Replacement / Installation Team,98.91,100-90% Very High,Wrong
Supply found disconnected at site,Network / Zone Maintenance Team,Network / Zone Maintenance Team,99.39,100-90% Very High,Correct
METER SUPPLY FOUND DISCONNECTED AT SITE,Network / Zone Maintenance Team,Network / Zone Maintenance Team,99.41,100-90% Very High,Correct
Supply found disconnected from pole at the time of testing so meter could not be test discuss with consumer sh Raju phone no,Network / Zone Maintenance Team,Network / Zone Maintenance Team,98.75,100-90% Very High,Correct
Supply found disconnected at site hence same couldnt be tested,Network / Zone Maintenance Team,Network / Zone Maintenance Team,99.38,100-90% Very High,Correct
Visit not done and case cancelled as per mail and notepad entry,Customer Service / Call Center,Customer Service / Call Center,99.24,100-90% Very High,Correct
Pending from Notification initiator side,Customer Service / Call Center,Customer Service / Call Center,98.02,100-90% Very High,Correct
Pending from Notification initiator side,Customer Service / Call Center,Customer Service / Call Center,98.02,100-90% Very High,Correct
Pending from Notification initiator side,Customer Service / Call Center,Customer Service / Call Center,98.02,100-90% Very High,Correct
Pending from Notification initiator side,Customer Service / Call Center,Customer Service / Call Center,98.02,100-90% Very High,Correct
Pending from Notification initiator side,Customer Service / Call Center,Customer Service / Call Center,98.02,100-90% Very High,Correct
NOTIFICATIONS CANCEL AS MAIL BY MMG HT METERING GROUP,Customer Service / Call Center,Customer Service / Call Center,97.9,100-90% Very High,Correct
Pending from Notification initiator side,Customer Service / Call Center,Customer Service / Call Center,98.02,100-90% Very High,Correct
Visit Not Done,Customer Service / Call Center,Customer Service / Call Center,97.43,100-90% Very High,Correct
Visit not done,Customer Service / Call Center,Customer Service / Call Center,97.43,100-90% Very High,Correct
Visit not done,Customer Service / Call Center,Customer Service / Call Center,97.43,100-90% Very High,Correct
Visit not done,Customer Service / Call Center,Customer Service / Call Center,97.43,100-90% Very High,Correct
Visit not done,Customer Service / Call Center,Customer Service / Call Center,97.43,100-90% Very High,Correct
Visit not done,Customer Service / Call Center,Customer Service / Call Center,97.43,100-90% Very High,Correct
NOTIFICATIONS CANCEL AS MAIL BY MMG HT GROUP,Customer Service / Call Center,Customer Service / Call Center,98.01,100-90% Very High,Correct
Visit not done,Customer Service / Call Center,Customer Service / Call Center,97.43,100-90% Very High,Correct
Visit not done,Customer Service / Call Center,Customer Service / Call Center,97.43,100-90% Very High,Correct
Notification cancelled due to vendor change,Customer Service / Call Center,Customer Service / Call Center,97.83,100-90% Very High,Correct
Notification cancelled due to vendor change,Customer Service / Call Center,Customer Service / Call Center,97.83,100-90% Very High,Correct
Notification cancelled due to vendor change,Customer Service / Call Center,Customer Service / Call Center,97.83,100-90% Very High,Correct
Visit not done,Customer Service / Call Center,Customer Service / Call Center,97.43,100-90% Very High,Correct
Notification cancelled due to vendor change,Customer Service / Call Center,Customer Service / Call Center,97.83,100-90% Very High,Correct
Visit Not Done,Customer Service / Call Center,Customer Service / Call Center,97.43,100-90% Very High,Correct
Notification cancelled due to vendor change,Customer Service / Call Center,Customer Service / Call Center,97.83,100-90% Very High,Correct
Notification cancelled due to vendor change,Customer Service / Call Center,Customer Service / Call Center,97.83,100-90% Very High,Correct
Notification cancelled due to vendor change,Customer Service / Call Center,Customer Service / Call Center,97.83,100-90% Very High,Correct
Notification cancelled due to vendor change,Customer Service / Call Center,Customer Service / Call Center,97.83,100-90% Very High,Correct
Visit not Done as per mail attached in Notepad Entry,Customer Service / Call Center,Customer Service / Call Center,97.98,100-90% Very High,Correct
Visit not done,Customer Service / Call Center,Customer Service / Call Center,97.43,100-90% Very High,Correct
Seven Segment display found defective therefore same needs to be replace under defective category Photograph has been attached for reference,Meter Replacement / Installation Team,Meter Replacement / Installation Team,98.73,100-90% Very High,Correct
Notification cancelled due to vendor change,Customer Service / Call Center,Customer Service / Call Center,97.83,100-90% Very High,Correct
Notification cancelled due to vendor change,Customer Service / Call Center,Customer Service / Call Center,97.83,100-90% Very High,Correct
Notification cancelled due to vendor change,Customer Service / Call Center,Customer Service / Call Center,97.83,100-90% Very High,Correct
Visit not done,Customer Service / Call Center,Customer Service / Call Center,97.43,100-90% Very High,Correct
Notification cancelled due to vendor change,Customer Service / Call Center,Customer Service / Call Center,97.83,100-90% Very High,Correct
Notification cancelled due to vendor change,Customer Service / Call Center,Customer Service / Call Center,97.83,100-90% Very High,Correct
Notification cancelled due to vendor change,Customer Service / Call Center,Customer Service / Call Center,97.83,100-90% Very High,Correct
Notification cancelled due to vendor change,Customer Service / Call Center,Customer Service / Call Center,97.83,100-90% Very High,Correct
Notification cancelled due to vendor change,Customer Service / Call Center,Customer Service / Call Center,97.83,100-90% Very High,Correct
Visit not done,Customer Service / Call Center,Customer Service / Call Center,97.43,100-90% Very High,Correct
Visit not done,Customer Service / Call Center,Customer Service / Call Center,97.43,100-90% Very High,Correct
Mail by MMG Three Phase,Customer Service / Call Center,Customer Service / Call Center,97.35,100-90% Very High,Correct
Notification cancelled due to vendor change,Customer Service / Call Center,Customer Service / Call Center,97.83,100-90% Very High,Correct
visit not done,Customer Service / Call Center,Customer Service / Call Center,97.43,100-90% Very High,Correct
Notification cancelled due to vendor change,Customer Service / Call Center,Customer Service / Call Center,97.83,100-90% Very High,Correct
Notification cancelled due to vendor change,Customer Service / Call Center,Customer Service / Call Center,97.83,100-90% Very High,Correct
Notification cancelled due to vendor change,Customer Service / Call Center,Customer Service / Call Center,97.83,100-90% Very High,Correct
Visit not done,Customer Service / Call Center,Customer Service / Call Center,97.43,100-90% Very High,Correct
Visit not done,Customer Service / Call Center,Customer Service / Call Center,97.43,100-90% Very High,Correct
Visit not done,Customer Service / Call Center,Customer Service / Call Center,97.43,100-90% Very High,Correct
Visit not done,Customer Service / Call Center,Customer Service / Call Center,97.43,100-90% Very High,Correct
Notification cancelled due to vendor change,Customer Service / Call Center,Customer Service / Call Center,97.83,100-90% Very High,Correct
Notification cancelled due to vendor change,Customer Service / Call Center,Customer Service / Call Center,97.83,100-90% Very High,Correct
Notification cancelled due to vendor change,Customer Service / Call Center,Customer Service / Call Center,97.83,100-90% Very High,Correct
Notification cancelled due to vendor change,Customer Service / Call Center,Customer Service / Call Center,97.83,100-90% Very High,Correct
Site Not Visited case needs to be returned as per mail received from AMI group,Customer Service / Call Center,Customer Service / Call Center,97.59,100-90% Very High,Correct
Notification cancelled due to vendor change,Customer Service / Call Center,Customer Service / Call Center,97.83,100-90% Very High,Correct
Notification cancelled due to vendor change,Customer Service / Call Center,Customer Service / Call Center,97.83,100-90% Very High,Correct
Notification cancelled due to vendor change,Customer Service / Call Center,Customer Service / Call Center,97.83,100-90% Very High,Correct
Notification cancelled due to vendor change,Customer Service / Call Center,Customer Service / Call Center,97.83,100-90% Very High,Correct
Notification cancelled due to vendor change,Customer Service / Call Center,Customer Service / Call Center,97.83,100-90% Very High,Correct
Notification cancelled due to vendor change,Customer Service / Call Center,Customer Service / Call Center,97.83,100-90% Very High,Correct
Notification cancelled due to vendor change,Customer Service / Call Center,Customer Service / Call Center,97.83,100-90% Very High,Correct
Notification cancelled due to vendor change,Customer Service / Call Center,Customer Service / Call Center,97.83,100-90% Very High,Correct
Notification cancelled due to vendor change,Customer Service / Call Center,Customer Service / Call Center,97.83,100-90% Very High,Correct
Notification cancelled due to vendor change,Customer Service / Call Center,Customer Service / Call Center,97.83,100-90% Very High,Correct
Notification cancelled due to vendor change,Customer Service / Call Center,Customer Service / Call Center,97.83,100-90% Very High,Correct
Case already executed,Customer Service / Call Center,Customer Service / Call Center,66.96,75-50% Medium,Correct
Visit not done,Customer Service / Call Center,Customer Service / Call Center,97.43,100-90% Very High,Correct
Notification cancelled due to vendor change,Customer Service / Call Center,Customer Service / Call Center,97.83,100-90% Very High,Correct
Notification cancelled due to vendor change,Customer Service / Call Center,Customer Service / Call Center,97.83,100-90% Very High,Correct
Notification cancelled due to vendor change,Customer Service / Call Center,Customer Service / Call Center,97.83,100-90% Very High,Correct
Notification cancelled due to vendor change,Customer Service / Call Center,Customer Service / Call Center,97.83,100-90% Very High,Correct
Notification cancelled due to vendor change,Customer Service / Call Center,Customer Service / Call Center,97.83,100-90% Very High,Correct
Visit not done,Customer Service / Call Center,Customer Service / Call Center,97.43,100-90% Very High,Correct
Notification cancelled as per mail by MMG HT group,Customer Service / Call Center,Customer Service / Call Center,99.72,100-90% Very High,Correct
Visit not done,Customer Service / Call Center,Customer Service / Call Center,97.43,100-90% Very High,Correct
Notification cancelled due to vendor change,Customer Service / Call Center,Customer Service / Call Center,97.83,100-90% Very High,Correct
Notification cancelled due to vendor change,Customer Service / Call Center,Customer Service / Call Center,97.83,100-90% Very High,Correct
Notification cancelled due to vendor change,Customer Service / Call Center,Customer Service / Call Center,97.83,100-90% Very High,Correct
Notification cancelled due to vendor change,Customer Service / Call Center,Customer Service / Call Center,97.83,100-90% Very High,Correct
Notification cancelled due to vendor change,Customer Service / Call Center,Customer Service / Call Center,97.83,100-90% Very High,Correct
Notification cancelled due to vendor change,Customer Service / Call Center,Customer Service / Call Center,97.83,100-90% Very High,Correct
Notification cancelled due to vendor change,Customer Service / Call Center,Customer Service / Call Center,97.83,100-90% Very High,Correct
Notification cancelled due to vendor change,Customer Service / Call Center,Customer Service / Call Center,97.83,100-90% Very High,Correct
Notification cancelled due to vendor change,Customer Service / Call Center,Customer Service / Call Center,97.83,100-90% Very High,Correct
Notification cancelled due to vendor change,Customer Service / Call Center,Customer Service / Call Center,97.83,100-90% Very High,Correct
Notification cancelled due to vendor change,Customer Service / Call Center,Customer Service / Call Center,97.83,100-90% Very High,Correct
Notification cancelled due to vendor change,Customer Service / Call Center,Customer Service / Call Center,97.83,100-90% Very High,Correct
Notification cancelled due to vendor change,Customer Service / Call Center,Customer Service / Call Center,97.83,100-90% Very High,Correct
Visit not done,Customer Service / Call Center,Customer Service / Call Center,97.43,100-90% Very High,Correct
Notification cancelled due to vendor change,Customer Service / Call Center,Customer Service / Call Center,97.83,100-90% Very High,Correct
Notification cancelled due to vendor change,Customer Service / Call Center,Customer Service / Call Center,97.83,100-90% Very High,Correct
Visit not done,Customer Service / Call Center,Customer Service / Call Center,97.43,100-90% Very High,Correct
Visit not done,Customer Service / Call Center,Customer Service / Call Center,97.43,100-90% Very High,Correct
Notification cancelled due to vendor change,Customer Service / Call Center,Customer Service / Call Center,97.83,100-90% Very High,Correct
Notification cancelled due to vendor change,Customer Service / Call Center,Customer Service / Call Center,97.83,100-90% Very High,Correct
Notification cancelled due to vendor change,Customer Service / Call Center,Customer Service / Call Center,97.83,100-90% Very High,Correct
Notification cancelled due to vendor change,Customer Service / Call Center,Customer Service / Call Center,97.83,100-90% Very High,Correct
Notification cancelled due to vendor change,Customer Service / Call Center,Customer Service / Call Center,97.83,100-90% Very High,Correct
Notification cancelled due to vendor change,Customer Service / Call Center,Customer Service / Call Center,97.83,100-90% Very High,Correct
Notification cancelled due to vendor change,Customer Service / Call Center,Customer Service / Call Center,97.83,100-90% Very High,Correct
Notification cancelled due to vendor change,Customer Service / Call Center,Customer Service / Call Center,97.83,100-90% Very High,Correct
Notification cancelled due to vendor change,Customer Service / Call Center,Customer Service / Call Center,97.83,100-90% Very High,Correct
Notification cancelled due to vendor change,Customer Service / Call Center,Customer Service / Call Center,97.83,100-90% Very High,Correct
Notification cancelled due to vendor change,Customer Service / Call Center,Customer Service / Call Center,97.83,100-90% Very High,Correct
Notification cancelled due to vendor change,Customer Service / Call Center,Customer Service / Call Center,97.83,100-90% Very High,Correct
Notification cancelled due to vendor change,Customer Service / Call Center,Customer Service / Call Center,97.83,100-90% Very High,Correct
Notification cancelled due to vendor change,Customer Service / Call Center,Customer Service / Call Center,97.83,100-90% Very High,Correct
Notification cancelled due to vendor change,Customer Service / Call Center,Customer Service / Call Center,97.83,100-90% Very High,Correct
Notification cancelled due to vendor change,Customer Service / Call Center,Customer Service / Call Center,97.83,100-90% Very High,Correct
Notification cancelled due to vendor change,Customer Service / Call Center,Customer Service / Call Center,97.83,100-90% Very High,Correct
Notification cancelled due to vendor change,Customer Service / Call Center,Customer Service / Call Center,97.83,100-90% Very High,Correct
Notification cancelled due to vendor change,Customer Service / Call Center,Customer Service / Call Center,97.83,100-90% Very High,Correct
Notification cancelled due to vendor change,Customer Service / Call Center,Customer Service / Call Center,97.83,100-90% Very High,Correct
Visit not done,Customer Service / Call Center,Customer Service / Call Center,97.43,100-90% Very High,Correct
Notification cancelled due to vendor change,Customer Service / Call Center,Customer Service / Call Center,97.83,100-90% Very High,Correct
Notification cancelled due to vendor change,Customer Service / Call Center,Customer Service / Call Center,97.83,100-90% Very High,Correct
Notification cancelled due to vendor change,Customer Service / Call Center,Customer Service / Call Center,97.83,100-90% Very High,Correct
Notification cancelled due to vendor change,Customer Service / Call Center,Customer Service / Call Center,97.83,100-90% Very High,Correct
Notification cancelled due to vendor change,Customer Service / Call Center,Customer Service / Call Center,97.83,100-90% Very High,Correct
Notification cancelled due to vendor change,Customer Service / Call Center,Customer Service / Call Center,97.83,100-90% Very High,Correct
Notification cancelled due to vendor change,Customer Service / Call Center,Customer Service / Call Center,97.83,100-90% Very High,Correct
Notification cancelled due to vendor change,Customer Service / Call Center,Customer Service / Call Center,97.83,100-90% Very High,Correct
Notification cancelled due to vendor change,Customer Service / Call Center,Customer Service / Call Center,97.83,100-90% Very High,Correct
Meter Already Tested Two Time,Scheduling / Field Dispatch Team,No Action Needed,98.4,100-90% Very High,Wrong
Side under construction and no person at side at the time of testing so meter could not be test,Field Operations / Meter Testing,Field Operations / Meter Testing,57.2,75-50% Medium,Correct
Case already executed,Scheduling / Field Dispatch Team,Customer Service / Call Center,66.96,75-50% Medium,Wrong
meter testing on date,Scheduling / Field Dispatch Team,Field Operations / Meter Testing,52.83,75-50% Medium,Wrong
Work Already Done on same notifications but on different latest Service Order,Scheduling / Field Dispatch Team,Field Operations / Meter Testing,64.43,75-50% Medium,Wrong
meter tested as per safety norms of tpddlaccuracy found within limit at a time of testing meter testing on date,Scheduling / Field Dispatch Team,No Action Needed,99.57,100-90% Very High,Wrong
meter testing on date,Scheduling / Field Dispatch Team,Field Operations / Meter Testing,52.83,75-50% Medium,Wrong
meter tested as per safety norms of tpddlaccuracy found within limit at a time of testing meter testing on date,Scheduling / Field Dispatch Team,No Action Needed,99.57,100-90% Very High,Wrong
meter tested as per safety norms of tpddlaccuracy found within limit at a time of testing meter testing on date,Scheduling / Field Dispatch Team,No Action Needed,99.57,100-90% Very High,Wrong
meter tested as per safety norms of tpddlaccuracy found within limit at a time of testing meter testing on date,Scheduling / Field Dispatch Team,No Action Needed,99.57,100-90% Very High,Wrong
Case already returned earlier on insufficient lod hence needs to be closed on this Service order,Scheduling / Field Dispatch Team,Field Operations / Meter Testing,54.74,75-50% Medium,Wrong
Work Already Done on same notifications but on different latest Service Order,Scheduling / Field Dispatch Team,Field Operations / Meter Testing,64.43,75-50% Medium,Wrong
Case already filled on another service Order,Scheduling / Field Dispatch Team,Field Operations / Meter Testing,54.91,75-50% Medium,Wrong
Work already done,Scheduling / Field Dispatch Team,Field Operations / Meter Testing,56.15,75-50% Medium,Wrong
Wrong Notification Generated,Scheduling / Field Dispatch Team,Field Operations / Meter Testing,38.95,Below 50% Low,Wrong
wong notification generated by consumer consumer Said plz cancel my worng notification consumer name is AzimUddin mobile number is,Scheduling / Field Dispatch Team,Back-Office / Administrative Operations,77.43,90-75% High,Wrong
Wrong Notification Generated,Scheduling / Field Dispatch Team,Field Operations / Meter Testing,38.95,Below 50% Low,Wrong
Consumer refused to meter testingAs per consumer no Complaint for fast meter testing from my sideTilak Raj ph no,Scheduling / Field Dispatch Team,Back-Office / Administrative Operations,88.2,90-75% High,Wrong
worng notification generated by consumer consumer Said plz cancel my notification consumer name is Mohit mobile number is,Scheduling / Field Dispatch Team,Back-Office / Administrative Operations,77.43,90-75% High,Wrong
As per Consumer Wrong notification Generated Take by Mr Ram Mahar jiHusband,Scheduling / Field Dispatch Team,Field Operations / Meter Testing,57.49,75-50% Medium,Wrong
As per Consumer Wrong notification Generated Take by Mr Matin Son,Scheduling / Field Dispatch Team,Field Operations / Meter Testing,44.6,Below 50% Low,Wrong
As per Consumer Wrong notification Generated Take by Sageeta ji Daughter in law,Scheduling / Field Dispatch Team,Field Operations / Meter Testing,43.83,Below 50% Low,Wrong
Meter Could not be tested as consumer has cancelled the request he said if you will test the meter then testing charge will be applicable so meter Could not be tested,Scheduling / Field Dispatch Team,Back-Office / Administrative Operations,52.9,75-50% Medium,Wrong
Wrong notification generated As per discussion with consumer mr vineet his complaint generated by his own mistake consumer actual complaint is meter shifting,Scheduling / Field Dispatch Team,Field Operations / Meter Testing,36.41,Below 50% Low,Wrong
worng notification generated by consumer consumer Said plz cancel my worng notification generated consumer name is nibha mobile number is,Scheduling / Field Dispatch Team,Back-Office / Administrative Operations,77.43,90-75% High,Wrong
worng notification generated by consumer consumer Said plz cancel my worng notification generated consumer name is pulkit consumer mobile number is,Scheduling / Field Dispatch Team,Back-Office / Administrative Operations,84.97,90-75% High,Wrong
worng notification generated by consumer consumer Said plz cancel my worng notification generated consumer name is kuldeep mobile number is,Scheduling / Field Dispatch Team,Back-Office / Administrative Operations,77.43,90-75% High,Wrong
As per Consumer wrong notification Generated Take by Mobile phone Mr Bhawani prasad ji,Scheduling / Field Dispatch Team,Back-Office / Administrative Operations,49.31,Below 50% Low,Wrong
worng notification generated by consumer consumer Said plz cancel my worng notification consumer name is bharat mobile number is,Scheduling / Field Dispatch Team,Back-Office / Administrative Operations,77.43,90-75% High,Wrong
space constraints for meter testing,Field Operations / Meter Testing,Field Operations / Meter Testing,96.11,100-90% Very High,Correct
As per Consumer Wrong Notification Generated Take by AartiDaughter in law,Scheduling / Field Dispatch Team,Field Operations / Meter Testing,43.83,Below 50% Low,Wrong
worng notification generated by consumer consumer Said plz cancel my worng notification generated consumer name is kuldeep Singh consumer mobile number is,Scheduling / Field Dispatch Team,Back-Office / Administrative Operations,80.43,90-75% High,Wrong
As per Consumer Wrong notification Generated Take by Mr Pankaj Brother,Scheduling / Field Dispatch Team,Field Operations / Meter Testing,44.6,Below 50% Low,Wrong
Meter Could not be tested as consumer has cancelled the request he said if you will test the meter then testing charge will be applicable so meter Could not be tested counsmer name Ajay,Scheduling / Field Dispatch Team,Back-Office / Administrative Operations,51.37,75-50% Medium,Wrong
Wrong notification generated Consumer complaint generated by his own mistake,Scheduling / Field Dispatch Team,Field Operations / Meter Testing,56.76,75-50% Medium,Wrong
worng notification generated by consumer consumer Said plz cancel my worng notification consumer name is sanjiv mobile number is,Scheduling / Field Dispatch Team,Back-Office / Administrative Operations,77.43,90-75% High,Wrong
wrong notification generatedAs per discussion with consumer Mr Vimal consumer complaint generated by his own mistake,Scheduling / Field Dispatch Team,Back-Office / Administrative Operations,49.38,Below 50% Low,Wrong
as per remark by mistake meter testing generated,Scheduling / Field Dispatch Team,Field Operations / Meter Testing,70.95,75-50% Medium,Wrong
wong notification generated by consumer consumer Said plz cancel my worng notification case consumer name is Sumit Goyal consumer mobile number is,Scheduling / Field Dispatch Team,Back-Office / Administrative Operations,72.51,75-50% Medium,Wrong
wong notification generated by consumer consumer Said plz cancel my worng notification consumer name is Satish mobile number is,Scheduling / Field Dispatch Team,Back-Office / Administrative Operations,70.95,75-50% Medium,Wrong
As per Consumer Wrong notification Generated Take by Arvind,Scheduling / Field Dispatch Team,Field Operations / Meter Testing,43.83,Below 50% Low,Wrong
worng notification generated by consumer consumer Said plz cancel my worng notification consumer name is gautam consumer mobile number is,Scheduling / Field Dispatch Team,Back-Office / Administrative Operations,84.97,90-75% High,Wrong
As per Consumer Wrong notification Generated Take by Mr Kuldeephusband,Scheduling / Field Dispatch Team,Field Operations / Meter Testing,44.6,Below 50% Low,Wrong
wong notification generated by consumer consumer Said plz cancel my worng notification generated consumer name is naveen consumer number is,Scheduling / Field Dispatch Team,Back-Office / Administrative Operations,78.36,90-75% High,Wrong
Meter Could not be tested as consumer has cancelled the request he said if you will test the meter then testing charge will be applicable so meter Could not be tested consumer Name Tarun,Scheduling / Field Dispatch Team,Back-Office / Administrative Operations,65.58,75-50% Medium,Wrong
Consumer refused to meter testingAs per consumer no any Complaint for fast meter testing Renu Phno,Scheduling / Field Dispatch Team,Back-Office / Administrative Operations,88.2,90-75% High,Wrong
As per Consumer Wrong notification Generated Take by Jyoti rental cancel this notification,Scheduling / Field Dispatch Team,Customer Service / Call Center,54.99,75-50% Medium,Wrong
Meter Could not be tested as consumer has cancelled the request he said if you will test the meter then testing charge will be applicable so meter Could not be tested consumer name karan,Scheduling / Field Dispatch Team,Back-Office / Administrative Operations,78.18,90-75% High,Wrong
worng notification generated by consumer consumer Said plz cancel my worng notification consumer name is Mohit mobile number is,Scheduling / Field Dispatch Team,Back-Office / Administrative Operations,77.43,90-75% High,Wrong
worng notification generated by consumer consumer Said plz cancel my worng notification generated consumer name is Yasmin consumer number is,Scheduling / Field Dispatch Team,Back-Office / Administrative Operations,78.27,90-75% High,Wrong
As per Consumer Wrong notification Generated Take by Mr Arjun Worker,Scheduling / Field Dispatch Team,Field Operations / Meter Testing,44.6,Below 50% Low,Wrong
Wrong notification generated As per discussion with consumer mrs sarita panday consumer complaint generated by her own mistake,Scheduling / Field Dispatch Team,Back-Office / Administrative Operations,50.35,75-50% Medium,Wrong
As per Consumer Wrong notification Generated Take by Mrs Mustri wife Consumer Actually Complaint Meter Shifting,Scheduling / Field Dispatch Team,Back-Office / Administrative Operations,42.07,Below 50% Low,Wrong
Wrong Notification generated by consumer confirm on phone Tokeer Alam,Scheduling / Field Dispatch Team,Back-Office / Administrative Operations,43.98,Below 50% Low,Wrong
worng notification generated by consumer consumer Said plz cancel my worng notification consumer name is sheetal mobile number is,Scheduling / Field Dispatch Team,Back-Office / Administrative Operations,77.43,90-75% High,Wrong
wong notification generated by consumer consumer Said plz cancel my worng notification consumer name is arun tiwari mobile number is,Scheduling / Field Dispatch Team,Back-Office / Administrative Operations,77.43,90-75% High,Wrong
Meter Could not be tested as consumer has cancelled the request he said if you will test the meter then testing charge will be applicable so meter Could not be tested,Scheduling / Field Dispatch Team,Back-Office / Administrative Operations,52.9,75-50% Medium,Wrong
As per Consumer Wrong notification Generated Take by Mobile phone Mrkashab Datt Actually Complaint Consumer Meter Shifting,Scheduling / Field Dispatch Team,Back-Office / Administrative Operations,59.06,75-50% Medium,Wrong
As per Consumer Wrong notification Generated Take by Mobile phone Name Shanti Devi Actually Consumer Complaint Meter Shifting,Scheduling / Field Dispatch Team,Back-Office / Administrative Operations,42.94,Below 50% Low,Wrong
Consumer refused to meter testingAs per consumer no any Complaint for fast meter testing ShSushil kumar Phno,Scheduling / Field Dispatch Team,Back-Office / Administrative Operations,80.15,90-75% High,Wrong
As per Consumer Wrong notification Generated Take by NameMithles ji,Scheduling / Field Dispatch Team,Field Operations / Meter Testing,43.83,Below 50% Low,Wrong
Consumer dont want to test their meter as their query already resolved hence this request needs to be closed Contacted Person Deepak,Scheduling / Field Dispatch Team,Back-Office / Administrative Operations,54.38,75-50% Medium,Wrong
Wrong Notification generated Consumer dont want to test his meter his main issue is regarding captured Reading current reading in meter is dated Nov Contacted Person Abhishek,Scheduling / Field Dispatch Team,Back-Office / Administrative Operations,27.53,Below 50% Low,Wrong
worng notification generated by consumer consumer Said plz cancel my worng notification generated consumer name is Ajay Kumar mobile number is,Scheduling / Field Dispatch Team,Back-Office / Administrative Operations,74.91,75-50% Medium,Wrong
As per Consumer Wrong notification Generated Take by Prem devi ji,Scheduling / Field Dispatch Team,Field Operations / Meter Testing,52.89,75-50% Medium,Wrong
As per Consumer wrong Meter Complaint Generated So Meter could not be Tested Take by Mrspooja Devi wife,Scheduling / Field Dispatch Team,Field Operations / Meter Testing,51.34,75-50% Medium,Wrong
wrong meter complained by consumer pradeep dubay,Scheduling / Field Dispatch Team,Field Operations / Meter Testing,48.93,Below 50% Low,Wrong
As per Consumer Wrong Meter Complaint Generated Take by Santosh ji Mother,Scheduling / Field Dispatch Team,Field Operations / Meter Testing,56.76,75-50% Medium,Wrong
As per Consumer Wrong notification Generated Take by Mobile phone Mr Bablu Rawat ji,Scheduling / Field Dispatch Team,Back-Office / Administrative Operations,49.31,Below 50% Low,Wrong
wrong meter complained done by consumer by mistake parvesh,Scheduling / Field Dispatch Team,Field Operations / Meter Testing,56.76,75-50% Medium,Wrong
worng notification generated by consumer consumer Said plz cancel my worng notification consumer name is sunil mobile number is,Scheduling / Field Dispatch Team,Back-Office / Administrative Operations,72.08,75-50% Medium,Wrong
As per consumer no any Complaint for fast meter testing from my sideMr Rohan Phno,Scheduling / Field Dispatch Team,Field Operations / Meter Testing,38.45,Below 50% Low,Wrong
As per Consumer Wrong notification Generated Take by Mobile phone Mr Umesh Rana,Scheduling / Field Dispatch Team,Back-Office / Administrative Operations,49.31,Below 50% Low,Wrong
Wrong Notification Generated Consumer dont want to test this meter as Complaint registered by mistake Contacted PersonGitesh,Scheduling / Field Dispatch Team,Back-Office / Administrative Operations,32.8,Below 50% Low,Wrong
As per Consumer Wrong notification Generated Name Harshika,Scheduling / Field Dispatch Team,Field Operations / Meter Testing,43.83,Below 50% Low,Wrong
As per Consumer Wrong notification Generated Take by Mobile phone Mr Biserjeet Kumar MahatoRental,Scheduling / Field Dispatch Team,Back-Office / Administrative Operations,43.72,Below 50% Low,Wrong
As per Consumer Wrong notification Generated Complaint Take by Sanju Wife,Scheduling / Field Dispatch Team,Field Operations / Meter Testing,56.97,75-50% Medium,Wrong
wong notification generated by consumer consumer Said plz cancel my worng notification consumer name is Bharti mobile number is,Scheduling / Field Dispatch Team,Back-Office / Administrative Operations,77.43,90-75% High,Wrong
As per Consumer Wrong notification Generated Take by Mobile phone,Scheduling / Field Dispatch Team,Back-Office / Administrative Operations,45.47,Below 50% Low,Wrong
As per Consumer Wrong notification Generated Take by Cansumer Actually Complaint Meter Shifting Name jai Mala jiself,Scheduling / Field Dispatch Team,Field Operations / Meter Testing,58.43,75-50% Medium,Wrong
As per Consumer Wrong notification Generated Take by Mobile phone Mr Arvind,Scheduling / Field Dispatch Team,Back-Office / Administrative Operations,49.31,Below 50% Low,Wrong
As per Consumer Wrong notification Generated Take by Mrs Geeta Devi Actually Consumer Complaint Meter Shifting,Scheduling / Field Dispatch Team,Back-Office / Administrative Operations,38.67,Below 50% Low,Wrong
As per Consumer Wrong notification Generated Take by Mobile Phone Manju ji M,Scheduling / Field Dispatch Team,Field Operations / Meter Testing,50.41,75-50% Medium,Wrong
Wrong Notification Generated Consumer dont want to test their meter now Therefore requests needed to be closed contacted Person Ayush,Scheduling / Field Dispatch Team,Back-Office / Administrative Operations,72.61,75-50% Medium,Wrong
As per Consumer Wrong notification Generated Take by Mr Raj Narayan ji,Scheduling / Field Dispatch Team,Field Operations / Meter Testing,44.6,Below 50% Low,Wrong
Meter Could not be tested as consumer has cancelled the request he said if you will test the meter then testing charge will be applicable so meter Could not be tested,Scheduling / Field Dispatch Team,Back-Office / Administrative Operations,52.9,75-50% Medium,Wrong
As per consumer no any Complaint for fast meter testing from my side Mr Sahil phno,Scheduling / Field Dispatch Team,Field Operations / Meter Testing,39.15,Below 50% Low,Wrong
wong notification generated by consumer consumer Said plz cancel my worng notification generated consumer name is rahul mobile number is,Scheduling / Field Dispatch Team,Back-Office / Administrative Operations,71.36,75-50% Medium,Wrong
worng notification generated by consumer consumer Said plz cancel my worng notification generated consumer name is dev mobile number is,Scheduling / Field Dispatch Team,Back-Office / Administrative Operations,77.43,90-75% High,Wrong
Insufficient load at site for meter testing,Field Operations / Meter Testing,Field Operations / Meter Testing,99.2,100-90% Very High,Correct
Insufficient load found at site for meter testing,Field Operations / Meter Testing,Field Operations / Meter Testing,99.2,100-90% Very High,Correct
Insufficient load at site for meter testing,Field Operations / Meter Testing,Field Operations / Meter Testing,99.2,100-90% Very High,Correct
insufficient load for meter testing,Field Operations / Meter Testing,Field Operations / Meter Testing,98.65,100-90% Very High,Correct
Insufficient load found at site for meter testing also no responsible person found at site photographs has been attached,Field Operations / Meter Testing,Field Operations / Meter Testing,96.69,100-90% Very High,Correct
INSUFFICIENT LOAD FOR METER TESTING,Field Operations / Meter Testing,Field Operations / Meter Testing,98.65,100-90% Very High,Correct
Insufficient ConsumptionGeneration on meter therefore same couldnt be tested photographs has been attached of running load capacitive load is running Only Kva load is running,Field Operations / Meter Testing,Field Operations / Meter Testing,72.28,75-50% Medium,Correct
Pole mounted sstn supply is disconnected from GO Switch service cable is not connected on transformer LT side,Field Operations / Meter Testing,Field Operations / Meter Testing,91.98,100-90% Very High,Correct
INSUFFICIENT LOAD FOR METER TESTING,Field Operations / Meter Testing,Field Operations / Meter Testing,98.65,100-90% Very High,Correct
Insufficient loaf found at site for meter testing construction site at Meter location also Output jumper are not available at meter end meter couldnt be tested due to lack of active load on,Field Operations / Meter Testing,Field Operations / Meter Testing,98.01,100-90% Very High,Correct
INSUFFICIENT LOAD FOR METER TESTING,Field Operations / Meter Testing,Field Operations / Meter Testing,98.65,100-90% Very High,Correct
Visit not done,Customer Service / Call Center,Customer Service / Call Center,97.43,100-90% Very High,Correct
Due to Insufficient GenerationLoad at site meter couldnt be tested At the Meter and CT Unit Bus Bar end All voltage found satisfactory which is found as RV YV and V same is been captured in Reference Meter also At consumer end Solar Incoming wire seems faulty at Solar Inverter end Voltage at Solar Inverter is as follows RN V YNV BNV RYV YBV BRV,Field Operations / Meter Testing,Field Operations / Meter Testing,95.6,100-90% Very High,Correct
At the site insufficient load was found for meter testing and it was observed that the consumer Railway is using only two phases Y and B for consumption this was conveyed telephonically to Shri Nikhil Pathal Initiator of the Internal Referred Request by Grid Incharge Shri Deepak Arora and on the meter display the instantaneous parameters were Voltage R Y B and Current R Y B,Field Operations / Meter Testing,Field Operations / Meter Testing,95.96,100-90% Very High,Correct
insufficient load for meter testing,Field Operations / Meter Testing,Field Operations / Meter Testing,98.65,100-90% Very High,Correct
No Load Found At Site For Testing So Meter could not be tested,Field Operations / Meter Testing,Field Operations / Meter Testing,97.31,100-90% Very High,Correct
Insufficient load found at site for meter testing hence testing couldnt be done Low Voltage observed in B phase kv and same is been observed in Reference,Field Operations / Meter Testing,Field Operations / Meter Testing,94.86,100-90% Very High,Correct
INSUFFICIENT LOAD FOR METER TESTING,Field Operations / Meter Testing,Field Operations / Meter Testing,98.65,100-90% Very High,Correct
NO LOAD FOUND AT SITE FOR TESTING,Field Operations / Meter Testing,Field Operations / Meter Testing,97.06,100-90% Very High,Correct
Insufficient Load found at site for meter testing hence same couldnt be tested Also Composite testing couldnt be done as asked by AMI department as remark for meter testing,Field Operations / Meter Testing,Field Operations / Meter Testing,96.39,100-90% Very High,Correct
Insufficient load found at site for meter testing hence testing couldnt be done,Field Operations / Meter Testing,Field Operations / Meter Testing,99.19,100-90% Very High,Correct
SOLAR NOT GENERATING SO METER could NOT BE TESTING,Field Operations / Meter Testing,Field Operations / Meter Testing,96.06,100-90% Very High,Correct
solar pannel not connected to mcb so zero consumption so meter could not Be tested,Field Operations / Meter Testing,Field Operations / Meter Testing,96.05,100-90% Very High,Correct
SOLAR NOT GENERATING FROM BACK END SO METER COULD NOT BE TESTED,Field Operations / Meter Testing,Field Operations / Meter Testing,96.46,100-90% Very High,Correct
insufficient load for meter testing,Field Operations / Meter Testing,Field Operations / Meter Testing,98.65,100-90% Very High,Correct
There was no load on the meter to make it suitable for testing,Field Operations / Meter Testing,Field Operations / Meter Testing,96.46,100-90% Very High,Correct
Insufficient load found at site for meter testing,Field Operations / Meter Testing,Field Operations / Meter Testing,99.2,100-90% Very High,Correct
InsufficientNo load found at site for mtr testing as complete wiring is dismantled by consumer and meter is not in use No Provision to put load for meter testing hence same couldnt be tested,Field Operations / Meter Testing,Field Operations / Meter Testing,96.0,100-90% Very High,Correct
InsufficientNo load found at site for mtr testing as complete wiring is dismantled by consumer and meter is not in use No Provision to put load for meter testing hence same couldnt be tested,Field Operations / Meter Testing,Field Operations / Meter Testing,96.0,100-90% Very High,Correct
insufficient load for meter testing,Field Operations / Meter Testing,Field Operations / Meter Testing,98.65,100-90% Very High,Correct
No load found at site for testing so Meter couldnt be tested,Field Operations / Meter Testing,Field Operations / Meter Testing,97.31,100-90% Very High,Correct
Insufficient Load Found at site for meter testing hence meter couldnt be tested,Field Operations / Meter Testing,Field Operations / Meter Testing,99.28,100-90% Very High,Correct
Insufficient load found at site hence meter couldnt be tested,Field Operations / Meter Testing,Field Operations / Meter Testing,99.35,100-90% Very High,Correct
Insufficient loadGeneration at site hence meter couldnt be tested,Field Operations / Meter Testing,Field Operations / Meter Testing,97.78,100-90% Very High,Correct
Insufficient Load Found At site for meter testing hence meter couldnt be tested,Field Operations / Meter Testing,Field Operations / Meter Testing,99.28,100-90% Very High,Correct
Insufficient load found at site for meter testing hence testing couldnt be executed,Field Operations / Meter Testing,Field Operations / Meter Testing,97.2,100-90% Very High,Correct
Insufficient Load Found for testing hence same couldnt be tested,Field Operations / Meter Testing,Field Operations / Meter Testing,99.27,100-90% Very High,Correct
Insufficient load is found at site no such equipment is present at site for loading of meter also Meter not in extensively use hence meter couldnt be tested,Field Operations / Meter Testing,Field Operations / Meter Testing,96.27,100-90% Very High,Correct
Insufficient load found at site for meter testing hence meter couldnt be tested,Field Operations / Meter Testing,Field Operations / Meter Testing,99.28,100-90% Very High,Correct
Meter not in use also Wire is found detached from MCB end hence due to Insufficient Load Meter couldnt be tested,Field Operations / Meter Testing,Field Operations / Meter Testing,97.94,100-90% Very High,Correct
Insufficient GenerationLoad found at site hence meter couldnt be tested solar is not generating,Field Operations / Meter Testing,Field Operations / Meter Testing,98.48,100-90% Very High,Correct
Insufficient load found at site hence meter couldnt be tested photographs has been tested,Field Operations / Meter Testing,Field Operations / Meter Testing,99.31,100-90% Very High,Correct
insufficient load for meter testing,Field Operations / Meter Testing,Field Operations / Meter Testing,98.65,100-90% Very High,Correct
No load found at site for meter testing hence meter couldnt be tested due to insufficient load at site,Field Operations / Meter Testing,Field Operations / Meter Testing,98.99,100-90% Very High,Correct
Insufficient LoadGeneration found at site for meter testing hence meter could be tested As per consumer right now his solar is not working,Field Operations / Meter Testing,Field Operations / Meter Testing,95.04,100-90% Very High,Correct
Insufficient load Generationfrom solar hence meter couldnt be tested also as per consumer solar is not generating from weeks due to their Personal reasons,Field Operations / Meter Testing,Field Operations / Meter Testing,96.0,100-90% Very High,Correct
Meter Outgoing cable is disconnected from MCB so meter could not be tested,Field Operations / Meter Testing,Field Operations / Meter Testing,94.2,100-90% Very High,Correct
INSUFFICIENT LOAD FOR METER TESTING,Field Operations / Meter Testing,Field Operations / Meter Testing,98.65,100-90% Very High,Correct
Insufficient Load found at site for meter Testing also Only Load found of R phase at the time of Site Visit,Field Operations / Meter Testing,Field Operations / Meter Testing,91.93,100-90% Very High,Correct
No person at site and no response on said phone at the time of testing so meter could not be test,Field Operations / Meter Testing,Back-Office / Administrative Operations,99.55,100-90% Very High,Wrong
insufficient load for meter testing,Field Operations / Meter Testing,Field Operations / Meter Testing,98.65,100-90% Very High,Correct
Insufficient load found at site for meter testing load is on parallel feeder with meter,Field Operations / Meter Testing,Field Operations / Meter Testing,97.48,100-90% Very High,Correct
Insufficient load found at site hence same couldnt be tested,Field Operations / Meter Testing,Field Operations / Meter Testing,99.38,100-90% Very High,Correct
Insufficient Load Found at site for meter testing hence meter couldnt be tested Meter is not in use as of now,Field Operations / Meter Testing,Field Operations / Meter Testing,98.24,100-90% Very High,Correct
Insufficient load found at site hence meter couldnt be tested,Field Operations / Meter Testing,Field Operations / Meter Testing,99.35,100-90% Very High,Correct
Insufficient Load Found At site hence same couldnt be tested,Field Operations / Meter Testing,Field Operations / Meter Testing,99.38,100-90% Very High,Correct
insufficient load for meter testing,Field Operations / Meter Testing,Field Operations / Meter Testing,98.65,100-90% Very High,Correct
insufficient load for meter testing,Field Operations / Meter Testing,Field Operations / Meter Testing,98.65,100-90% Very High,Correct
Insufficient load Found at site hence same couldnt be tested,Field Operations / Meter Testing,Field Operations / Meter Testing,99.38,100-90% Very High,Correct
insufficient load for meter testing,Field Operations / Meter Testing,Field Operations / Meter Testing,98.65,100-90% Very High,Correct
Insufficient load found at site for meter testing hence same couldnt be tested,Field Operations / Meter Testing,Field Operations / Meter Testing,99.42,100-90% Very High,Correct
Insufficient Load found at site hence meter couldnt be tested,Field Operations / Meter Testing,Field Operations / Meter Testing,99.35,100-90% Very High,Correct
water logging found At site So Meter could not be Tested,Field Operations / Meter Testing,Field Operations / Meter Testing,97.9,100-90% Very High,Correct
space constraints for meter testing,Field Operations / Meter Testing,Field Operations / Meter Testing,96.11,100-90% Very High,Correct
Meter at over height so meter could not be tested photographs is attached,Field Operations / Meter Testing,Field Operations / Meter Testing,96.84,100-90% Very High,Correct
Consumer MCB And outgoing cable found burnt from MCB so Meter could not be tested site is unsafe,Field Operations / Meter Testing,Field Operations / Meter Testing,93.61,100-90% Very High,Correct
space constraints for meter testing,Field Operations / Meter Testing,Field Operations / Meter Testing,96.11,100-90% Very High,Correct
cable jumbling space constraints for meter testing,Field Operations / Meter Testing,Field Operations / Meter Testing,97.26,100-90% Very High,Correct
wong notification generated by consumer consumer Said plz cancel my worng notification generated consumer name is geeta Mobile number is,Scheduling / Field Dispatch Team,Back-Office / Administrative Operations,77.43,90-75% High,Wrong
MCCB at over hight so meter could not be tested site is unsafe photographs is attached,Field Operations / Meter Testing,Field Operations / Meter Testing,97.98,100-90% Very High,Correct
oil leakage from CT PT UNIT SO METER COULD NOT BE TESTED,Field Operations / Meter Testing,Field Operations / Meter Testing,73.62,75-50% Medium,Correct
Water logging found near site,Field Operations / Meter Testing,Field Operations / Meter Testing,97.32,100-90% Very High,Correct
Rain water logging on the way so meter could not be test discuss with consumer sh Dalip,Field Operations / Meter Testing,Field Operations / Meter Testing,95.09,100-90% Very High,Correct
Water Logging The making it impossible for us to access and check the meter,Field Operations / Meter Testing,Field Operations / Meter Testing,96.16,100-90% Very High,Correct
Water Logging The making it impossible for us to access and check the meter,Field Operations / Meter Testing,Field Operations / Meter Testing,96.16,100-90% Very High,Correct
water logging at site,Field Operations / Meter Testing,Field Operations / Meter Testing,97.38,100-90% Very High,Correct
Work Already Done on same notifications but on different latest Service Order,Scheduling / Field Dispatch Team,Field Operations / Meter Testing,64.43,75-50% Medium,Wrong
Water Logging The making it impossible for us to access and check the meter,Field Operations / Meter Testing,Field Operations / Meter Testing,96.16,100-90% Very High,Correct
Water Logging The making it impossible for us to access and check the meter,Field Operations / Meter Testing,Field Operations / Meter Testing,96.16,100-90% Very High,Correct
Water logging found near site so meter could not be tested at site,Field Operations / Meter Testing,Field Operations / Meter Testing,97.38,100-90% Very High,Correct
water logging at site,Field Operations / Meter Testing,Field Operations / Meter Testing,97.38,100-90% Very High,Correct
Rain water logging at the time of testing so meter could not be test discuss with consumer sh Dhruv on phone no,Field Operations / Meter Testing,Field Operations / Meter Testing,93.9,100-90% Very High,Correct
Water logging on the way at the time of testing so meter could not be test,Field Operations / Meter Testing,Field Operations / Meter Testing,95.77,100-90% Very High,Correct
Consumer refused to test the meter,Back-Office / Administrative Operations,Back-Office / Administrative Operations,96.45,100-90% Very High,Correct
Consumer refused to test the meter so meter could not be tested at site,Back-Office / Administrative Operations,Back-Office / Administrative Operations,94.74,100-90% Very High,Correct
Consumer refused to test the meter so meter could not be tested at site counsmer name Ajay Phone no,Back-Office / Administrative Operations,Back-Office / Administrative Operations,92.68,100-90% Very High,Correct
consumer refuse for meter testing CONSUMER HARSHKRIT,Back-Office / Administrative Operations,Back-Office / Administrative Operations,92.36,100-90% Very High,Correct
Consumer refused to test the meter so meter could not be tested at site,Back-Office / Administrative Operations,Back-Office / Administrative Operations,94.74,100-90% Very High,Correct
Consumer refused to test the meter So meter could not be tested at site,Back-Office / Administrative Operations,Back-Office / Administrative Operations,94.74,100-90% Very High,Correct
consumer refused to meter testing so meter could not be tasted,Back-Office / Administrative Operations,Back-Office / Administrative Operations,93.52,100-90% Very High,Correct
Consumer refused to test the meter,Back-Office / Administrative Operations,Back-Office / Administrative Operations,96.45,100-90% Very High,Correct
consumer refuse for meter testing,Back-Office / Administrative Operations,Back-Office / Administrative Operations,91.55,100-90% Very High,Correct
consumer refused to meter testing so could not be meter tested,Back-Office / Administrative Operations,Back-Office / Administrative Operations,96.16,100-90% Very High,Correct
Consumer refused to test the meter,Back-Office / Administrative Operations,Back-Office / Administrative Operations,96.45,100-90% Very High,Correct
As per discussion with consumer Mr priya swami consumer refused to test the meter,Back-Office / Administrative Operations,Back-Office / Administrative Operations,91.8,100-90% Very High,Correct
As per discussion with consumer mrs harinder kaur consumer refused to test the meter,Back-Office / Administrative Operations,Back-Office / Administrative Operations,91.69,100-90% Very High,Correct
Consumer refused to test the meter so meter could not be tested at site,Back-Office / Administrative Operations,Back-Office / Administrative Operations,94.74,100-90% Very High,Correct
As per discussion with consumer consumer refused to test the meter,Back-Office / Administrative Operations,Back-Office / Administrative Operations,97.89,100-90% Very High,Correct
As per discussion with consumer mrs vandana goyal consumer refused to test the meter,Back-Office / Administrative Operations,Back-Office / Administrative Operations,91.69,100-90% Very High,Correct
consumer refused due to wrong complaint done by mistake,Back-Office / Administrative Operations,Back-Office / Administrative Operations,38.96,Below 50% Low,Correct
As per discussion with consumer Mr Subhash consumer refused to test the meter,Back-Office / Administrative Operations,Back-Office / Administrative Operations,92.77,100-90% Very High,Correct
as per site visit consumer hardly refuse for meter testing,Back-Office / Administrative Operations,Back-Office / Administrative Operations,92.06,100-90% Very High,Correct
Consumer refused to test the meter,Back-Office / Administrative Operations,Back-Office / Administrative Operations,96.45,100-90% Very High,Correct
Consumer refused to test the meter,Back-Office / Administrative Operations,Back-Office / Administrative Operations,96.45,100-90% Very High,Correct
Consumer refused to test the meter sunil Kumar,Back-Office / Administrative Operations,Back-Office / Administrative Operations,66.02,75-50% Medium,Correct
consumer refuse for meter testing mobile no,Back-Office / Administrative Operations,Back-Office / Administrative Operations,85.67,90-75% High,Correct
Consumer refused to test the meter so meter could not be tested at site,Back-Office / Administrative Operations,Back-Office / Administrative Operations,94.74,100-90% Very High,Correct
Consumer refused to test the meter so meter could not be tested at site,Back-Office / Administrative Operations,Back-Office / Administrative Operations,94.74,100-90% Very High,Correct
consumer refused to test the meter,Back-Office / Administrative Operations,Back-Office / Administrative Operations,96.45,100-90% Very High,Correct
consumer refused to meter testing so meter could not be tested,Back-Office / Administrative Operations,Back-Office / Administrative Operations,96.16,100-90% Very High,Correct
consumer refused to meter testing so could not be meter tasted,Back-Office / Administrative Operations,Back-Office / Administrative Operations,93.52,100-90% Very High,Correct
Consumer refused to test the meter so meter could not be tested at site,Back-Office / Administrative Operations,Back-Office / Administrative Operations,94.74,100-90% Very High,Correct
Consumer refused to test the meter,Back-Office / Administrative Operations,Back-Office / Administrative Operations,96.45,100-90% Very High,Correct
consumer refused to meter testing so meter could not be tested,Back-Office / Administrative Operations,Back-Office / Administrative Operations,96.16,100-90% Very High,Correct
As per discussion with consumer Mr Anoop Kumar contact no consumer refused to test the meter,Back-Office / Administrative Operations,Back-Office / Administrative Operations,91.47,100-90% Very High,Correct
second time site visited consumer hardly refuse for meter testing,Back-Office / Administrative Operations,Back-Office / Administrative Operations,57.05,75-50% Medium,Correct
Consumer refused to test the meter,Back-Office / Administrative Operations,Back-Office / Administrative Operations,96.45,100-90% Very High,Correct
Consumer refused to meter testing so could not be meter tasted,Back-Office / Administrative Operations,Back-Office / Administrative Operations,93.52,100-90% Very High,Correct
Consumer refused to meter testing so meter could not be test,Back-Office / Administrative Operations,Back-Office / Administrative Operations,95.98,100-90% Very High,Correct
Consumer refused to meter testing so could not be meter tasted,Back-Office / Administrative Operations,Back-Office / Administrative Operations,93.52,100-90% Very High,Correct
consumer refused to test the meter,Back-Office / Administrative Operations,Back-Office / Administrative Operations,96.45,100-90% Very High,Correct
Consumer refused to test the meter so meter could not be tested at site,Back-Office / Administrative Operations,Back-Office / Administrative Operations,94.74,100-90% Very High,Correct
Consumer refused to test the meter,Back-Office / Administrative Operations,Back-Office / Administrative Operations,96.45,100-90% Very High,Correct
Consumer refused to test the meter so meter could not be tested at site,Back-Office / Administrative Operations,Back-Office / Administrative Operations,94.74,100-90% Very High,Correct
Consumer refused to test the meter so meter could not be tested at site,Back-Office / Administrative Operations,Back-Office / Administrative Operations,94.74,100-90% Very High,Correct
Consumer refused for meter testing hence meter couldnt be tested Contacted Person Pinki Bansal,Back-Office / Administrative Operations,Back-Office / Administrative Operations,70.23,75-50% Medium,Correct
Consumer refused to test the meter so meter could not be tested at site,Back-Office / Administrative Operations,Back-Office / Administrative Operations,94.74,100-90% Very High,Correct
Consumer refused to test the meter so meter could not be tested at site,Back-Office / Administrative Operations,Back-Office / Administrative Operations,94.74,100-90% Very High,Correct
Consumer refused to test the meter so meter could not be tested at site,Back-Office / Administrative Operations,Back-Office / Administrative Operations,94.74,100-90% Very High,Correct
Consumer refused to test the meter,Back-Office / Administrative Operations,Back-Office / Administrative Operations,96.45,100-90% Very High,Correct
consumer refused to meter testing time visit this site all time misbehave abusing me,Back-Office / Administrative Operations,Back-Office / Administrative Operations,91.83,100-90% Very High,Correct
Consumer sh Rahul Refused meter testing at the time of testing so meter could not be test,Back-Office / Administrative Operations,Back-Office / Administrative Operations,52.68,75-50% Medium,Correct
Consumer refused to test the meter so meter could not be tested at site,Back-Office / Administrative Operations,Back-Office / Administrative Operations,94.74,100-90% Very High,Correct
Consumer refused to test the meter so meter could not be tested at site,Back-Office / Administrative Operations,Back-Office / Administrative Operations,94.74,100-90% Very High,Correct
Consumer refused to test the meter so meter could not be tested at site,Back-Office / Administrative Operations,Back-Office / Administrative Operations,94.74,100-90% Very High,Correct
Consumer Refused To Meter Testing So Meter Could Not Be Tested,Back-Office / Administrative Operations,Back-Office / Administrative Operations,96.16,100-90% Very High,Correct
As per discussion with consumer mrs Reena singhla consumer refused to test the meter,Back-Office / Administrative Operations,Back-Office / Administrative Operations,91.7,100-90% Very High,Correct
Consumer refused to test the meter so meter could not be tested at site,Back-Office / Administrative Operations,Back-Office / Administrative Operations,94.74,100-90% Very High,Correct
